Kerala,Alappuzha,Harippad,Other,Pulses,2,5200,5300,5250,18-Oct-11
Kerala,Alappuzha,Harippad,Other,Pulses,2,5000,5200,5100,19-Oct-11
Kerala,Alappuzha,Harippad,Other,Pulses,2,5000,5200,5100,20-Oct-11
Kerala,Alappuzha,Harippad,Other,Pulses,2,5000,5200,5100,21-Oct-11
Kerala,Alappuzha,Harippad,Other,Pulses,2,5000,5200,5100,24-Oct-11
Kerala,Alappuzha,Harippad,Other,Pulses,2,5000,5200,5100,25-Oct-11
Kerala,Alappuzha,Harippad,Other,Pulses,1.5,5000,5200,5100,27-Oct-11
Kerala,Alappuzha,Harippad,Other,Pulses,1.5,5000,5200,5100,28-Oct-11
Kerala,Alappuzha,Harippad,Other,Pulses,1.5,5000,5200,5100,29-Oct-11
Kerala,Alappuzha,Harippad,Other,Pulses,1.5,5000,5200,5100,31-Oct-11
Kerala,Alappuzha,Harippad,Other,Pulses,1.5,5000,5200,5100,2-Nov-11
Kerala,Alappuzha,Harippad,Other,Pulses,1,5000,5200,5100,8-Nov-11
Kerala,Alappuzha,Harippad,Other,Pulses,1,5200,5900,5550,9-Nov-11
Kerala,Alappuzha,Harippad,Other,Pulses,1,5200,5400,5300,10-Nov-11
Kerala,Alappuzha,Harippad,Other,Pulses,1.25,5200,5400,5300,11-Nov-11
Kerala,Alappuzha,Harippad,Other,Pulses,1,5200,5400,5300,14-Nov-11
Kerala,Alappuzha,Harippad,Other,Pulses,1,5200,5400,5300,15-Nov-11
Kerala,Alappuzha,Harippad,Other,Pulses,1,5200,5400,5300,16-Nov-11
Kerala,Alappuzha,Harippad,Other,Pulses,1,5200,5400,5300,17-Nov-11
Kerala,Alappuzha,Harippad,Other,Pulses,1,5200,5400,5300,18-Nov-11
Kerala,Alappuzha,Harippad,Other,Pulses,3.6,5200,5400,5300,19-Nov-11
Kerala,Alappuzha,Harippad,Other,Pulses,3,5200,5400,5300,21-Nov-11
Kerala,Alappuzha,Harippad,Other,Pulses,1,5200,5400,5300,22-Nov-11
Kerala,Alappuzha,Harippad,Other,Pulses,2.5,5200,5400,5300,23-Nov-11
Kerala,Alappuzha,Harippad,Other,Pulses,2,5200,5400,5300,24-Nov-11
Kerala,Alappuzha,Harippad,Other,Pulses,2,5200,5400,5300,25-Nov-11
Kerala,Alappuzha,Harippad,Other,Pulses,2,5200,5400,5300,26-Nov-11
Kerala,Alappuzha,Harippad,Other,Pulses,2,5200,5400,5300,28-Nov-11
Kerala,Alappuzha,Harippad,Other,Pulses,1,5200,5400,5300,30-Nov-11
Kerala,Alappuzha,Harippad,Other,Pulses,2,5200,5400,5300,1-Dec-11
Kerala,Alappuzha,Harippad,Other,Pulses,2,5200,5400,5300,2-Dec-11
Kerala,Alappuzha,Harippad,Other,Pulses,2,5200,5400,5300,3-Dec-11
Kerala,Alappuzha,Harippad,Other,Pulses,1.5,5200,5400,5300,6-Dec-11
Kerala,Alappuzha,Harippad,Other,Pulses,2,5200,5400,5300,7-Dec-11
Kerala,Alappuzha,Harippad,Other,Pulses,2,5200,5400,5300,8-Dec-11
Kerala,Alappuzha,Harippad,Other,Pulses,2,5200,5400,5300,9-Dec-11
Kerala,Alappuzha,Harippad,Other,Pulses,2,5200,5400,5300,12-Dec-11
Kerala,Alappuzha,Harippad,Other,Pulses,2,5200,5400,5300,13-Dec-11
Kerala,Alappuzha,Harippad,Other,Pulses,1,5200,5400,5300,14-Dec-11
Kerala,Alappuzha,Harippad,Other,Pulses,1,5200,5400,5300,15-Dec-11
Kerala,Alappuzha,Harippad,Other,Pulses,1,5200,5400,5300,16-Dec-11
Kerala,Alappuzha,Harippad,Other,Pulses,2,5200,5400,5300,17-Dec-11
Kerala,Alappuzha,Harippad,Other,Pulses,1,5200,5400,5300,19-Dec-11
Kerala,Alappuzha,Harippad,Other,Pulses,1,5200,5400,5300,20-Dec-11
Kerala,Alappuzha,Harippad,Other,Pulses,1,5200,5400,5300,21-Dec-11
Kerala,Alappuzha,Harippad,Other,Pulses,1,5200,5400,5300,22-Dec-11
Kerala,Alappuzha,Harippad,Other,Pulses,1,5200,5400,5300,23-Dec-11
Kerala,Alappuzha,Harippad,Other,Pulses,1,5200,5400,5300,24-Dec-11
Kerala,Alappuzha,Harippad,Other,Pulses,1,5200,5400,5300,26-Dec-11
Kerala,Alappuzha,Harippad,Other,Pulses,1,5200,5400,5300,27-Dec-11
Kerala,Alappuzha,Harippad,Other,Pulses,1,5200,5400,5300,28-Dec-11
Kerala,Alappuzha,Harippad,Other,Pulses,1,5200,5400,5300,29-Dec-11
Kerala,Alappuzha,Harippad,Other,Pulses,1,5200,5400,5300,30-Dec-11
Kerala,Alappuzha,Harippad,Other,Pulses,1,5200,5400,5300,31-Dec-11
Kerala,Alappuzha,Harippad,Other,Pulses,1,5200,5400,5300,2-Jan-12
Kerala,Alappuzha,Harippad,Other,Pulses,1,5200,5400,5300,3-Jan-12
Kerala,Alappuzha,Harippad,Other,Pulses,1,5200,5400,5300,4-Jan-12
Kerala,Alappuzha,Harippad,Other,Pulses,1,5200,5400,5300,5-Jan-12
Kerala,Alappuzha,Harippad,Other,Pulses,1,5200,5400,5300,6-Jan-12
Kerala,Alappuzha,Harippad,Other,Pulses,1,5200,5400,5300,7-Jan-12
Kerala,Alappuzha,Harippad,Other,Pulses,1,5200,5400,5300,9-Jan-12
Kerala,Alappuzha,Harippad,Other,Pulses,2,5300,5400,5350,11-Jan-12
Kerala,Alappuzha,Harippad,Other,Pulses,2,5300,5400,5350,12-Jan-12
Kerala,Alappuzha,Harippad,Other,Pulses,2,5300,5400,5350,13-Jan-12
Kerala,Alappuzha,Harippad,Other,Pulses,2,5300,5400,5350,16-Jan-12
Kerala,Alappuzha,Harippad,Other,Pulses,2,5300,5400,5350,17-Jan-12
Kerala,Alappuzha,Harippad,Other,Pulses,1,5300,5400,5350,18-Jan-12
Kerala,Alappuzha,Harippad,Other,Pulses,1,5300,5400,5350,19-Jan-12
Kerala,Alappuzha,Harippad,Other,Pulses,1,5300,5400,5350,20-Jan-12
Kerala,Alappuzha,Harippad,Other,Pulses,1,5300,5400,5350,21-Jan-12
Kerala,Alappuzha,Harippad,Other,Pulses,2,5300,5400,5350,23-Jan-12
Kerala,Alappuzha,Harippad,Other,Pulses,2,5300,5400,5350,24-Jan-12
Kerala,Alappuzha,Harippad,Other,Pulses,2,5300,5400,5350,25-Jan-12
Kerala,Alappuzha,Harippad,Other,Pulses,1,5300,5400,5350,28-Jan-12
Kerala,Alappuzha,Harippad,Other,Pulses,2,5300,5400,5350,30-Jan-12
Kerala,Alappuzha,Harippad,Other,Pulses,2,5300,5400,5350,31-Jan-12
Kerala,Alappuzha,Harippad,Other,Pulses,2,5300,5400,5350,1-Feb-12
Kerala,Alappuzha,Harippad,Other,Pulses,2,5300,5400,5350,2-Feb-12
Kerala,Alappuzha,Harippad,Other,Pulses,2,5300,5400,5350,3-Feb-12
Kerala,Alappuzha,Harippad,Other,Pulses,2,5300,5400,5350,4-Feb-12
Kerala,Alappuzha,Harippad,Other,Pulses,1,5300,5400,5350,6-Feb-12
Kerala,Alappuzha,Harippad,Other,Pulses,2,5300,5400,5350,7-Feb-12
Kerala,Alappuzha,Harippad,Other,Pulses,1,5300,5400,5350,8-Feb-12
Kerala,Alappuzha,Harippad,Other,Pulses,2,5300,5400,5350,9-Feb-12
Kerala,Alappuzha,Harippad,Other,Pulses,1,5300,5400,5350,10-Feb-12
Kerala,Alappuzha,Harippad,Other,Pulses,2,5300,5400,5350,13-Feb-12
Kerala,Alappuzha,Harippad,Other,Pulses,2,5300,5400,5350,14-Feb-12
Kerala,Alappuzha,Harippad,Other,Pulses,2,5300,5400,5350,15-Feb-12
Kerala,Alappuzha,Harippad,Other,Pulses,2,5300,5400,5350,16-Feb-12
Kerala,Alappuzha,Harippad,Other,Pulses,2,5300,5400,5350,17-Feb-12
Kerala,Alappuzha,Harippad,Other,Pulses,2,5300,5400,5350,18-Feb-12
Kerala,Alappuzha,Harippad,Other,Pulses,2,5300,5400,5350,21-Feb-12
Kerala,Alappuzha,Harippad,Other,Pulses,2,5300,5400,5350,23-Feb-12
Kerala,Alappuzha,Harippad,Other,Pulses,2,5300,5400,5350,24-Feb-12
Kerala,Alappuzha,Harippad,Other,Pulses,2,5300,5400,5350,25-Feb-12
Kerala,Alappuzha,Harippad,Other,Pulses,2,5300,5400,5350,1-Mar-12
Kerala,Alappuzha,Harippad,Other,Pulses,2,4900,5000,4950,2-Mar-12
Kerala,Alappuzha,Harippad,Other,Pulses,2,4900,5000,4950,3-Mar-12
Kerala,Alappuzha,Harippad,Other,Pulses,2,4900,5000,4950,5-Mar-12
Kerala,Alappuzha,Harippad,Other,Pulses,1,4900,5000,4950,6-Mar-12
Kerala,Alappuzha,Harippad,Other,Pulses,1,4900,5000,4950,7-Mar-12
Kerala,Alappuzha,Harippad,Other,Pulses,1,4900,5000,4950,8-Mar-12
Kerala,Alappuzha,Harippad,Other,Pulses,1,4900,5000,4950,9-Mar-12
Kerala,Alappuzha,Harippad,Other,Pulses,1,4900,5000,4950,12-Mar-12
Kerala,Alappuzha,Harippad,Other,Pulses,1,4900,5000,4950,13-Mar-12
Kerala,Alappuzha,Harippad,Other,Pulses,1,4900,5000,4950,14-Mar-12
Kerala,Alappuzha,Harippad,Other,Pulses,0.5,4900,5000,4950,15-Mar-12
Kerala,Alappuzha,Harippad,Other,Pulses,1,4900,5000,4950,16-Mar-12
Kerala,Alappuzha,Harippad,Other,Pulses,1,4900,5000,4950,17-Mar-12
Kerala,Alappuzha,Harippad,Other,Pulses,1,4900,5000,4950,19-Mar-12
Kerala,Alappuzha,Harippad,Other,Pulses,1,4900,5000,4950,20-Mar-12
Kerala,Alappuzha,Harippad,Other,Pulses,1,4900,5000,4950,21-Mar-12
Kerala,Alappuzha,Harippad,Other,Pulses,1,4900,5000,4950,22-Mar-12
Kerala,Alappuzha,Harippad,Other,Pulses,1,4900,5000,4950,23-Mar-12
Kerala,Alappuzha,Harippad,Other,Pulses,1,4900,5000,4950,24-Mar-12
Kerala,Alappuzha,Harippad,Other,Pulses,1,4900,5000,4950,26-Mar-12
Kerala,Alappuzha,Harippad,Other,Pulses,1,4900,5000,4950,27-Mar-12
Kerala,Alappuzha,Harippad,Other,Pulses,1,4900,5000,4950,28-Mar-12
Kerala,Alappuzha,Harippad,Other,Pulses,1,4900,5000,4950,29-Mar-12
Kerala,Alappuzha,Harippad,Other,Pulses,1,4900,5000,4950,30-Mar-12
Kerala,Alappuzha,Harippad,Other,Pulses,1,4900,5000,4950,31-Mar-12
Kerala,Alappuzha,Harippad,Other,Pulses,1,4900,5000,4950,2-Apr-12
Kerala,Alappuzha,Harippad,Other,Pulses,1,4900,5000,4950,3-Apr-12
Kerala,Alappuzha,Harippad,Other,Pulses,1,4900,5000,4950,4-Apr-12
Kerala,Alappuzha,Harippad,Other,Pulses,1,4900,5000,4950,7-Apr-12
Kerala,Alappuzha,Harippad,Other,Pulses,1,4900,5000,4950,9-Apr-12
Kerala,Alappuzha,Harippad,Other,Pulses,1,4900,5000,4950,10-Apr-12
Kerala,Alappuzha,Harippad,Other,Pulses,1,4900,5000,4950,11-Apr-12
Kerala,Alappuzha,Harippad,Other,Pulses,1,4900,5000,4950,12-Apr-12
Kerala,Alappuzha,Harippad,Other,Pulses,1,4900,5000,4950,13-Apr-12
Kerala,Alappuzha,Harippad,Other,Pulses,1,4900,5000,4950,16-Apr-12
Kerala,Alappuzha,Harippad,Other,Pulses,2,5200,5400,5300,17-Apr-12
Kerala,Alappuzha,Harippad,Other,Pulses,1,5200,5400,5300,18-Apr-12
Kerala,Alappuzha,Harippad,Other,Pulses,1,5200,5400,5300,19-Apr-12
Kerala,Alappuzha,Harippad,Other,Pulses,1,5200,5400,5300,20-Apr-12
Kerala,Alappuzha,Harippad,Other,Pulses,2,5200,5400,5300,21-Apr-12
Kerala,Alappuzha,Harippad,Other,Pulses,1,5200,5400,5300,23-Apr-12
Kerala,Alappuzha,Harippad,Other,Pulses,1,5200,5400,5300,24-Apr-12
Kerala,Alappuzha,Harippad,Other,Pulses,2,5200,5400,5300,25-Apr-12
Kerala,Alappuzha,Harippad,Other,Pulses,2,5200,5400,5300,26-Apr-12
Kerala,Alappuzha,Harippad,Other,Pulses,1,5200,5400,5300,27-Apr-12
Kerala,Alappuzha,Harippad,Other,Pulses,1,5200,5400,5300,28-Apr-12
Kerala,Alappuzha,Harippad,Other,Pulses,1,5200,5400,5300,30-Apr-12
Kerala,Alappuzha,Harippad,Other,Pulses,1,5200,5400,5300,2-May-12
Kerala,Alappuzha,Harippad,Other,Pulses,2,5200,5400,5300,3-May-12
Kerala,Alappuzha,Harippad,Other,Pulses,1,5200,5400,5300,4-May-12
Kerala,Alappuzha,Harippad,Other,Pulses,1,5200,5400,5300,7-May-12
Kerala,Alappuzha,Harippad,Other,Pulses,1,5200,5400,5300,8-May-12
Kerala,Alappuzha,Harippad,Other,Pulses,1,5200,5400,5300,9-May-12
Kerala,Alappuzha,Harippad,Other,Pulses,1,5200,5400,5300,10-May-12
Kerala,Alappuzha,Harippad,Other,Pulses,1,5200,5400,5300,10-May-12
Kerala,Alappuzha,Harippad,Other,Pulses,1,5200,5400,5300,11-May-12
Kerala,Alappuzha,Harippad,Other,Pulses,1,5200,5400,5300,14-May-12
Kerala,Alappuzha,Harippad,Other,Pulses,1,5200,5400,5300,15-May-12
Kerala,Alappuzha,Harippad,Other,Pulses,1,5200,5400,5300,16-May-12
Kerala,Alappuzha,Harippad,Other,Pulses,2,5200,5400,5300,17-May-12
Kerala,Alappuzha,Harippad,Other,Pulses,2,5200,5400,5300,18-May-12
Kerala,Alappuzha,Harippad,Other,Pulses,1,5200,5400,5300,19-May-12
Kerala,Alappuzha,Harippad,Other,Pulses,1,5200,5400,5300,21-May-12
Kerala,Alappuzha,Harippad,Other,Pulses,0.5,5200,5400,5300,22-May-12
Kerala,Alappuzha,Harippad,Other,Pulses,1,5200,5400,5300,23-May-12
Kerala,Alappuzha,Harippad,Other,Pulses,0.5,5200,5400,5300,25-May-12
Kerala,Alappuzha,Harippad,Other,Pulses,1,5200,5400,5300,26-May-12
Kerala,Alappuzha,Harippad,Other,Pulses,1,5200,5400,5300,28-May-12
Kerala,Alappuzha,Harippad,Other,Pulses,1,5200,5400,5300,29-May-12
Kerala,Alappuzha,Harippad,Other,Pulses,1,5200,5400,5300,30-May-12
Kerala,Alappuzha,Harippad,Other,Pulses,1,5200,5500,5400,31-May-12
Kerala,Alappuzha,Harippad,Other,Pulses,1,5200,5500,5400,1-Jun-12
Kerala,Alappuzha,Harippad,Other,Pulses,1,5200,5500,5400,2-Jun-12
Kerala,Alappuzha,Harippad,Other,Pulses,1,5200,5600,5500,4-Jun-12
Kerala,Alappuzha,Harippad,Other,Pulses,1,5200,5600,5500,5-Jun-12
Kerala,Alappuzha,Harippad,Other,Pulses,1,5200,5600,5500,6-Jun-12
Kerala,Alappuzha,Harippad,Other,Pulses,1,5200,5600,5500,7-Jun-12
Kerala,Alappuzha,Harippad,Other,Pulses,0.5,5200,5500,5400,8-Jun-12
Kerala,Alappuzha,Harippad,Other,Pulses,1,5200,5600,5500,11-Jun-12
Kerala,Alappuzha,Harippad,Other,Pulses,1,5200,5600,5500,12-Jun-12
Kerala,Alappuzha,Harippad,Other,Pulses,1,5200,5600,5500,13-Jun-12
Kerala,Alappuzha,Harippad,Other,Pulses,0.5,5200,5600,5500,14-Jun-12
Kerala,Alappuzha,Harippad,Other,Pulses,1,5200,5600,5500,15-Jun-12
Kerala,Alappuzha,Harippad,Other,Pulses,1,5200,5600,5500,16-Jun-12
Kerala,Alappuzha,Harippad,Other,Pulses,1,5200,5600,5500,18-Jun-12
Kerala,Alappuzha,Harippad,Other,Pulses,1,5200,5600,5500,19-Jun-12
Kerala,Alappuzha,Harippad,Other,Pulses,1,5200,5600,5500,20-Jun-12
Kerala,Alappuzha,Harippad,Other,Pulses,1,5200,5600,5500,21-Jun-12
Kerala,Alappuzha,Harippad,Other,Pulses,1,5200,5600,5500,22-Jun-12
Kerala,Alappuzha,Harippad,Other,Pulses,1,5200,5800,5600,23-Jun-12
Kerala,Alappuzha,Harippad,Other,Pulses,1,5200,5800,5700,25-Jun-12
Kerala,Alappuzha,Harippad,Other,Pulses,1,5200,5800,5700,26-Jun-12
Kerala,Alappuzha,Harippad,Other,Pulses,1,5200,5800,5700,27-Jun-12
Kerala,Alappuzha,Harippad,Other,Pulses,1,5200,5800,5700,28-Jun-12
Kerala,Alappuzha,Harippad,Other,Pulses,1,5200,5800,5700,29-Jun-12
Kerala,Alappuzha,Harippad,Other,Pulses,1,5200,6000,5900,30-Jun-12
Kerala,Alappuzha,Harippad,Other,Pulses,1,5200,5800,5600,2-Jul-12
Kerala,Alappuzha,Harippad,Other,Pulses,1,5200,5800,5600,3-Jul-12
Kerala,Alappuzha,Harippad,Other,Pulses,1,5200,5800,5700,4-Jul-12
Kerala,Alappuzha,Harippad,Other,Pulses,1,5200,5800,5700,5-Jul-12
Kerala,Alappuzha,Harippad,Other,Pulses,1,5200,5800,5700,6-Jul-12
Kerala,Alappuzha,Harippad,Other,Pulses,1,5200,5800,5700,7-Jul-12
Kerala,Alappuzha,Harippad,Other,Pulses,1,5200,5800,5700,9-Jul-12
Kerala,Alappuzha,Harippad,Other,Pulses,1,5200,5800,5700,10-Jul-12
Kerala,Alappuzha,Harippad,Other,Pulses,1,5200,5800,5700,11-Jul-12
Kerala,Alappuzha,Harippad,Other,Pulses,1,6000,6000,6000,12-Jul-12
Kerala,Alappuzha,Harippad,Other,Pulses,2,6000,6000,6000,13-Jul-12
Kerala,Alappuzha,Harippad,Other,Pulses,1,6000,6000,6000,16-Jul-12
Kerala,Alappuzha,Harippad,Other,Pulses,1,6000,6000,6000,19-Jul-12
Kerala,Alappuzha,Harippad,Other,Pulses,1,6000,6000,6000,20-Jul-12
Kerala,Alappuzha,Harippad,Other,Pulses,1,6000,6000,6000,21-Jul-12
Kerala,Alappuzha,Harippad,Other,Pulses,1,6000,6000,6000,23-Jul-12
Kerala,Alappuzha,Harippad,Other,Pulses,1,6000,6000,6000,24-Jul-12
Kerala,Alappuzha,Harippad,Other,Pulses,1,6000,6000,6000,25-Jul-12
Kerala,Alappuzha,Harippad,Other,Pulses,1,6000,6000,6000,26-Jul-12
Kerala,Alappuzha,Harippad,Other,Pulses,1,6400,6500,6500,27-Jul-12
Kerala,Alappuzha,Harippad,Other,Pulses,1,6400,6500,6500,28-Jul-12
Kerala,Alappuzha,Harippad,Other,Pulses,1,6400,6500,6500,30-Jul-12
Kerala,Alappuzha,Harippad,Other,Pulses,1,6400,6500,6450,31-Jul-12
Kerala,Alappuzha,Harippad,Other,Pulses,1,6400,6500,6500,1-Aug-12
Kerala,Alappuzha,Harippad,Other,Pulses,1,6500,6800,6700,3-Aug-12
Kerala,Alappuzha,Harippad,Other,Pulses,1,6500,6800,6700,4-Aug-12
Kerala,Alappuzha,Harippad,Other,Pulses,1,6500,6800,6700,6-Aug-12
Kerala,Alappuzha,Harippad,Other,Pulses,1,6500,6800,6700,7-Aug-12
Kerala,Alappuzha,Harippad,Other,Pulses,1,6500,6800,6800,8-Aug-12
Kerala,Alappuzha,Harippad,Other,Pulses,1,6500,6800,6700,9-Aug-12
Kerala,Alappuzha,Harippad,Other,Pulses,1,6500,6800,6700,10-Aug-12
Kerala,Alappuzha,Harippad,Other,Pulses,1,6500,6800,6700,13-Aug-12
Kerala,Alappuzha,Harippad,Other,Pulses,1,6500,6800,6700,14-Aug-12
Kerala,Alappuzha,Harippad,Other,Pulses,1,6500,6800,6700,16-Aug-12
Kerala,Alappuzha,Harippad,Other,Pulses,1,6500,6800,6700,17-Aug-12
Kerala,Alappuzha,Harippad,Other,Pulses,2,6500,6800,6700,18-Aug-12
Kerala,Alappuzha,Harippad,Other,Pulses,1,6500,6800,6700,21-Aug-12
Kerala,Alappuzha,Harippad,Other,Pulses,1,6800,7000,6900,22-Aug-12
Kerala,Alappuzha,Harippad,Other,Pulses,1,6800,7000,6900,24-Aug-12
Kerala,Alappuzha,Harippad,Other,Pulses,1,6500,6800,6700,25-Aug-12
Kerala,Alappuzha,Harippad,Other,Pulses,1,6800,7000,6900,27-Aug-12
Kerala,Alappuzha,Harippad,Other,Pulses,1,6800,7000,7000,1-Sep-12
Kerala,Alappuzha,Harippad,Other,Pulses,1,6800,7000,6900,3-Sep-12
Kerala,Alappuzha,Harippad,Other,Pulses,1,6800,7000,6900,4-Sep-12
Kerala,Alappuzha,Harippad,Other,Pulses,1,7000,7100,7100,5-Sep-12
Kerala,Alappuzha,Harippad,Other,Pulses,1,7000,7100,7100,6-Sep-12
Kerala,Alappuzha,Harippad,Other,Pulses,1,7000,7100,7100,7-Sep-12
Kerala,Alappuzha,Harippad,Other,Pulses,1,7000,7100,7100,10-Sep-12
Kerala,Alappuzha,Harippad,Other,Pulses,1,7000,7100,7100,11-Sep-12
Kerala,Alappuzha,Harippad,Other,Pulses,1,7000,7100,7100,12-Sep-12
Kerala,Alappuzha,Harippad,Other,Pulses,1,7000,7100,7100,13-Sep-12
Kerala,Alappuzha,Harippad,Other,Pulses,1,7000,7100,7100,14-Sep-12
Kerala,Alappuzha,Harippad,Other,Pulses,1,7000,7100,7100,17-Sep-12
Kerala,Alappuzha,Harippad,Other,Pulses,1,7000,7100,7100,18-Sep-12
Kerala,Alappuzha,Harippad,Other,Pulses,1,7000,7100,7100,19-Sep-12
Kerala,Alappuzha,Harippad,Other,Pulses,1,7000,7100,7100,20-Sep-12
Kerala,Alappuzha,Harippad,Other,Pulses,1,7000,7100,7100,22-Sep-12
Kerala,Alappuzha,Harippad,Other,Pulses,1,7000,7100,7100,24-Sep-12
Kerala,Alappuzha,Harippad,Other,Pulses,1,7000,7100,7100,25-Sep-12
Kerala,Alappuzha,Harippad,Other,Pulses,1,7000,7100,7100,26-Sep-12
Kerala,Alappuzha,Harippad,Other,Pulses,1,7000,7100,7100,27-Sep-12
Kerala,Alappuzha,Harippad,Other,Pulses,1,7000,7100,7100,28-Sep-12
Kerala,Alappuzha,Harippad,Other,Pulses,1,7000,7100,7000,1-Oct-12
Kerala,Alappuzha,Harippad,Other,Pulses,1,7100,7100,7100,4-Oct-12
Kerala,Alappuzha,Harippad,Other,Pulses,1,6900,7000,7000,5-Oct-12
Kerala,Alappuzha,Harippad,Other,Pulses,1,7000,7100,7100,6-Oct-12
Kerala,Alappuzha,Harippad,Other,Pulses,1,6900,7100,7000,8-Oct-12
Kerala,Alappuzha,Harippad,Other,Pulses,1,6900,7000,7000,9-Oct-12
Kerala,Alappuzha,Harippad,Other,Pulses,2,6900,7000,7000,10-Oct-12
Kerala,Alappuzha,Harippad,Other,Pulses,1,6900,7000,7000,11-Oct-12
Kerala,Alappuzha,Harippad,Other,Pulses,1,6900,7000,7000,12-Oct-12
Kerala,Alappuzha,Harippad,Other,Pulses,1,6900,7000,6900,15-Oct-12
Kerala,Alappuzha,Harippad,Other,Pulses,1,6900,7000,7000,16-Oct-12
Kerala,Alappuzha,Harippad,Other,Pulses,1,6900,7000,7000,17-Oct-12
Kerala,Alappuzha,Harippad,Other,Pulses,1,6900,7000,7000,18-Oct-12
Kerala,Alappuzha,Harippad,Other,Pulses,1,6900,7000,7000,19-Oct-12
Kerala,Alappuzha,Harippad,Other,Pulses,1,6900,7000,7000,20-Oct-12
Kerala,Alappuzha,Harippad,Other,Pulses,0.5,6900,7000,7000,22-Oct-12
Kerala,Alappuzha,Harippad,Other,Pulses,1,6900,7000,7000,25-Oct-12
Kerala,Alappuzha,Harippad,Other,Pulses,0.5,6900,7000,7000,27-Oct-12
Kerala,Alappuzha,Harippad,Other,Pulses,1,6900,7000,7000,29-Oct-12
Kerala,Alappuzha,Harippad,Other,Pulses,0.5,6900,7000,7000,30-Oct-12
Kerala,Alappuzha,Harippad,Other,Pulses,0.5,6900,7000,7000,31-Oct-12
Kerala,Alappuzha,Harippad,Other,Pulses,1,6900,7000,7000,1-Nov-12
Kerala,Alappuzha,Harippad,Other,Pulses,1,6900,7000,7000,3-Nov-12
Kerala,Alappuzha,Harippad,Other,Pulses,1,6900,7000,7000,5-Nov-12
Kerala,Alappuzha,Harippad,Other,Pulses,1,6900,7000,7000,6-Nov-12
Kerala,Alappuzha,Harippad,Other,Pulses,1,6900,7000,7000,8-Nov-12
Kerala,Alappuzha,Harippad,Other,Pulses,1,6900,7000,7000,9-Nov-12
Kerala,Alappuzha,Harippad,Other,Pulses,2,6900,7000,7000,12-Nov-12
Kerala,Alappuzha,Harippad,Other,Pulses,1,6900,7000,7000,14-Nov-12
Kerala,Alappuzha,Harippad,Other,Pulses,0.5,6900,7000,7000,19-Nov-12
Kerala,Alappuzha,Harippad,Other,Pulses,1,7000,7000,7000,20-Nov-12
Kerala,Alappuzha,Harippad,Other,Pulses,1,6900,7000,7000,21-Nov-12
Kerala,Alappuzha,Harippad,Other,Pulses,1,6900,7000,7000,22-Nov-12
Kerala,Alappuzha,Harippad,Other,Pulses,0.5,1400,1500,1500,24-Nov-12
Kerala,Alappuzha,Harippad,Other,Pulses,0.35,1400,1600,1500,25-Nov-12
Kerala,Alappuzha,Harippad,Other,Pulses,0.5,1400,1500,1400,26-Nov-12
Kerala,Alappuzha,Harippad,Other,Pulses,0.5,1800,1800,1800,29-Nov-12
Kerala,Alappuzha,Harippad,Other,Pulses,0.5,1400,1400,1400,30-Nov-12
Kerala,Alappuzha,Harippad,Other,Pulses,0.5,1400,1400,1400,4-Dec-12
Kerala,Alappuzha,Harippad,Other,Pulses,0.4,11000,11000,11000,5-Dec-12
Kerala,Alappuzha,Harippad,Other,Pulses,0.4,11000,11000,11000,7-Dec-12
Kerala,Alappuzha,Harippad,Other,Pulses,0.5,11000,11000,11000,11-Dec-12
Kerala,Alappuzha,Harippad,Other,Pulses,0.2,1100,1100,1100,13-Dec-12
Kerala,Alappuzha,Harippad,Other,Pulses,0.5,12000,12000,12000,14-Dec-12
Kerala,Palakad,Palakkad,Kabuli Chana(Chickpeas-white),Pulses,1,8000,8500,8400,28-Jan-16
Kerala,Palakad,Palakkad,Kabuli Chana(Chickpeas-white),Pulses,1,8000,8500,8400,29-Jan-16
Kerala,Palakad,Palakkad,Kabuli Chana(Chickpeas-white),Pulses,1,8000,8500,8400,3-Feb-16
Kerala,Palakad,Palakkad,Kabuli Chana(Chickpeas-white),Pulses,1,8000,8500,8400,4-Feb-16
Kerala,Palakad,Palakkad,Kabuli Chana(Chickpeas-white),Pulses,1,8200,8800,8600,5-Feb-16
Kerala,Palakad,Kollengode,Kabuli Chana(Chickpeas-white),Pulses,0.04,8200,8450,8400,6-Feb-16
Kerala,Palakad,Palakkad,Kabuli Chana(Chickpeas-white),Pulses,1,8000,8500,8400,6-Feb-16
Kerala,Palakad,Palakkad,Kabuli Chana(Chickpeas-white),Pulses,1,8200,8800,8800,8-Feb-16
Kerala,Palakad,Palakkad,Kabuli Chana(Chickpeas-white),Pulses,1,8200,8800,8700,9-Feb-16
Kerala,Palakad,Kollengode,Kabuli Chana(Chickpeas-white),Pulses,0.05,8200,8450,8400,10-Feb-16
Kerala,Palakad,Palakkad,Kabuli Chana(Chickpeas-white),Pulses,1,8200,8800,8600,10-Feb-16
Kerala,Palakad,Palakkad,Kabuli Chana(Chickpeas-white),Pulses,1,8200,8800,8600,11-Feb-16
Kerala,Palakad,Palakkad,Kabuli Chana(Chickpeas-white),Pulses,1,8000,8500,8400,12-Feb-16
Kerala,Palakad,Kollengode,Kabuli Chana(Chickpeas-white),Pulses,0.04,8200,8450,8400,13-Feb-16
Kerala,Palakad,Palakkad,Kabuli Chana(Chickpeas-white),Pulses,1,8000,8500,8400,13-Feb-16
Kerala,Palakad,Palakkad,Kabuli Chana(Chickpeas-white),Pulses,1,8000,8500,8400,15-Feb-16
Kerala,Palakad,Kollengode,Kabuli Chana(Chickpeas-white),Pulses,0.05,7600,7850,7800,17-Feb-16
Kerala,Palakad,Palakkad,Kabuli Chana(Chickpeas-white),Pulses,1,8000,8500,8400,17-Feb-16
Kerala,Palakad,Palakkad,Kabuli Chana(Chickpeas-white),Pulses,1,8000,8500,8400,18-Feb-16
Kerala,Palakad,Vadakkenchery,Kabuli Chana(Chickpeas-white),Pulses,0.1,8300,8800,8550,18-Feb-16
Kerala,Palakad,Kollengode,Kabuli Chana(Chickpeas-white),Pulses,0.03,7700,8050,8000,20-Feb-16
Kerala,Palakad,Palakkad,Kabuli Chana(Chickpeas-white),Pulses,1,8000,8500,8400,20-Feb-16
Kerala,Palakad,Palakkad,Kabuli Chana(Chickpeas-white),Pulses,1,8000,8500,8400,22-Feb-16
Kerala,Palakad,Palakkad,Kabuli Chana(Chickpeas-white),Pulses,1,8000,8500,8400,23-Feb-16
Kerala,Palakad,Vadakkenchery,Kabuli Chana(Chickpeas-white),Pulses,0.15,8500,9000,8750,23-Feb-16
Kerala,Palakad,Kollengode,Kabuli Chana(Chickpeas-white),Pulses,0.04,8600,8850,8800,24-Feb-16
Kerala,Palakad,Palakkad,Kabuli Chana(Chickpeas-white),Pulses,1,8000,8500,8400,24-Feb-16
Kerala,Palakad,Palakkad,Kabuli Chana(Chickpeas-white),Pulses,1,8000,8500,8400,25-Feb-16
Kerala,Palakad,Vadakkenchery,Kabuli Chana(Chickpeas-white),Pulses,0.2,8500,9000,8750,25-Feb-16
Kerala,Palakad,Palakkad,Kabuli Chana(Chickpeas-white),Pulses,1,8000,8500,8400,26-Feb-16
Kerala,Palakad,Kollengode,Kabuli Chana(Chickpeas-white),Pulses,0.05,6300,6650,6600,27-Feb-16
Kerala,Palakad,Palakkad,Kabuli Chana(Chickpeas-white),Pulses,1,8000,8500,8400,27-Feb-16
Kerala,Palakad,Vadakkenchery,Kabuli Chana(Chickpeas-white),Pulses,0.15,8300,8800,8550,1-Mar-16
Kerala,Palakad,Kollengode,Kabuli Chana(Chickpeas-white),Pulses,0.05,6300,6550,6500,2-Mar-16
Kerala,Palakad,Vadakkenchery,Kabuli Chana(Chickpeas-white),Pulses,0.1,8300,8800,8550,3-Mar-16
Kerala,Palakad,Kollengode,Kabuli Chana(Chickpeas-white),Pulses,0.04,8200,8450,8400,5-Mar-16
Kerala,Palakad,Palakkad,Kabuli Chana(Chickpeas-white),Pulses,1,8000,8500,8400,5-Mar-16
Kerala,Palakad,Palakkad,Kabuli Chana(Chickpeas-white),Pulses,1,8000,8500,8400,8-Mar-16
Kerala,Palakad,Vadakkenchery,Kabuli Chana(Chickpeas-white),Pulses,0.15,8200,8800,8500,8-Mar-16
Kerala,Palakad,Kollengode,Kabuli Chana(Chickpeas-white),Pulses,0.05,6600,6850,6800,9-Mar-16
Kerala,Palakad,Palakkad,Kabuli Chana(Chickpeas-white),Pulses,1,8000,8500,8400,9-Mar-16
Kerala,Palakad,Vadakkenchery,Kabuli Chana(Chickpeas-white),Pulses,0.5,8500,9000,8750,9-Mar-16
Kerala,Palakad,Palakkad,Kabuli Chana(Chickpeas-white),Pulses,1,8000,8500,8400,10-Mar-16
Kerala,Palakad,Vadakkenchery,Kabuli Chana(Chickpeas-white),Pulses,0.05,8200,8600,8400,10-Mar-16
Kerala,Palakad,Palakkad,Kabuli Chana(Chickpeas-white),Pulses,1,8000,8500,8300,11-Mar-16
Kerala,Palakad,Vadakkenchery,Kabuli Chana(Chickpeas-white),Pulses,0.5,8200,8600,8400,11-Mar-16
Kerala,Palakad,Palakkad,Kabuli Chana(Chickpeas-white),Pulses,1,8000,8500,8400,12-Mar-16
Kerala,Palakad,Palakkad,Kabuli Chana(Chickpeas-white),Pulses,1,8000,8500,8400,14-Mar-16
Kerala,Palakad,Vadakkenchery,Kabuli Chana(Chickpeas-white),Pulses,0.17,8700,9500,9100,14-Mar-16
Kerala,Palakad,Palakkad,Kabuli Chana(Chickpeas-white),Pulses,1,8000,8500,8400,15-Mar-16
Kerala,Palakad,Vadakkenchery,Kabuli Chana(Chickpeas-white),Pulses,0.15,8000,8500,8250,15-Mar-16
Kerala,Palakad,Kollengode,Kabuli Chana(Chickpeas-white),Pulses,0.05,7700,8060,8000,16-Mar-16
Kerala,Palakad,Palakkad,Kabuli Chana(Chickpeas-white),Pulses,1,8000,8500,8400,16-Mar-16
Kerala,Palakad,Vadakkenchery,Kabuli Chana(Chickpeas-white),Pulses,0.1,8000,8400,8200,16-Mar-16
Kerala,Palakad,Palakkad,Kabuli Chana(Chickpeas-white),Pulses,1,8000,8500,8400,17-Mar-16
Kerala,Palakad,Vadakkenchery,Kabuli Chana(Chickpeas-white),Pulses,0.35,9000,9500,9250,17-Mar-16
Kerala,Palakad,Palakkad,Kabuli Chana(Chickpeas-white),Pulses,1,8000,8500,8400,18-Mar-16
Kerala,Palakad,Vadakkenchery,Kabuli Chana(Chickpeas-white),Pulses,0.3,9000,9500,9250,18-Mar-16
Kerala,Palakad,Kollengode,Kabuli Chana(Chickpeas-white),Pulses,0.04,7800,8050,8000,19-Mar-16
Kerala,Palakad,Palakkad,Kabuli Chana(Chickpeas-white),Pulses,1,8000,8500,8400,19-Mar-16
Kerala,Palakad,Vadakkenchery,Kabuli Chana(Chickpeas-white),Pulses,0.4,9000,9500,9250,19-Mar-16
Kerala,Palakad,Palakkad,Kabuli Chana(Chickpeas-white),Pulses,1,8000,8500,8400,21-Mar-16
Kerala,Palakad,Palakkad,Kabuli Chana(Chickpeas-white),Pulses,1,8000,8500,8400,22-Mar-16
Kerala,Palakad,Vadakkenchery,Kabuli Chana(Chickpeas-white),Pulses,0.3,9000,9500,9250,22-Mar-16
Kerala,Palakad,Kollengode,Kabuli Chana(Chickpeas-white),Pulses,0.04,7600,7850,7800,23-Mar-16
Kerala,Palakad,Vadakkenchery,Kabuli Chana(Chickpeas-white),Pulses,0.2,9000,9500,9250,23-Mar-16
Kerala,Palakad,Palakkad,Kabuli Chana(Chickpeas-white),Pulses,1,8000,8500,8400,24-Mar-16
Kerala,Palakad,Palakkad,Kabuli Chana(Chickpeas-white),Pulses,1,8000,8500,8400,25-Mar-16
Kerala,Palakad,Kollengode,Kabuli Chana(Chickpeas-white),Pulses,0.04,7500,7850,7800,26-Mar-16
Kerala,Palakad,Palakkad,Kabuli Chana(Chickpeas-white),Pulses,1,8000,8500,8400,26-Mar-16
Kerala,Palakad,Vadakkenchery,Kabuli Chana(Chickpeas-white),Pulses,0.2,9000,9500,9250,26-Mar-16
Kerala,Palakad,Palakkad,Kabuli Chana(Chickpeas-white),Pulses,1,8000,8500,8400,28-Mar-16
Kerala,Palakad,Vadakkenchery,Kabuli Chana(Chickpeas-white),Pulses,0.3,9000,9500,9250,28-Mar-16
Kerala,Palakad,Palakkad,Kabuli Chana(Chickpeas-white),Pulses,1,8000,8500,8400,29-Mar-16
Kerala,Palakad,Kollengode,Kabuli Chana(Chickpeas-white),Pulses,0.05,6500,6860,6800,30-Mar-16
Kerala,Palakad,Palakkad,Kabuli Chana(Chickpeas-white),Pulses,1,8000,8500,8400,30-Mar-16
Kerala,Palakad,Vadakkenchery,Kabuli Chana(Chickpeas-white),Pulses,0.3,9000,9500,9250,30-Mar-16
Kerala,Palakad,Palakkad,Kabuli Chana(Chickpeas-white),Pulses,1,8000,8500,8400,31-Mar-16
Kerala,Palakad,Vadakkenchery,Kabuli Chana(Chickpeas-white),Pulses,0.3,9000,9500,9250,31-Mar-16
Kerala,Palakad,Palakkad,Kabuli Chana(Chickpeas-white),Pulses,1,8000,8500,8400,1-Apr-16
Kerala,Palakad,Vadakkenchery,Kabuli Chana(Chickpeas-white),Pulses,0.3,9000,9500,9250,1-Apr-16
Kerala,Palakad,Kollengode,Kabuli Chana(Chickpeas-white),Pulses,0.04,6600,6860,6800,2-Apr-16
Kerala,Palakad,Palakkad,Kabuli Chana(Chickpeas-white),Pulses,1,8000,8500,8300,2-Apr-16
Kerala,Palakad,Vadakkenchery,Kabuli Chana(Chickpeas-white),Pulses,0.25,9000,9500,9250,2-Apr-16
Kerala,Palakad,Palakkad,Kabuli Chana(Chickpeas-white),Pulses,1,9500,10000,9800,4-Apr-16
Kerala,Palakad,Vadakkenchery,Kabuli Chana(Chickpeas-white),Pulses,0.25,9000,9500,9250,4-Apr-16
Kerala,Palakad,Palakkad,Kabuli Chana(Chickpeas-white),Pulses,1,9500,10000,9800,5-Apr-16
Kerala,Palakad,Vadakkenchery,Kabuli Chana(Chickpeas-white),Pulses,0.25,9000,9500,9250,5-Apr-16
Kerala,Palakad,Kollengode,Kabuli Chana(Chickpeas-white),Pulses,0.04,6600,6850,6800,6-Apr-16
Kerala,Palakad,Vadakkenchery,Kabuli Chana(Chickpeas-white),Pulses,0.25,9000,9500,9250,6-Apr-16
Kerala,Palakad,Palakkad,Kabuli Chana(Chickpeas-white),Pulses,1,9500,10000,9800,7-Apr-16
Kerala,Palakad,Vadakkenchery,Kabuli Chana(Chickpeas-white),Pulses,0.3,9000,9500,9250,7-Apr-16
Kerala,Palakad,Palakkad,Kabuli Chana(Chickpeas-white),Pulses,1,9000,9800,9500,8-Apr-16
Kerala,Palakad,Vadakkenchery,Kabuli Chana(Chickpeas-white),Pulses,0.3,9500,10000,9750,8-Apr-16
Kerala,Palakad,Palakkad,Kabuli Chana(Chickpeas-white),Pulses,1,9000,9800,9400,9-Apr-16
Kerala,Palakad,Palakkad,Kabuli Chana(Chickpeas-white),Pulses,1,9000,9500,9400,11-Apr-16
Kerala,Palakad,Palakkad,Kabuli Chana(Chickpeas-white),Pulses,1,9000,9800,9400,12-Apr-16
Kerala,Palakad,Vadakkenchery,Kabuli Chana(Chickpeas-white),Pulses,0.35,9500,10000,9750,12-Apr-16
Kerala,Palakad,Kollengode,Kabuli Chana(Chickpeas-white),Pulses,0.05,8000,8260,8200,13-Apr-16
Kerala,Palakad,Palakkad,Kabuli Chana(Chickpeas-white),Pulses,1,9000,9800,9500,13-Apr-16
Kerala,Palakad,Palakkad,Kabuli Chana(Chickpeas-white),Pulses,1,9000,9800,9500,15-Apr-16
Kerala,Palakad,Vadakkenchery,Kabuli Chana(Chickpeas-white),Pulses,0.35,9500,10000,9750,15-Apr-16
Kerala,Palakad,Palakkad,Kabuli Chana(Chickpeas-white),Pulses,1,9400,10000,9800,18-Apr-16
Kerala,Palakad,Vadakkenchery,Kabuli Chana(Chickpeas-white),Pulses,0.35,9500,10000,9750,18-Apr-16
Kerala,Palakad,Vadakkenchery,Kabuli Chana(Chickpeas-white),Pulses,0.4,10000,10500,10250,19-Apr-16
Kerala,Palakad,Kollengode,Kabuli Chana(Chickpeas-white),Pulses,0.05,8000,8260,8200,20-Apr-16
Kerala,Palakad,Vadakkenchery,Kabuli Chana(Chickpeas-white),Pulses,0.35,9500,10000,9750,20-Apr-16
Kerala,Palakad,Vadakkenchery,Kabuli Chana(Chickpeas-white),Pulses,0.35,10000,10500,10250,21-Apr-16
Kerala,Palakad,Palakkad,Kabuli Chana(Chickpeas-white),Pulses,1,9400,10000,9600,22-Apr-16
Kerala,Palakad,Vadakkenchery,Kabuli Chana(Chickpeas-white),Pulses,0.35,10000,10500,10250,22-Apr-16
Kerala,Palakad,Kollengode,Kabuli Chana(Chickpeas-white),Pulses,0.05,11000,11250,11200,23-Apr-16
Kerala,Palakad,Palakkad,Kabuli Chana(Chickpeas-white),Pulses,1,9400,10000,9600,23-Apr-16
Kerala,Palakad,Vadakkenchery,Kabuli Chana(Chickpeas-white),Pulses,0.35,10000,10500,10250,23-Apr-16
Kerala,Palakad,Palakkad,Kabuli Chana(Chickpeas-white),Pulses,1,9400,10000,9800,25-Apr-16
Kerala,Palakad,Vadakkenchery,Kabuli Chana(Chickpeas-white),Pulses,0.35,10500,11000,10750,25-Apr-16
Kerala,Palakad,Palakkad,Kabuli Chana(Chickpeas-white),Pulses,1,9400,10000,9800,26-Apr-16
Kerala,Palakad,Vadakkenchery,Kabuli Chana(Chickpeas-white),Pulses,0.35,10500,11000,10750,26-Apr-16
Kerala,Palakad,Kollengode,Kabuli Chana(Chickpeas-white),Pulses,0.05,11800,12060,12000,27-Apr-16
Kerala,Palakad,Palakkad,Kabuli Chana(Chickpeas-white),Pulses,1,9400,10000,9600,27-Apr-16
Kerala,Palakad,Vadakkenchery,Kabuli Chana(Chickpeas-white),Pulses,0.35,10500,11000,10750,27-Apr-16
Kerala,Palakad,Palakkad,Kabuli Chana(Chickpeas-white),Pulses,1,9400,10000,9800,28-Apr-16
Kerala,Palakad,Vadakkenchery,Kabuli Chana(Chickpeas-white),Pulses,0.35,10500,11000,10750,28-Apr-16
Kerala,Palakad,Palakkad,Kabuli Chana(Chickpeas-white),Pulses,1,9000,10000,9500,29-Apr-16
Kerala,Palakad,Vadakkenchery,Kabuli Chana(Chickpeas-white),Pulses,0.35,10500,11000,10750,29-Apr-16
Kerala,Palakad,Palakkad,Kabuli Chana(Chickpeas-white),Pulses,1,9000,10000,9500,30-Apr-16
Kerala,Palakad,Vadakkenchery,Kabuli Chana(Chickpeas-white),Pulses,0.2,9000,9500,9250,30-Apr-16
Kerala,Palakad,Palakkad,Kabuli Chana(Chickpeas-white),Pulses,1,9000,10000,9500,2-May-16
Kerala,Palakad,Vadakkenchery,Kabuli Chana(Chickpeas-white),Pulses,0.3,10500,11000,10750,2-May-16
Kerala,Palakad,Palakkad,Kabuli Chana(Chickpeas-white),Pulses,1,9000,10000,9600,3-May-16
Kerala,Palakad,Vadakkenchery,Kabuli Chana(Chickpeas-white),Pulses,0.35,10500,11000,10750,3-May-16
Kerala,Palakad,Palakkad,Kabuli Chana(Chickpeas-white),Pulses,1,9000,10000,9500,4-May-16
Kerala,Palakad,Vadakkenchery,Kabuli Chana(Chickpeas-white),Pulses,0.4,10500,11000,10750,4-May-16
Kerala,Palakad,Palakkad,Kabuli Chana(Chickpeas-white),Pulses,1,9000,10000,9500,5-May-16
Kerala,Palakad,Vadakkenchery,Kabuli Chana(Chickpeas-white),Pulses,0.35,10500,11000,10750,5-May-16
Kerala,Palakad,Palakkad,Kabuli Chana(Chickpeas-white),Pulses,1,9000,10000,9600,6-May-16
Kerala,Palakad,Vadakkenchery,Kabuli Chana(Chickpeas-white),Pulses,0.3,10500,11000,10750,6-May-16
Kerala,Palakad,Kollengode,Kabuli Chana(Chickpeas-white),Pulses,0.1,8000,8280,8200,7-May-16
Kerala,Palakad,Palakkad,Kabuli Chana(Chickpeas-white),Pulses,1,9000,10000,9500,7-May-16
Kerala,Palakad,Vadakkenchery,Kabuli Chana(Chickpeas-white),Pulses,0.35,10500,11000,10750,7-May-16
Kerala,Palakad,Palakkad,Kabuli Chana(Chickpeas-white),Pulses,1,9000,10000,10000,9-May-16
Kerala,Palakad,Vadakkenchery,Kabuli Chana(Chickpeas-white),Pulses,0.35,11000,11500,11250,9-May-16
Kerala,Palakad,Palakkad,Kabuli Chana(Chickpeas-white),Pulses,1,9000,10000,9600,10-May-16
Kerala,Palakad,Vadakkenchery,Kabuli Chana(Chickpeas-white),Pulses,0.3,11000,11500,11250,10-May-16
Kerala,Palakad,Kollengode,Kabuli Chana(Chickpeas-white),Pulses,0.06,9600,9850,9800,11-May-16
Kerala,Palakad,Palakkad,Kabuli Chana(Chickpeas-white),Pulses,1,9000,10000,9600,11-May-16
Kerala,Palakad,Vadakkenchery,Kabuli Chana(Chickpeas-white),Pulses,0.3,11000,11500,11250,11-May-16
Kerala,Palakad,Palakkad,Kabuli Chana(Chickpeas-white),Pulses,1,9000,10000,9500,12-May-16
Kerala,Palakad,Vadakkenchery,Kabuli Chana(Chickpeas-white),Pulses,0.3,11000,11500,11250,12-May-16
Kerala,Palakad,Palakkad,Kabuli Chana(Chickpeas-white),Pulses,1,11000,11500,11300,13-May-16
Kerala,Palakad,Vadakkenchery,Kabuli Chana(Chickpeas-white),Pulses,0.3,11000,11500,11250,13-May-16
Kerala,Palakad,Kollengode,Kabuli Chana(Chickpeas-white),Pulses,0.05,9600,9860,9800,14-May-16
Kerala,Palakad,Palakkad,Kabuli Chana(Chickpeas-white),Pulses,1,11000,11500,11400,14-May-16
Kerala,Palakad,Palakkad,Kabuli Chana(Chickpeas-white),Pulses,1,11000,11500,11400,16-May-16
Kerala,Palakad,Vadakkenchery,Kabuli Chana(Chickpeas-white),Pulses,0.3,11000,11500,11250,16-May-16
Kerala,Palakad,Palakkad,Kabuli Chana(Chickpeas-white),Pulses,1,11000,11500,11300,17-May-16
Kerala,Palakad,Vadakkenchery,Kabuli Chana(Chickpeas-white),Pulses,0.3,11000,11500,11250,17-May-16
Kerala,Palakad,Kollengode,Kabuli Chana(Chickpeas-white),Pulses,0.05,10900,11060,11000,18-May-16
Kerala,Palakad,Palakkad,Kabuli Chana(Chickpeas-white),Pulses,1,11000,11500,11400,18-May-16
Kerala,Palakad,Vadakkenchery,Kabuli Chana(Chickpeas-white),Pulses,0.35,11000,11500,11250,18-May-16
Kerala,Palakad,Palakkad,Kabuli Chana(Chickpeas-white),Pulses,1,11000,11500,11300,19-May-16
Kerala,Palakad,Vadakkenchery,Kabuli Chana(Chickpeas-white),Pulses,0.3,11000,11500,11250,19-May-16
Kerala,Palakad,Palakkad,Kabuli Chana(Chickpeas-white),Pulses,1,11000,11500,11300,20-May-16
Kerala,Palakad,Vadakkenchery,Kabuli Chana(Chickpeas-white),Pulses,0.35,11000,11500,11250,20-May-16
Kerala,Palakad,Kollengode,Kabuli Chana(Chickpeas-white),Pulses,0.04,10800,11060,11000,21-May-16
Kerala,Palakad,Palakkad,Kabuli Chana(Chickpeas-white),Pulses,1,11000,11500,11300,21-May-16
Kerala,Palakad,Vadakkenchery,Kabuli Chana(Chickpeas-white),Pulses,0.35,11000,11500,11250,21-May-16
Kerala,Palakad,Palakkad,Kabuli Chana(Chickpeas-white),Pulses,1,11000,11500,11300,23-May-16
Kerala,Palakad,Vadakkenchery,Kabuli Chana(Chickpeas-white),Pulses,0.35,11200,11700,11450,23-May-16
Kerala,Palakad,Palakkad,Kabuli Chana(Chickpeas-white),Pulses,1,11000,11500,11300,24-May-16
Kerala,Palakad,Vadakkenchery,Kabuli Chana(Chickpeas-white),Pulses,0.3,11000,11500,11250,24-May-16
Kerala,Palakad,Kollengode,Kabuli Chana(Chickpeas-white),Pulses,0.05,11000,11260,11200,25-May-16
Kerala,Palakad,Palakkad,Kabuli Chana(Chickpeas-white),Pulses,1,11000,11500,11300,25-May-16
Kerala,Palakad,Vadakkenchery,Kabuli Chana(Chickpeas-white),Pulses,0.35,11000,11500,11250,25-May-16
Kerala,Palakad,Palakkad,Kabuli Chana(Chickpeas-white),Pulses,1,10000,11000,10500,26-May-16
Kerala,Palakad,Vadakkenchery,Kabuli Chana(Chickpeas-white),Pulses,0.35,11000,11500,11250,26-May-16
Kerala,Palakad,Palakkad,Kabuli Chana(Chickpeas-white),Pulses,1,10000,11000,10500,27-May-16
Kerala,Palakad,Vadakkenchery,Kabuli Chana(Chickpeas-white),Pulses,0.3,11000,11500,11250,27-May-16
Kerala,Palakad,Kollengode,Kabuli Chana(Chickpeas-white),Pulses,0.05,9800,10060,10000,28-May-16
Kerala,Palakad,Palakkad,Kabuli Chana(Chickpeas-white),Pulses,1,10000,11000,10600,28-May-16
Kerala,Palakad,Vadakkenchery,Kabuli Chana(Chickpeas-white),Pulses,0.3,11200,11700,11450,28-May-16
Kerala,Palakad,Palakkad,Kabuli Chana(Chickpeas-white),Pulses,1,10000,11000,10500,30-May-16
Kerala,Palakad,Vadakkenchery,Kabuli Chana(Chickpeas-white),Pulses,0.35,11500,12000,11750,30-May-16
Kerala,Palakad,Palakkad,Kabuli Chana(Chickpeas-white),Pulses,1,10000,11000,10600,31-May-16
Kerala,Palakad,Vadakkenchery,Kabuli Chana(Chickpeas-white),Pulses,0.3,11200,11700,11450,31-May-16
Kerala,Palakad,Kollengode,Kabuli Chana(Chickpeas-white),Pulses,0.05,11000,11260,11200,1-Jun-16
Kerala,Palakad,Palakkad,Kabuli Chana(Chickpeas-white),Pulses,1,10000,11000,10500,1-Jun-16
Kerala,Palakad,Vadakkenchery,Kabuli Chana(Chickpeas-white),Pulses,0.35,11500,12000,11750,1-Jun-16
Kerala,Palakad,Palakkad,Kabuli Chana(Chickpeas-white),Pulses,1,10000,11000,10600,2-Jun-16
Kerala,Palakad,Vadakkenchery,Kabuli Chana(Chickpeas-white),Pulses,0.3,11000,11500,11250,2-Jun-16
Kerala,Palakad,Palakkad,Kabuli Chana(Chickpeas-white),Pulses,1,11000,12000,11600,3-Jun-16
Kerala,Palakad,Vadakkenchery,Kabuli Chana(Chickpeas-white),Pulses,0.25,11000,11500,11250,3-Jun-16
Kerala,Palakad,Palakkad,Kabuli Chana(Chickpeas-white),Pulses,1,11000,12000,11500,4-Jun-16
Kerala,Palakad,Vadakkenchery,Kabuli Chana(Chickpeas-white),Pulses,0.3,11000,11500,11250,4-Jun-16
Kerala,Palakad,Palakkad,Kabuli Chana(Chickpeas-white),Pulses,1,10600,11500,11000,6-Jun-16
Kerala,Palakad,Vadakkenchery,Kabuli Chana(Chickpeas-white),Pulses,0.35,11200,11700,11450,6-Jun-16
Kerala,Palakad,Palakkad,Kabuli Chana(Chickpeas-white),Pulses,1,10600,11500,11200,7-Jun-16
Kerala,Palakad,Vadakkenchery,Kabuli Chana(Chickpeas-white),Pulses,0.3,11200,11700,11450,7-Jun-16
Kerala,Palakad,Kollengode,Kabuli Chana(Chickpeas-white),Pulses,0.06,11000,11250,11200,8-Jun-16
Kerala,Palakad,Palakkad,Kabuli Chana(Chickpeas-white),Pulses,1,10600,11500,11000,8-Jun-16
Kerala,Palakad,Vadakkenchery,Kabuli Chana(Chickpeas-white),Pulses,0.25,11200,11700,11450,8-Jun-16
Kerala,Palakad,Palakkad,Kabuli Chana(Chickpeas-white),Pulses,1,10600,11500,11200,9-Jun-16
Kerala,Palakad,Vadakkenchery,Kabuli Chana(Chickpeas-white),Pulses,0.3,11000,11500,11250,9-Jun-16
Kerala,Palakad,Palakkad,Kabuli Chana(Chickpeas-white),Pulses,1,10000,11000,10600,10-Jun-16
Kerala,Palakad,Vadakkenchery,Kabuli Chana(Chickpeas-white),Pulses,0.3,11000,11500,11250,10-Jun-16
Kerala,Palakad,Kollengode,Kabuli Chana(Chickpeas-white),Pulses,0.06,11000,11260,11200,11-Jun-16
Kerala,Palakad,Palakkad,Kabuli Chana(Chickpeas-white),Pulses,1,10000,11000,10600,11-Jun-16
Kerala,Palakad,Palakkad,Kabuli Chana(Chickpeas-white),Pulses,1,10000,11000,10500,13-Jun-16
Kerala,Palakad,Vadakkenchery,Kabuli Chana(Chickpeas-white),Pulses,0.3,11000,11500,11250,13-Jun-16
Kerala,Palakad,Palakkad,Kabuli Chana(Chickpeas-white),Pulses,1,10000,11000,10600,14-Jun-16
Kerala,Palakad,Vadakkenchery,Kabuli Chana(Chickpeas-white),Pulses,0.25,11500,12000,11750,14-Jun-16
Kerala,Palakad,Kollengode,Kabuli Chana(Chickpeas-white),Pulses,0.07,10600,10860,10800,15-Jun-16
Kerala,Palakad,Palakkad,Kabuli Chana(Chickpeas-white),Pulses,1,10000,11000,10700,15-Jun-16
Kerala,Palakad,Vadakkenchery,Kabuli Chana(Chickpeas-white),Pulses,0.3,11500,12000,11750,15-Jun-16
Kerala,Palakad,Palakkad,Kabuli Chana(Chickpeas-white),Pulses,1,10000,11000,10600,16-Jun-16
Kerala,Palakad,Vadakkenchery,Kabuli Chana(Chickpeas-white),Pulses,0.3,11500,12000,11750,16-Jun-16
Kerala,Palakad,Palakkad,Kabuli Chana(Chickpeas-white),Pulses,1,11000,12000,11600,17-Jun-16
Kerala,Palakad,Vadakkenchery,Kabuli Chana(Chickpeas-white),Pulses,0.3,11500,12000,11750,17-Jun-16
Kerala,Palakad,Kollengode,Kabuli Chana(Chickpeas-white),Pulses,0.08,11800,12060,12000,18-Jun-16
Kerala,Palakad,Palakkad,Kabuli Chana(Chickpeas-white),Pulses,1,11000,12000,11500,18-Jun-16
Kerala,Palakad,Vadakkenchery,Kabuli Chana(Chickpeas-white),Pulses,0.35,11500,12000,11750,18-Jun-16
Kerala,Palakad,Vadakkenchery,Kabuli Chana(Chickpeas-white),Pulses,0.25,11500,12000,11750,20-Jun-16
Kerala,Palakad,Palakkad,Kabuli Chana(Chickpeas-white),Pulses,1,11000,12000,11500,21-Jun-16
Kerala,Palakad,Vadakkenchery,Kabuli Chana(Chickpeas-white),Pulses,0.35,11500,12000,11750,21-Jun-16
Kerala,Palakad,Kollengode,Kabuli Chana(Chickpeas-white),Pulses,0.06,12000,12260,12200,22-Jun-16
Kerala,Palakad,Palakkad,Kabuli Chana(Chickpeas-white),Pulses,1,17000,18000,17500,22-Jun-16
Kerala,Palakad,Vadakkenchery,Kabuli Chana(Chickpeas-white),Pulses,0.35,11500,12000,11750,22-Jun-16
Kerala,Palakad,Palakkad,Kabuli Chana(Chickpeas-white),Pulses,1,11000,12000,12000,23-Jun-16
Kerala,Palakad,Vadakkenchery,Kabuli Chana(Chickpeas-white),Pulses,0.3,11500,12000,11750,23-Jun-16
Kerala,Palakad,Palakkad,Kabuli Chana(Chickpeas-white),Pulses,1,11200,12000,11800,24-Jun-16
Kerala,Palakad,Kollengode,Kabuli Chana(Chickpeas-white),Pulses,0.06,11200,11450,11400,25-Jun-16
Kerala,Palakad,Palakkad,Kabuli Chana(Chickpeas-white),Pulses,1,11200,12000,11800,25-Jun-16
Kerala,Palakad,Vadakkenchery,Kabuli Chana(Chickpeas-white),Pulses,0.4,11500,12000,11750,25-Jun-16
Kerala,Palakad,Palakkad,Kabuli Chana(Chickpeas-white),Pulses,1,11200,12000,11700,27-Jun-16
Kerala,Palakad,Palakkad,Kabuli Chana(Chickpeas-white),Pulses,1,11200,12000,11700,28-Jun-16
Kerala,Palakad,Vadakkenchery,Kabuli Chana(Chickpeas-white),Pulses,0.35,11500,12000,11750,28-Jun-16
Kerala,Palakad,Kollengode,Kabuli Chana(Chickpeas-white),Pulses,0.03,12000,12250,12200,29-Jun-16
Kerala,Palakad,Palakkad,Kabuli Chana(Chickpeas-white),Pulses,1,11200,12000,11800,29-Jun-16
Kerala,Palakad,Vadakkenchery,Kabuli Chana(Chickpeas-white),Pulses,0.3,11500,12000,11750,29-Jun-16
Kerala,Palakad,Palakkad,Kabuli Chana(Chickpeas-white),Pulses,1,11200,12000,11800,30-Jun-16
Kerala,Palakad,Vadakkenchery,Kabuli Chana(Chickpeas-white),Pulses,0.35,11500,12000,11750,30-Jun-16
Kerala,Palakad,Palakkad,Kabuli Chana(Chickpeas-white),Pulses,1,11200,12000,11800,1-Jul-16
Kerala,Palakad,Vadakkenchery,Kabuli Chana(Chickpeas-white),Pulses,0.35,12000,12500,12250,1-Jul-16
Kerala,Palakad,Kollengode,Kabuli Chana(Chickpeas-white),Pulses,0.06,11000,11260,11200,2-Jul-16
Kerala,Palakad,Palakkad,Kabuli Chana(Chickpeas-white),Pulses,1,11200,12000,11800,2-Jul-16
Kerala,Palakad,Vadakkenchery,Kabuli Chana(Chickpeas-white),Pulses,0.35,12000,12500,12250,2-Jul-16
Kerala,Palakad,Palakkad,Kabuli Chana(Chickpeas-white),Pulses,1,11200,12000,11800,4-Jul-16
Kerala,Palakad,Vadakkenchery,Kabuli Chana(Chickpeas-white),Pulses,0.35,12000,12500,12250,5-Jul-16
Kerala,Palakad,Kollengode,Kabuli Chana(Chickpeas-white),Pulses,0.06,11000,11250,11200,6-Jul-16
Kerala,Palakad,Palakkad,Kabuli Chana(Chickpeas-white),Pulses,1,11200,12000,11700,7-Jul-16
Kerala,Palakad,Vadakkenchery,Kabuli Chana(Chickpeas-white),Pulses,0.35,12000,12500,12250,7-Jul-16
Kerala,Palakad,Palakkad,Kabuli Chana(Chickpeas-white),Pulses,1,11200,12000,11700,8-Jul-16
Kerala,Palakad,Vadakkenchery,Kabuli Chana(Chickpeas-white),Pulses,0.35,12000,12500,12250,8-Jul-16
Kerala,Palakad,Kollengode,Kabuli Chana(Chickpeas-white),Pulses,0.07,10300,10560,10500,9-Jul-16
Kerala,Palakad,Palakkad,Kabuli Chana(Chickpeas-white),Pulses,1,11200,12000,11700,11-Jul-16
Kerala,Palakad,Vadakkenchery,Kabuli Chana(Chickpeas-white),Pulses,0.35,12500,13000,12750,11-Jul-16
Kerala,Palakad,Palakkad,Kabuli Chana(Chickpeas-white),Pulses,1,11200,12000,11700,12-Jul-16
Kerala,Palakad,Vadakkenchery,Kabuli Chana(Chickpeas-white),Pulses,0.35,12500,13000,12750,12-Jul-16
Kerala,Palakad,Kollengode,Kabuli Chana(Chickpeas-white),Pulses,0.06,10600,10860,10800,13-Jul-16
Kerala,Palakad,Palakkad,Kabuli Chana(Chickpeas-white),Pulses,1,11200,12000,11700,13-Jul-16
Kerala,Palakad,Vadakkenchery,Kabuli Chana(Chickpeas-white),Pulses,0.35,12500,13000,12750,13-Jul-16
Kerala,Palakad,Palakkad,Kabuli Chana(Chickpeas-white),Pulses,11,15000,16000,15600,14-Jul-16
Kerala,Palakad,Vadakkenchery,Kabuli Chana(Chickpeas-white),Pulses,0.35,12500,13000,12750,14-Jul-16
Kerala,Palakad,Palakkad,Kabuli Chana(Chickpeas-white),Pulses,1,15000,16000,15600,15-Jul-16
Kerala,Palakad,Vadakkenchery,Kabuli Chana(Chickpeas-white),Pulses,0.35,12500,13000,12750,15-Jul-16
Kerala,Palakad,Kollengode,Kabuli Chana(Chickpeas-white),Pulses,0.07,13600,13850,13800,16-Jul-16
Kerala,Palakad,Palakkad,Kabuli Chana(Chickpeas-white),Pulses,1,15000,16000,15600,16-Jul-16
Kerala,Palakad,Vadakkenchery,Kabuli Chana(Chickpeas-white),Pulses,0.35,12000,12500,12250,16-Jul-16
Kerala,Palakad,Palakkad,Kabuli Chana(Chickpeas-white),Pulses,1,15000,16000,15600,18-Jul-16
Kerala,Palakad,Vadakkenchery,Kabuli Chana(Chickpeas-white),Pulses,0.3,12500,13000,12750,18-Jul-16
Kerala,Palakad,Palakkad,Kabuli Chana(Chickpeas-white),Pulses,1,15000,16000,15600,19-Jul-16
Kerala,Palakad,Vadakkenchery,Kabuli Chana(Chickpeas-white),Pulses,0.35,12500,13000,12750,19-Jul-16
Kerala,Palakad,Kollengode,Kabuli Chana(Chickpeas-white),Pulses,0.06,13600,13860,13800,20-Jul-16
Kerala,Palakad,Palakkad,Kabuli Chana(Chickpeas-white),Pulses,1,15000,16000,15600,20-Jul-16
Kerala,Palakad,Vadakkenchery,Kabuli Chana(Chickpeas-white),Pulses,0.35,12500,13000,12750,20-Jul-16
Kerala,Palakad,Palakkad,Kabuli Chana(Chickpeas-white),Pulses,1,14000,15000,14600,21-Jul-16
Kerala,Palakad,Vadakkenchery,Kabuli Chana(Chickpeas-white),Pulses,0.35,12000,12500,12250,21-Jul-16
Kerala,Palakad,Vadakkenchery,Kabuli Chana(Chickpeas-white),Pulses,0.3,12000,12500,12250,22-Jul-16
Kerala,Palakad,Kollengode,Kabuli Chana(Chickpeas-white),Pulses,0.06,13400,13760,13700,23-Jul-16
Kerala,Palakad,Palakkad,Kabuli Chana(Chickpeas-white),Pulses,1,14000,15000,14600,23-Jul-16
Kerala,Palakad,Vadakkenchery,Kabuli Chana(Chickpeas-white),Pulses,0.35,13000,13500,13250,23-Jul-16
Kerala,Palakad,Palakkad,Kabuli Chana(Chickpeas-white),Pulses,1,14000,15000,14600,25-Jul-16
Kerala,Palakad,Vadakkenchery,Kabuli Chana(Chickpeas-white),Pulses,0.3,13000,13500,13250,25-Jul-16
Kerala,Palakad,Palakkad,Kabuli Chana(Chickpeas-white),Pulses,1,14000,15000,14600,26-Jul-16
Kerala,Palakad,Vadakkenchery,Kabuli Chana(Chickpeas-white),Pulses,0.35,13000,13500,13250,26-Jul-16
Kerala,Palakad,Kollengode,Kabuli Chana(Chickpeas-white),Pulses,0.06,11300,11560,11500,27-Jul-16
Kerala,Palakad,Palakkad,Kabuli Chana(Chickpeas-white),Pulses,1,14000,15000,14600,27-Jul-16
Kerala,Palakad,Vadakkenchery,Kabuli Chana(Chickpeas-white),Pulses,0.35,13000,13500,13250,27-Jul-16
Kerala,Palakad,Palakkad,Kabuli Chana(Chickpeas-white),Pulses,1,14000,15000,14600,28-Jul-16
Kerala,Palakad,Vadakkenchery,Kabuli Chana(Chickpeas-white),Pulses,0.35,13500,14000,13750,28-Jul-16
Kerala,Palakad,Vadakkenchery,Kabuli Chana(Chickpeas-white),Pulses,0.35,13500,14000,13750,29-Jul-16
Kerala,Palakad,Kollengode,Kabuli Chana(Chickpeas-white),Pulses,0.07,11300,11560,11500,30-Jul-16
Kerala,Palakad,Palakkad,Kabuli Chana(Chickpeas-white),Pulses,1,14000,15000,14600,30-Jul-16
Kerala,Palakad,Vadakkenchery,Kabuli Chana(Chickpeas-white),Pulses,0.3,12500,13000,12750,30-Jul-16
Kerala,Palakad,Palakkad,Kabuli Chana(Chickpeas-white),Pulses,1,14000,15000,14600,1-Aug-16
Kerala,Palakad,Kollengode,Kabuli Chana(Chickpeas-white),Pulses,0.06,11400,11660,11600,3-Aug-16
Kerala,Palakad,Palakkad,Kabuli Chana(Chickpeas-white),Pulses,1,14000,15000,14600,3-Aug-16
Kerala,Palakad,Palakkad,Kabuli Chana(Chickpeas-white),Pulses,1,14000,15000,14600,4-Aug-16
Kerala,Palakad,Vadakkenchery,Kabuli Chana(Chickpeas-white),Pulses,0.35,14000,14500,14250,4-Aug-16
Kerala,Palakad,Palakkad,Kabuli Chana(Chickpeas-white),Pulses,1,14000,15000,14600,5-Aug-16
Kerala,Palakad,Vadakkenchery,Kabuli Chana(Chickpeas-white),Pulses,0.3,14000,14500,14250,5-Aug-16
Kerala,Palakad,Kollengode,Kabuli Chana(Chickpeas-white),Pulses,0.06,10700,11060,11000,6-Aug-16
Kerala,Palakad,Palakkad,Kabuli Chana(Chickpeas-white),Pulses,1,14000,15000,14600,6-Aug-16
Kerala,Palakad,Vadakkenchery,Kabuli Chana(Chickpeas-white),Pulses,0.35,14800,15300,15050,6-Aug-16
Kerala,Palakad,Palakkad,Kabuli Chana(Chickpeas-white),Pulses,1,14000,15000,14600,8-Aug-16
Kerala,Palakad,Vadakkenchery,Kabuli Chana(Chickpeas-white),Pulses,0.35,14500,15000,14750,8-Aug-16
Kerala,Palakad,Palakkad,Kabuli Chana(Chickpeas-white),Pulses,1,14000,15000,14600,9-Aug-16
Kerala,Palakad,Vadakkenchery,Kabuli Chana(Chickpeas-white),Pulses,0.35,14000,14500,14250,9-Aug-16
Kerala,Palakad,Kollengode,Kabuli Chana(Chickpeas-white),Pulses,0.07,11600,11860,11800,10-Aug-16
Kerala,Palakad,Palakkad,Kabuli Chana(Chickpeas-white),Pulses,1,14000,15000,14600,10-Aug-16
Kerala,Palakad,Vadakkenchery,Kabuli Chana(Chickpeas-white),Pulses,0.35,14000,14500,14250,10-Aug-16
Kerala,Palakad,Palakkad,Kabuli Chana(Chickpeas-white),Pulses,1,14000,15000,14600,11-Aug-16
Kerala,Palakad,Vadakkenchery,Kabuli Chana(Chickpeas-white),Pulses,0.35,16000,16500,16250,11-Aug-16
Kerala,Palakad,Palakkad,Kabuli Chana(Chickpeas-white),Pulses,11,13800,14500,14200,12-Aug-16
Kerala,Palakad,Kollengode,Kabuli Chana(Chickpeas-white),Pulses,0.06,11500,11860,11800,13-Aug-16
Kerala,Palakad,Palakkad,Kabuli Chana(Chickpeas-white),Pulses,1,13800,14500,14200,16-Aug-16
Kerala,Palakad,Vadakkenchery,Kabuli Chana(Chickpeas-white),Pulses,0.3,13500,14000,13750,16-Aug-16
Kerala,Palakad,Palakkad,Kabuli Chana(Chickpeas-white),Pulses,1,13800,14500,14200,17-Aug-16
Kerala,Palakad,Vadakkenchery,Kabuli Chana(Chickpeas-white),Pulses,0.3,13500,14000,13750,17-Aug-16
Kerala,Palakad,Palakkad,Kabuli Chana(Chickpeas-white),Pulses,1,13800,14500,14200,18-Aug-16
Kerala,Palakad,Vadakkenchery,Kabuli Chana(Chickpeas-white),Pulses,0.3,13000,13500,13250,18-Aug-16
Kerala,Palakad,Palakkad,Kabuli Chana(Chickpeas-white),Pulses,1,13800,14500,14200,19-Aug-16
Kerala,Palakad,Vadakkenchery,Kabuli Chana(Chickpeas-white),Pulses,0.3,13500,14000,13750,20-Aug-16
Kerala,Palakad,Palakkad,Kabuli Chana(Chickpeas-white),Pulses,1,13800,14500,14200,22-Aug-16
Kerala,Palakad,Vadakkenchery,Kabuli Chana(Chickpeas-white),Pulses,0.3,13500,14000,13750,22-Aug-16
Kerala,Palakad,Vadakkenchery,Kabuli Chana(Chickpeas-white),Pulses,0.35,13500,14000,13750,23-Aug-16
Kerala,Palakad,Kollengode,Kabuli Chana(Chickpeas-white),Pulses,0.07,11600,11850,11800,24-Aug-16
Kerala,Palakad,Palakkad,Kabuli Chana(Chickpeas-white),Pulses,1,13800,14500,14200,25-Aug-16
Kerala,Palakad,Vadakkenchery,Kabuli Chana(Chickpeas-white),Pulses,0.35,13500,14000,13750,25-Aug-16
Kerala,Palakad,Palakkad,Kabuli Chana(Chickpeas-white),Pulses,1,13500,14500,14100,26-Aug-16
Kerala,Palakad,Vadakkenchery,Kabuli Chana(Chickpeas-white),Pulses,0.35,13500,14000,13750,26-Aug-16
Kerala,Palakad,Kollengode,Kabuli Chana(Chickpeas-white),Pulses,0.07,11600,11850,11800,27-Aug-16
Kerala,Palakad,Palakkad,Kabuli Chana(Chickpeas-white),Pulses,1,13500,14500,14200,27-Aug-16
Kerala,Palakad,Vadakkenchery,Kabuli Chana(Chickpeas-white),Pulses,0.35,14000,14500,14250,27-Aug-16
Kerala,Palakad,Palakkad,Kabuli Chana(Chickpeas-white),Pulses,1,13500,14500,14200,29-Aug-16
Kerala,Palakad,Vadakkenchery,Kabuli Chana(Chickpeas-white),Pulses,0.35,14000,14500,14250,29-Aug-16
Kerala,Palakad,Palakkad,Kabuli Chana(Chickpeas-white),Pulses,1,13500,14500,14200,30-Aug-16
Kerala,Palakad,Vadakkenchery,Kabuli Chana(Chickpeas-white),Pulses,0.3,14000,14500,14250,30-Aug-16
Kerala,Palakad,Kollengode,Kabuli Chana(Chickpeas-white),Pulses,0.07,11800,12060,12000,31-Aug-16
Kerala,Palakad,Vadakkenchery,Kabuli Chana(Chickpeas-white),Pulses,0.35,14000,14500,14250,31-Aug-16
Kerala,Palakad,Palakkad,Kabuli Chana(Chickpeas-white),Pulses,1,13500,14500,14100,1-Sep-16
Kerala,Palakad,Palakkad,Kabuli Chana(Chickpeas-white),Pulses,1,13500,14500,14200,3-Sep-16
Kerala,Palakad,Palakkad,Kabuli Chana(Chickpeas-white),Pulses,1,13500,14500,14100,5-Sep-16
Kerala,Palakad,Vadakkenchery,Kabuli Chana(Chickpeas-white),Pulses,0.3,13500,14000,13750,5-Sep-16
Kerala,Palakad,Palakkad,Kabuli Chana(Chickpeas-white),Pulses,1,13500,14500,14100,6-Sep-16
Kerala,Palakad,Vadakkenchery,Kabuli Chana(Chickpeas-white),Pulses,0.3,14000,14500,14250,6-Sep-16
Kerala,Palakad,Palakkad,Kabuli Chana(Chickpeas-white),Pulses,1,13500,14500,14200,7-Sep-16
Kerala,Palakad,Vadakkenchery,Kabuli Chana(Chickpeas-white),Pulses,0.35,13500,14000,13750,8-Sep-16
Kerala,Palakad,Palakkad,Kabuli Chana(Chickpeas-white),Pulses,1,13800,14500,14200,9-Sep-16
Kerala,Palakad,Vadakkenchery,Kabuli Chana(Chickpeas-white),Pulses,0.35,13500,14000,13750,9-Sep-16
Kerala,Palakad,Palakkad,Kabuli Chana(Chickpeas-white),Pulses,1,14000,14500,14300,17-Sep-16
Kerala,Palakad,Vadakkenchery,Kabuli Chana(Chickpeas-white),Pulses,0.35,13000,13500,13250,17-Sep-16
Kerala,Palakad,Kollengode,Kabuli Chana(Chickpeas-white),Pulses,0.08,11800,12060,12000,18-Sep-16
Kerala,Palakad,Palakkad,Kabuli Chana(Chickpeas-white),Pulses,1,14000,14500,14300,19-Sep-16
Kerala,Palakad,Vadakkenchery,Kabuli Chana(Chickpeas-white),Pulses,0.35,13500,14000,13750,19-Sep-16
Kerala,Palakad,Palakkad,Kabuli Chana(Chickpeas-white),Pulses,1,14000,14500,14300,20-Sep-16
Kerala,Palakad,Vadakkenchery,Kabuli Chana(Chickpeas-white),Pulses,0.35,13500,14000,13750,20-Sep-16
Kerala,Palakad,Kollengode,Kabuli Chana(Chickpeas-white),Pulses,0.08,11800,12060,12000,21-Sep-16
Kerala,Palakad,Palakkad,Kabuli Chana(Chickpeas-white),Pulses,1,14000,14500,14300,22-Sep-16
Kerala,Palakad,Vadakkenchery,Kabuli Chana(Chickpeas-white),Pulses,0.3,13500,14000,13750,22-Sep-16
Kerala,Palakad,Palakkad,Kabuli Chana(Chickpeas-white),Pulses,1,14000,14500,14300,23-Sep-16
Kerala,Palakad,Vadakkenchery,Kabuli Chana(Chickpeas-white),Pulses,0.3,13000,13500,13250,23-Sep-16
Kerala,Palakad,Kollengode,Kabuli Chana(Chickpeas-white),Pulses,0.08,11800,12050,12000,24-Sep-16
Kerala,Palakad,Palakkad,Kabuli Chana(Chickpeas-white),Pulses,1,14000,14500,14300,24-Sep-16
Kerala,Palakad,Vadakkenchery,Kabuli Chana(Chickpeas-white),Pulses,0.3,13500,14000,13750,24-Sep-16
Kerala,Palakad,Palakkad,Kabuli Chana(Chickpeas-white),Pulses,1,14000,14500,14300,26-Sep-16
Kerala,Palakad,Vadakkenchery,Kabuli Chana(Chickpeas-white),Pulses,0.3,14000,14500,14250,26-Sep-16
Kerala,Palakad,Palakkad,Kabuli Chana(Chickpeas-white),Pulses,1,14000,14500,14300,27-Sep-16
Kerala,Palakad,Vadakkenchery,Kabuli Chana(Chickpeas-white),Pulses,0.35,14000,14500,14250,27-Sep-16
Kerala,Palakad,Kollengode,Kabuli Chana(Chickpeas-white),Pulses,0.08,11200,11450,11400,28-Sep-16
Kerala,Palakad,Palakkad,Kabuli Chana(Chickpeas-white),Pulses,1,14000,14500,14300,28-Sep-16
Kerala,Palakad,Vadakkenchery,Kabuli Chana(Chickpeas-white),Pulses,0.35,13500,14000,13750,28-Sep-16
Kerala,Palakad,Palakkad,Kabuli Chana(Chickpeas-white),Pulses,1,14000,14500,14300,29-Sep-16
Kerala,Palakad,Vadakkenchery,Kabuli Chana(Chickpeas-white),Pulses,0.3,13500,14000,13750,29-Sep-16
Kerala,Palakad,Palakkad,Kabuli Chana(Chickpeas-white),Pulses,1,14000,14500,14300,30-Sep-16
Kerala,Palakad,Vadakkenchery,Kabuli Chana(Chickpeas-white),Pulses,0.35,13500,14000,13750,30-Sep-16
Kerala,Palakad,Kollengode,Kabuli Chana(Chickpeas-white),Pulses,0.09,11300,11560,11500,5-Oct-16
Kerala,Palakad,Palakkad,Kabuli Chana(Chickpeas-white),Pulses,1,14000,14500,14300,5-Oct-16
Kerala,Palakad,Vadakkenchery,Kabuli Chana(Chickpeas-white),Pulses,0.35,14000,14500,14250,5-Oct-16
Kerala,Palakad,Palakkad,Kabuli Chana(Chickpeas-white),Pulses,1,14000,14500,14300,6-Oct-16
Kerala,Palakad,Vadakkenchery,Kabuli Chana(Chickpeas-white),Pulses,0.35,14000,14500,14250,6-Oct-16
Kerala,Palakad,Vadakkenchery,Kabuli Chana(Chickpeas-white),Pulses,0.35,14000,14500,14250,7-Oct-16
Kerala,Palakad,Kollengode,Kabuli Chana(Chickpeas-white),Pulses,0.08,13800,14060,14000,8-Oct-16
Kerala,Palakad,Kollengode,Kabuli Chana(Chickpeas-white),Pulses,0.09,13800,14060,14000,12-Oct-16
Kerala,Palakad,Vadakkenchery,Kabuli Chana(Chickpeas-white),Pulses,0.35,13500,14000,13750,13-Oct-16
Kerala,Palakad,Palakkad,Kabuli Chana(Chickpeas-white),Pulses,1,13800,14500,14200,14-Oct-16
Kerala,Palakad,Vadakkenchery,Kabuli Chana(Chickpeas-white),Pulses,0.35,14000,14500,14250,14-Oct-16
Kerala,Palakad,Kollengode,Kabuli Chana(Chickpeas-white),Pulses,0.09,13800,14060,14000,15-Oct-16
Kerala,Palakad,Palakkad,Kabuli Chana(Chickpeas-white),Pulses,1,13800,14500,14200,15-Oct-16
Kerala,Palakad,Vadakkenchery,Kabuli Chana(Chickpeas-white),Pulses,0.3,14000,14500,14250,15-Oct-16
Kerala,Palakad,Palakkad,Kabuli Chana(Chickpeas-white),Pulses,1,13800,14500,14200,17-Oct-16
Kerala,Palakad,Vadakkenchery,Kabuli Chana(Chickpeas-white),Pulses,0.35,14000,14500,14250,17-Oct-16
Kerala,Palakad,Palakkad,Kabuli Chana(Chickpeas-white),Pulses,1,13800,14500,14200,18-Oct-16
Kerala,Palakad,Vadakkenchery,Kabuli Chana(Chickpeas-white),Pulses,0.4,14000,14500,14250,18-Oct-16
Kerala,Palakad,Kollengode,Kabuli Chana(Chickpeas-white),Pulses,0.08,10800,11060,11000,19-Oct-16
Kerala,Palakad,Palakkad,Kabuli Chana(Chickpeas-white),Pulses,1,13800,14500,14200,19-Oct-16
Kerala,Palakad,Vadakkenchery,Kabuli Chana(Chickpeas-white),Pulses,0.35,14000,14500,14250,19-Oct-16
Kerala,Palakad,Palakkad,Kabuli Chana(Chickpeas-white),Pulses,1,13800,14500,14200,20-Oct-16
Kerala,Palakad,Vadakkenchery,Kabuli Chana(Chickpeas-white),Pulses,0.35,14000,14500,14250,20-Oct-16
Kerala,Palakad,Palakkad,Kabuli Chana(Chickpeas-white),Pulses,1,13800,14500,14200,21-Oct-16
Kerala,Palakad,Vadakkenchery,Kabuli Chana(Chickpeas-white),Pulses,0.35,13500,14000,13750,21-Oct-16
Kerala,Palakad,Kollengode,Kabuli Chana(Chickpeas-white),Pulses,0.08,13800,14050,14000,22-Oct-16
Kerala,Palakad,Palakkad,Kabuli Chana(Chickpeas-white),Pulses,1,13800,14500,14200,22-Oct-16
Kerala,Palakad,Vadakkenchery,Kabuli Chana(Chickpeas-white),Pulses,0.35,14000,14500,14250,22-Oct-16
Kerala,Palakad,Palakkad,Kabuli Chana(Chickpeas-white),Pulses,1,13800,14500,14200,24-Oct-16
Kerala,Palakad,Vadakkenchery,Kabuli Chana(Chickpeas-white),Pulses,0.35,14000,14500,14250,24-Oct-16
Kerala,Palakad,Palakkad,Kabuli Chana(Chickpeas-white),Pulses,1,13800,14500,14200,25-Oct-16
Kerala,Palakad,Vadakkenchery,Kabuli Chana(Chickpeas-white),Pulses,0.35,14000,14500,14250,25-Oct-16
Kerala,Palakad,Kollengode,Kabuli Chana(Chickpeas-white),Pulses,0.08,11800,12050,12000,26-Oct-16
Kerala,Palakad,Palakkad,Kabuli Chana(Chickpeas-white),Pulses,1,13800,14500,14200,26-Oct-16
Kerala,Palakad,Vadakkenchery,Kabuli Chana(Chickpeas-white),Pulses,0.35,14000,14500,14250,26-Oct-16
Kerala,Palakad,Palakkad,Kabuli Chana(Chickpeas-white),Pulses,1,13800,14500,14200,27-Oct-16
Kerala,Palakad,Vadakkenchery,Kabuli Chana(Chickpeas-white),Pulses,0.35,14000,14500,14250,27-Oct-16
Kerala,Palakad,Palakkad,Kabuli Chana(Chickpeas-white),Pulses,1,13800,14500,14200,28-Oct-16
Kerala,Palakad,Vadakkenchery,Kabuli Chana(Chickpeas-white),Pulses,0.35,14000,14500,14250,28-Oct-16
Kerala,Palakad,Kollengode,Kabuli Chana(Chickpeas-white),Pulses,0.08,11800,12060,12000,29-Oct-16
Kerala,Palakad,Palakkad,Kabuli Chana(Chickpeas-white),Pulses,1,13800,14500,14200,31-Oct-16
Kerala,Palakad,Vadakkenchery,Kabuli Chana(Chickpeas-white),Pulses,0.35,14000,14500,14250,31-Oct-16
Kerala,Palakad,Palakkad,Kabuli Chana(Chickpeas-white),Pulses,1,13800,14500,14200,1-Nov-16
Kerala,Palakad,Palakkad,Kabuli Chana(Chickpeas-white),Pulses,1,13800,14500,14200,2-Nov-16
Kerala,Palakad,Palakkad,Kabuli Chana(Chickpeas-white),Pulses,1,13800,14500,14200,3-Nov-16
Kerala,Palakad,Vadakkenchery,Kabuli Chana(Chickpeas-white),Pulses,0.45,14500,15000,14750,3-Nov-16
Kerala,Palakad,Palakkad,Kabuli Chana(Chickpeas-white),Pulses,1,13000,14000,13600,4-Nov-16
Kerala,Palakad,Vadakkenchery,Kabuli Chana(Chickpeas-white),Pulses,0.4,14500,15000,14750,4-Nov-16
Kerala,Palakad,Kollengode,Kabuli Chana(Chickpeas-white),Pulses,0.09,11900,12060,12000,5-Nov-16
Kerala,Palakad,Palakkad,Kabuli Chana(Chickpeas-white),Pulses,1,13000,14000,13600,5-Nov-16
Kerala,Palakad,Vadakkenchery,Kabuli Chana(Chickpeas-white),Pulses,0.4,14500,15000,14750,5-Nov-16
Kerala,Palakad,Palakkad,Kabuli Chana(Chickpeas-white),Pulses,1,13000,14000,13600,7-Nov-16
Kerala,Palakad,Palakkad,Kabuli Chana(Chickpeas-white),Pulses,1,13000,14000,13600,8-Nov-16
Kerala,Palakad,Vadakkenchery,Kabuli Chana(Chickpeas-white),Pulses,0.35,14200,14700,14450,8-Nov-16
Kerala,Palakad,Kollengode,Kabuli Chana(Chickpeas-white),Pulses,0.09,11900,12060,12000,9-Nov-16
Kerala,Palakad,Palakkad,Kabuli Chana(Chickpeas-white),Pulses,1,13000,14000,13600,9-Nov-16
Kerala,Palakad,Vadakkenchery,Kabuli Chana(Chickpeas-white),Pulses,0.35,14500,15000,14750,9-Nov-16
Kerala,Palakad,Palakkad,Kabuli Chana(Chickpeas-white),Pulses,1,13000,14000,13600,10-Nov-16
Kerala,Palakad,Vadakkenchery,Kabuli Chana(Chickpeas-white),Pulses,0.35,14500,15000,14750,10-Nov-16
Kerala,Palakad,Vadakkenchery,Kabuli Chana(Chickpeas-white),Pulses,0.35,14500,15000,14750,11-Nov-16
Kerala,Palakad,Kollengode,Kabuli Chana(Chickpeas-white),Pulses,0.09,11900,12050,12000,12-Nov-16
Kerala,Palakad,Palakkad,Kabuli Chana(Chickpeas-white),Pulses,1,13000,14000,13600,14-Nov-16
Kerala,Palakad,Vadakkenchery,Kabuli Chana(Chickpeas-white),Pulses,0.4,14500,15000,14750,14-Nov-16
Kerala,Palakad,Vadakkenchery,Kabuli Chana(Chickpeas-white),Pulses,0.35,14500,15000,14750,15-Nov-16
Kerala,Palakad,Kollengode,Kabuli Chana(Chickpeas-white),Pulses,0.09,12300,12560,12500,16-Nov-16
Kerala,Palakad,Palakkad,Kabuli Chana(Chickpeas-white),Pulses,1,14000,15000,14600,16-Nov-16
Kerala,Palakad,Vadakkenchery,Kabuli Chana(Chickpeas-white),Pulses,0.35,14500,15000,14750,16-Nov-16
Kerala,Palakad,Palakkad,Kabuli Chana(Chickpeas-white),Pulses,1,14000,15000,14600,17-Nov-16
Kerala,Palakad,Vadakkenchery,Kabuli Chana(Chickpeas-white),Pulses,0.4,14500,15000,14750,17-Nov-16
Kerala,Palakad,Vadakkenchery,Kabuli Chana(Chickpeas-white),Pulses,0.35,14500,15000,14750,18-Nov-16
Kerala,Palakad,Kollengode,Kabuli Chana(Chickpeas-white),Pulses,0.09,12300,12560,12500,19-Nov-16
Kerala,Palakad,Palakkad,Kabuli Chana(Chickpeas-white),Pulses,1,14000,15000,14600,19-Nov-16
Kerala,Palakad,Vadakkenchery,Kabuli Chana(Chickpeas-white),Pulses,0.4,14500,15000,14750,19-Nov-16
Kerala,Palakad,Palakkad,Kabuli Chana(Chickpeas-white),Pulses,1,14000,14800,14500,21-Nov-16
Kerala,Palakad,Vadakkenchery,Kabuli Chana(Chickpeas-white),Pulses,0.4,14500,15000,14750,21-Nov-16
Kerala,Palakad,Palakkad,Kabuli Chana(Chickpeas-white),Pulses,1,14000,14800,14500,22-Nov-16
Kerala,Palakad,Vadakkenchery,Kabuli Chana(Chickpeas-white),Pulses,0.3,14500,15000,14750,22-Nov-16
Kerala,Palakad,Kollengode,Kabuli Chana(Chickpeas-white),Pulses,0.09,11800,12060,12000,23-Nov-16
Kerala,Palakad,Palakkad,Kabuli Chana(Chickpeas-white),Pulses,1,14000,14800,14500,23-Nov-16
Kerala,Palakad,Vadakkenchery,Kabuli Chana(Chickpeas-white),Pulses,0.35,14500,15000,14750,23-Nov-16
Kerala,Palakad,Palakkad,Kabuli Chana(Chickpeas-white),Pulses,1,14000,14800,14500,24-Nov-16
Kerala,Palakad,Vadakkenchery,Kabuli Chana(Chickpeas-white),Pulses,0.35,14500,15000,14750,24-Nov-16
Kerala,Palakad,Palakkad,Kabuli Chana(Chickpeas-white),Pulses,1,14000,14800,14500,25-Nov-16
Kerala,Palakad,Vadakkenchery,Kabuli Chana(Chickpeas-white),Pulses,0.4,14500,15000,14750,25-Nov-16
Kerala,Palakad,Kollengode,Kabuli Chana(Chickpeas-white),Pulses,0.09,12000,12260,12200,26-Nov-16
Kerala,Palakad,Palakkad,Kabuli Chana(Chickpeas-white),Pulses,1,14000,14800,14500,26-Nov-16
Kerala,Palakad,Vadakkenchery,Kabuli Chana(Chickpeas-white),Pulses,0.4,14500,15000,14750,26-Nov-16
Kerala,Palakad,Vadakkenchery,Kabuli Chana(Chickpeas-white),Pulses,0.3,14500,15000,14750,28-Nov-16
Kerala,Palakad,Palakkad,Kabuli Chana(Chickpeas-white),Pulses,1,14000,14800,14500,29-Nov-16
Kerala,Palakad,Vadakkenchery,Kabuli Chana(Chickpeas-white),Pulses,0.3,14500,15000,14750,29-Nov-16
Kerala,Palakad,Palakkad,Kabuli Chana(Chickpeas-white),Pulses,1,14000,14800,14500,30-Nov-16
Kerala,Palakad,Vadakkenchery,Kabuli Chana(Chickpeas-white),Pulses,0.35,14500,15000,14750,30-Nov-16
Kerala,Palakad,Palakkad,Kabuli Chana(Chickpeas-white),Pulses,1,14000,14800,14500,1-Dec-16
Kerala,Palakad,Palakkad,Kabuli Chana(Chickpeas-white),Pulses,1,14000,14800,14500,2-Dec-16
Kerala,Palakad,Kollengode,Kabuli Chana(Chickpeas-white),Pulses,0.09,13300,13560,13500,3-Dec-16
Kerala,Palakad,Palakkad,Kabuli Chana(Chickpeas-white),Pulses,1,14000,14800,14500,3-Dec-16
Kerala,Palakad,Vadakkenchery,Kabuli Chana(Chickpeas-white),Pulses,0.4,14500,15000,14750,3-Dec-16
Kerala,Palakad,Palakkad,Kabuli Chana(Chickpeas-white),Pulses,1,14000,14800,14500,5-Dec-16
Kerala,Palakad,Vadakkenchery,Kabuli Chana(Chickpeas-white),Pulses,0.4,14500,15000,14750,5-Dec-16
Kerala,Palakad,Kollengode,Kabuli Chana(Chickpeas-white),Pulses,0.09,11800,12060,12000,7-Dec-16
Kerala,Palakad,Palakkad,Kabuli Chana(Chickpeas-white),Pulses,1,14000,14800,14500,7-Dec-16
Kerala,Palakad,Vadakkenchery,Kabuli Chana(Chickpeas-white),Pulses,0.4,14500,15000,14750,8-Dec-16
Kerala,Palakad,Palakkad,Kabuli Chana(Chickpeas-white),Pulses,1,14200,15000,14700,9-Dec-16
Kerala,Palakad,Vadakkenchery,Kabuli Chana(Chickpeas-white),Pulses,0.4,14000,14500,14250,9-Dec-16
Kerala,Palakad,Kollengode,Kabuli Chana(Chickpeas-white),Pulses,0.09,11750,12060,12000,10-Dec-16
Kerala,Palakad,Vadakkenchery,Kabuli Chana(Chickpeas-white),Pulses,0.4,14000,14500,14250,13-Dec-16
Kerala,Palakad,Kollengode,Kabuli Chana(Chickpeas-white),Pulses,0.09,12850,13060,13000,14-Dec-16
Kerala,Palakad,Palakkad,Kabuli Chana(Chickpeas-white),Pulses,1,14200,15000,14700,14-Dec-16
Kerala,Palakad,Vadakkenchery,Kabuli Chana(Chickpeas-white),Pulses,0.35,14000,14500,14250,14-Dec-16
Kerala,Palakad,Palakkad,Kabuli Chana(Chickpeas-white),Pulses,1,14200,15000,14700,15-Dec-16
Kerala,Palakad,Vadakkenchery,Kabuli Chana(Chickpeas-white),Pulses,0.35,14000,14500,14250,15-Dec-16
Kerala,Palakad,Palakkad,Kabuli Chana(Chickpeas-white),Pulses,1,14200,15000,14700,16-Dec-16
Kerala,Palakad,Vadakkenchery,Kabuli Chana(Chickpeas-white),Pulses,0.4,14500,15000,14750,16-Dec-16
Kerala,Palakad,Kollengode,Kabuli Chana(Chickpeas-white),Pulses,0.09,12300,12560,12500,17-Dec-16
Kerala,Palakad,Palakkad,Kabuli Chana(Chickpeas-white),Pulses,1,14000,15000,14600,17-Dec-16
Kerala,Palakad,Vadakkenchery,Kabuli Chana(Chickpeas-white),Pulses,0.35,14500,15000,14750,17-Dec-16
Kerala,Palakad,Palakkad,Kabuli Chana(Chickpeas-white),Pulses,1,14000,15000,14600,19-Dec-16
Kerala,Palakad,Vadakkenchery,Kabuli Chana(Chickpeas-white),Pulses,0.35,14000,14500,14250,19-Dec-16
Kerala,Palakad,Vadakkenchery,Kabuli Chana(Chickpeas-white),Pulses,0.3,10500,11000,10750,20-Dec-16
Kerala,Palakad,Vadakkenchery,Kabuli Chana(Chickpeas-white),Pulses,0.3,10500,11000,10750,21-Dec-16
Kerala,Palakad,Palakkad,Kabuli Chana(Chickpeas-white),Pulses,1,14000,15000,14600,22-Dec-16
Kerala,Palakad,Vadakkenchery,Kabuli Chana(Chickpeas-white),Pulses,0.35,14500,15000,14750,22-Dec-16
Kerala,Palakad,Palakkad,Kabuli Chana(Chickpeas-white),Pulses,1,14000,15000,14600,23-Dec-16
Kerala,Palakad,Vadakkenchery,Kabuli Chana(Chickpeas-white),Pulses,0.3,14500,15000,14750,23-Dec-16
Kerala,Palakad,Kollengode,Kabuli Chana(Chickpeas-white),Pulses,0.09,12300,12560,12500,24-Dec-16
Kerala,Palakad,Palakkad,Kabuli Chana(Chickpeas-white),Pulses,1,14000,15000,14600,24-Dec-16
Kerala,Palakad,Vadakkenchery,Kabuli Chana(Chickpeas-white),Pulses,0.35,14500,15000,14750,24-Dec-16
Kerala,Palakad,Palakkad,Kabuli Chana(Chickpeas-white),Pulses,1,14000,15000,14600,26-Dec-16
Kerala,Palakad,Vadakkenchery,Kabuli Chana(Chickpeas-white),Pulses,0.4,14000,14500,14250,26-Dec-16
Kerala,Palakad,Palakkad,Kabuli Chana(Chickpeas-white),Pulses,1,14000,15000,14600,27-Dec-16
Kerala,Palakad,Vadakkenchery,Kabuli Chana(Chickpeas-white),Pulses,0.4,14000,14500,14250,27-Dec-16
Kerala,Palakad,Palakkad,Kabuli Chana(Chickpeas-white),Pulses,1,14000,15000,14600,28-Dec-16
Kerala,Palakad,Vadakkenchery,Kabuli Chana(Chickpeas-white),Pulses,0.35,14500,15000,14750,29-Dec-16
Kerala,Palakad,Palakkad,Kabuli Chana(Chickpeas-white),Pulses,1,14000,15000,14600,30-Dec-16
Kerala,Palakad,Kollengode,Kabuli Chana(Chickpeas-white),Pulses,0.09,12200,12460,12400,31-Dec-16
Kerala,Palakad,Palakkad,Kabuli Chana(Chickpeas-white),Pulses,1,14000,15000,14600,31-Dec-16
Kerala,Palakad,Vadakkenchery,Kabuli Chana(Chickpeas-white),Pulses,0.4,14500,15000,14750,31-Dec-16
Kerala,Palakad,Palakkad,Kabuli Chana(Chickpeas-white),Pulses,1,14000,15000,14600,3-Jan-17
Kerala,Palakad,Vadakkenchery,Kabuli Chana(Chickpeas-white),Pulses,0.4,14500,15000,14750,3-Jan-17
Kerala,Palakad,Kollengode,Kabuli Chana(Chickpeas-white),Pulses,0.09,15350,15560,15500,4-Jan-17
Kerala,Palakad,Palakkad,Kabuli Chana(Chickpeas-white),Pulses,1,14000,15000,14600,4-Jan-17
Kerala,Palakad,Vadakkenchery,Kabuli Chana(Chickpeas-white),Pulses,0.4,14500,15000,14750,4-Jan-17
Kerala,Palakad,Palakkad,Kabuli Chana(Chickpeas-white),Pulses,1,14000,15000,14600,5-Jan-17
Kerala,Palakad,Vadakkenchery,Kabuli Chana(Chickpeas-white),Pulses,0.4,14500,15000,14750,5-Jan-17
Kerala,Palakad,Vadakkenchery,Kabuli Chana(Chickpeas-white),Pulses,0.35,14000,14500,14250,6-Jan-17
Kerala,Palakad,Kollengode,Kabuli Chana(Chickpeas-white),Pulses,0.09,15300,15560,15500,7-Jan-17
Kerala,Palakad,Palakkad,Kabuli Chana(Chickpeas-white),Pulses,1,14000,15000,14600,9-Jan-17
Kerala,Palakad,Palakkad,Kabuli Chana(Chickpeas-white),Pulses,1,14000,15000,14600,10-Jan-17
Kerala,Palakad,Kollengode,Kabuli Chana(Chickpeas-white),Pulses,0.09,13800,14060,14000,11-Jan-17
Kerala,Palakad,Palakkad,Kabuli Chana(Chickpeas-white),Pulses,1,14000,15000,14600,11-Jan-17
Kerala,Palakad,Vadakkenchery,Kabuli Chana(Chickpeas-white),Pulses,0.3,14000,14500,14250,11-Jan-17
Kerala,Palakad,Palakkad,Kabuli Chana(Chickpeas-white),Pulses,1,14000,15000,14600,12-Jan-17
Kerala,Palakad,Vadakkenchery,Kabuli Chana(Chickpeas-white),Pulses,0.3,13500,14000,13750,12-Jan-17
Kerala,Palakad,Palakkad,Kabuli Chana(Chickpeas-white),Pulses,1,14400,15500,15000,13-Jan-17
Kerala,Palakad,Vadakkenchery,Kabuli Chana(Chickpeas-white),Pulses,0.25,13500,14000,13750,13-Jan-17
Kerala,Palakad,Kollengode,Kabuli Chana(Chickpeas-white),Pulses,0.09,13800,14060,14000,14-Jan-17
Kerala,Palakad,Palakkad,Kabuli Chana(Chickpeas-white),Pulses,1,14400,15500,15000,16-Jan-17
Kerala,Palakad,Vadakkenchery,Kabuli Chana(Chickpeas-white),Pulses,0.1,14000,15000,14500,16-Jan-17
Kerala,Palakad,Palakkad,Kabuli Chana(Chickpeas-white),Pulses,1,14400,15500,15000,17-Jan-17
Kerala,Palakad,Vadakkenchery,Kabuli Chana(Chickpeas-white),Pulses,0.2,14500,15500,15000,17-Jan-17
Kerala,Palakad,Kollengode,Kabuli Chana(Chickpeas-white),Pulses,0.09,12150,12460,12400,18-Jan-17
Kerala,Palakad,Palakkad,Kabuli Chana(Chickpeas-white),Pulses,1,14400,15500,15000,18-Jan-17
Kerala,Palakad,Vadakkenchery,Kabuli Chana(Chickpeas-white),Pulses,0.15,14500,15500,15000,18-Jan-17
Kerala,Palakad,Palakkad,Kabuli Chana(Chickpeas-white),Pulses,1,14400,15500,15000,19-Jan-17
Kerala,Palakad,Vadakkenchery,Kabuli Chana(Chickpeas-white),Pulses,0.1,14500,15500,15000,19-Jan-17
Kerala,Palakad,Palakkad,Kabuli Chana(Chickpeas-white),Pulses,1,14400,15500,15000,20-Jan-17
Kerala,Palakad,Vadakkenchery,Kabuli Chana(Chickpeas-white),Pulses,0.15,14500,15500,15000,20-Jan-17
Kerala,Palakad,Kollengode,Kabuli Chana(Chickpeas-white),Pulses,0.09,12150,12460,12400,21-Jan-17
Kerala,Palakad,Palakkad,Kabuli Chana(Chickpeas-white),Pulses,1,14400,15500,15000,21-Jan-17
Kerala,Palakad,Vadakkenchery,Kabuli Chana(Chickpeas-white),Pulses,0.1,14500,15500,15000,21-Jan-17
Kerala,Palakad,Palakkad,Kabuli Chana(Chickpeas-white),Pulses,1,14400,15500,15000,23-Jan-17
Kerala,Palakad,Vadakkenchery,Kabuli Chana(Chickpeas-white),Pulses,0.2,14000,14500,14250,23-Jan-17
Kerala,Palakad,Palakkad,Kabuli Chana(Chickpeas-white),Pulses,1,14400,15500,15000,24-Jan-17
Kerala,Palakad,Vadakkenchery,Kabuli Chana(Chickpeas-white),Pulses,0.3,14300,14800,14550,24-Jan-17
Kerala,Palakad,Kollengode,Kabuli Chana(Chickpeas-white),Pulses,0.09,11800,12060,12000,25-Jan-17
Kerala,Palakad,Palakkad,Kabuli Chana(Chickpeas-white),Pulses,1,14400,15500,15000,25-Jan-17
Kerala,Palakad,Vadakkenchery,Kabuli Chana(Chickpeas-white),Pulses,0.35,15000,15500,15250,25-Jan-17
Kerala,Palakad,Vadakkenchery,Kabuli Chana(Chickpeas-white),Pulses,0.35,15000,15500,15250,27-Jan-17
Kerala,Palakad,Kollengode,Kabuli Chana(Chickpeas-white),Pulses,0.09,11850,12060,12000,28-Jan-17
Kerala,Palakad,Palakkad,Kabuli Chana(Chickpeas-white),Pulses,1,14400,15500,15000,28-Jan-17
Kerala,Palakad,Vadakkenchery,Kabuli Chana(Chickpeas-white),Pulses,0.4,14500,15000,14750,28-Jan-17
Kerala,Palakad,Palakkad,Kabuli Chana(Chickpeas-white),Pulses,1,14400,15500,15000,30-Jan-17
Kerala,Palakad,Vadakkenchery,Kabuli Chana(Chickpeas-white),Pulses,0.2,14000,14500,14250,30-Jan-17
Kerala,Palakad,Palakkad,Kabuli Chana(Chickpeas-white),Pulses,1,14400,15500,15000,31-Jan-17
Kerala,Palakad,Vadakkenchery,Kabuli Chana(Chickpeas-white),Pulses,0.2,14000,14500,14250,31-Jan-17
Kerala,Palakad,Kollengode,Kabuli Chana(Chickpeas-white),Pulses,0.09,11850,12060,12000,1-Feb-17
Kerala,Palakad,Palakkad,Kabuli Chana(Chickpeas-white),Pulses,1,14400,15500,15000,1-Feb-17
Kerala,Palakad,Vadakkenchery,Kabuli Chana(Chickpeas-white),Pulses,0.2,14000,14500,14250,1-Feb-17
Kerala,Palakad,Palakkad,Kabuli Chana(Chickpeas-white),Pulses,1,14400,15500,15000,2-Feb-17
Kerala,Palakad,Vadakkenchery,Kabuli Chana(Chickpeas-white),Pulses,0.25,14500,15000,14750,2-Feb-17
Kerala,Palakad,Palakkad,Kabuli Chana(Chickpeas-white),Pulses,1,14400,15500,15000,3-Feb-17
Kerala,Palakad,Vadakkenchery,Kabuli Chana(Chickpeas-white),Pulses,0.15,14500,15000,14750,3-Feb-17
Kerala,Palakad,Kollengode,Kabuli Chana(Chickpeas-white),Pulses,0.09,11800,12060,12000,4-Feb-17
Kerala,Palakad,Palakkad,Kabuli Chana(Chickpeas-white),Pulses,1,14400,15500,15000,4-Feb-17
Kerala,Palakad,Vadakkenchery,Kabuli Chana(Chickpeas-white),Pulses,0.2,14500,15000,14750,4-Feb-17
Kerala,Palakad,Palakkad,Kabuli Chana(Chickpeas-white),Pulses,1,14400,15500,15000,6-Feb-17
Kerala,Palakad,Vadakkenchery,Kabuli Chana(Chickpeas-white),Pulses,0.25,14500,15000,14750,6-Feb-17
Kerala,Palakad,Palakkad,Kabuli Chana(Chickpeas-white),Pulses,1,14500,15500,15100,7-Feb-17
Kerala,Palakad,Vadakkenchery,Kabuli Chana(Chickpeas-white),Pulses,0.25,14500,15000,14750,7-Feb-17
Kerala,Palakad,Palakkad,Kabuli Chana(Chickpeas-white),Pulses,1,14400,15500,15000,8-Feb-17
Kerala,Palakad,Vadakkenchery,Kabuli Chana(Chickpeas-white),Pulses,0.25,14500,15000,14750,8-Feb-17
Kerala,Palakad,Palakkad,Kabuli Chana(Chickpeas-white),Pulses,1,14400,15500,15000,9-Feb-17
Kerala,Palakad,Vadakkenchery,Kabuli Chana(Chickpeas-white),Pulses,0.2,14500,15000,14750,9-Feb-17
Kerala,Palakad,Palakkad,Kabuli Chana(Chickpeas-white),Pulses,1,14500,15500,15100,10-Feb-17
Kerala,Palakad,Vadakkenchery,Kabuli Chana(Chickpeas-white),Pulses,0.25,15000,15500,15250,10-Feb-17
Kerala,Palakad,Kollengode,Kabuli Chana(Chickpeas-white),Pulses,0.09,11850,12060,12000,11-Feb-17
Kerala,Palakad,Palakkad,Kabuli Chana(Chickpeas-white),Pulses,1,14500,15500,15100,13-Feb-17
Kerala,Palakad,Vadakkenchery,Kabuli Chana(Chickpeas-white),Pulses,0.25,14200,14700,14450,13-Feb-17
Kerala,Palakad,Palakkad,Kabuli Chana(Chickpeas-white),Pulses,1,14500,15500,15100,14-Feb-17
Kerala,Palakad,Vadakkenchery,Kabuli Chana(Chickpeas-white),Pulses,0.25,14500,15000,14750,14-Feb-17
Kerala,Palakad,Kollengode,Kabuli Chana(Chickpeas-white),Pulses,0.1,12350,12560,12500,15-Feb-17
Kerala,Palakad,Palakkad,Kabuli Chana(Chickpeas-white),Pulses,1,14500,15500,15100,15-Feb-17
Kerala,Palakad,Vadakkenchery,Kabuli Chana(Chickpeas-white),Pulses,0.2,14500,15000,14750,15-Feb-17
Kerala,Palakad,Vadakkenchery,Kabuli Chana(Chickpeas-white),Pulses,0.2,14500,15000,14750,16-Feb-17
Kerala,Palakad,Palakkad,Kabuli Chana(Chickpeas-white),Pulses,1,14500,15500,15100,17-Feb-17
Kerala,Palakad,Vadakkenchery,Kabuli Chana(Chickpeas-white),Pulses,0.2,14200,14700,14450,17-Feb-17
Kerala,Palakad,Kollengode,Kabuli Chana(Chickpeas-white),Pulses,0.1,12300,12560,12500,18-Feb-17
Kerala,Palakad,Palakkad,Kabuli Chana(Chickpeas-white),Pulses,1,14500,15500,15100,18-Feb-17
Kerala,Palakad,Vadakkenchery,Kabuli Chana(Chickpeas-white),Pulses,0.25,14500,15000,14750,18-Feb-17
Kerala,Palakad,Palakkad,Kabuli Chana(Chickpeas-white),Pulses,1,14500,15500,15100,20-Feb-17
Kerala,Palakad,Vadakkenchery,Kabuli Chana(Chickpeas-white),Pulses,0.2,14000,14500,14250,20-Feb-17
Kerala,Palakad,Palakkad,Kabuli Chana(Chickpeas-white),Pulses,1,14500,15500,15100,21-Feb-17
Kerala,Palakad,Vadakkenchery,Kabuli Chana(Chickpeas-white),Pulses,0.2,14200,14700,14450,21-Feb-17
Kerala,Palakad,Kollengode,Kabuli Chana(Chickpeas-white),Pulses,0.1,11850,12060,12000,22-Feb-17
Kerala,Palakad,Palakkad,Kabuli Chana(Chickpeas-white),Pulses,1,14500,15500,15100,22-Feb-17
Kerala,Palakad,Vadakkenchery,Kabuli Chana(Chickpeas-white),Pulses,0.2,14200,14700,14450,22-Feb-17
Kerala,Palakad,Palakkad,Kabuli Chana(Chickpeas-white),Pulses,1,14500,15500,15100,23-Feb-17
Kerala,Palakad,Vadakkenchery,Kabuli Chana(Chickpeas-white),Pulses,0.25,14300,14800,14550,23-Feb-17
Kerala,Palakad,Kollengode,Kabuli Chana(Chickpeas-white),Pulses,0.1,12350,12560,12500,25-Feb-17
Kerala,Palakad,Palakkad,Kabuli Chana(Chickpeas-white),Pulses,1,14500,15500,15100,25-Feb-17
Kerala,Palakad,Vadakkenchery,Kabuli Chana(Chickpeas-white),Pulses,0.2,14300,14800,14550,25-Feb-17
Kerala,Palakad,Palakkad,Kabuli Chana(Chickpeas-white),Pulses,1,14500,15500,15100,27-Feb-17
Kerala,Palakad,Vadakkenchery,Kabuli Chana(Chickpeas-white),Pulses,0.25,14300,14800,14550,27-Feb-17
Kerala,Palakad,Palakkad,Kabuli Chana(Chickpeas-white),Pulses,1,14500,15500,15100,28-Feb-17
Kerala,Palakad,Vadakkenchery,Kabuli Chana(Chickpeas-white),Pulses,0.25,14300,14700,14500,28-Feb-17
Kerala,Palakad,Kollengode,Kabuli Chana(Chickpeas-white),Pulses,0.1,11850,12060,12000,1-Mar-17
Kerala,Palakad,Palakkad,Kabuli Chana(Chickpeas-white),Pulses,1,14500,15500,15100,1-Mar-17
Kerala,Palakad,Vadakkenchery,Kabuli Chana(Chickpeas-white),Pulses,0.2,14300,14800,14550,1-Mar-17
Kerala,Palakad,Palakkad,Kabuli Chana(Chickpeas-white),Pulses,1,14500,15500,15100,2-Mar-17
Kerala,Palakad,Vadakkenchery,Kabuli Chana(Chickpeas-white),Pulses,0.18,14300,14800,14550,2-Mar-17
Kerala,Palakad,Palakkad,Kabuli Chana(Chickpeas-white),Pulses,1,14500,15500,15100,3-Mar-17
Kerala,Palakad,Vadakkenchery,Kabuli Chana(Chickpeas-white),Pulses,0.2,14300,14800,14550,3-Mar-17
Kerala,Palakad,Kollengode,Kabuli Chana(Chickpeas-white),Pulses,0.1,10850,11060,11000,4-Mar-17
Kerala,Palakad,Palakkad,Kabuli Chana(Chickpeas-white),Pulses,1,14500,15500,15100,4-Mar-17
Kerala,Palakad,Vadakkenchery,Kabuli Chana(Chickpeas-white),Pulses,0.18,14300,14800,14550,4-Mar-17
Kerala,Palakad,Palakkad,Kabuli Chana(Chickpeas-white),Pulses,1,14500,15500,15100,6-Mar-17
Kerala,Palakad,Vadakkenchery,Kabuli Chana(Chickpeas-white),Pulses,0.2,14200,14700,14450,6-Mar-17
Kerala,Palakad,Palakkad,Kabuli Chana(Chickpeas-white),Pulses,1,14500,15500,15100,7-Mar-17
Kerala,Palakad,Vadakkenchery,Kabuli Chana(Chickpeas-white),Pulses,0.2,14300,14800,14550,7-Mar-17
Kerala,Palakad,Kollengode,Kabuli Chana(Chickpeas-white),Pulses,0.1,10850,11060,11000,8-Mar-17
Kerala,Palakad,Vadakkenchery,Kabuli Chana(Chickpeas-white),Pulses,0.2,14300,14800,14550,8-Mar-17
Kerala,Palakad,Palakkad,Kabuli Chana(Chickpeas-white),Pulses,1,14500,15500,15100,9-Mar-17
Kerala,Palakad,Vadakkenchery,Kabuli Chana(Chickpeas-white),Pulses,0.2,14500,15000,14750,9-Mar-17
Kerala,Palakad,Palakkad,Kabuli Chana(Chickpeas-white),Pulses,1,14500,15500,15100,10-Mar-17
Kerala,Palakad,Kollengode,Kabuli Chana(Chickpeas-white),Pulses,0.1,11850,12060,12000,11-Mar-17
Kerala,Palakad,Palakkad,Kabuli Chana(Chickpeas-white),Pulses,1,14500,15500,15100,13-Mar-17
Kerala,Palakad,Vadakkenchery,Kabuli Chana(Chickpeas-white),Pulses,0.25,14500,15000,14750,13-Mar-17
Kerala,Palakad,Palakkad,Kabuli Chana(Chickpeas-white),Pulses,1,14500,15500,15100,14-Mar-17
Kerala,Palakad,Vadakkenchery,Kabuli Chana(Chickpeas-white),Pulses,0.25,14500,15000,14750,14-Mar-17
Kerala,Palakad,Kollengode,Kabuli Chana(Chickpeas-white),Pulses,0.1,11850,12060,12000,15-Mar-17
Kerala,Palakad,Palakkad,Kabuli Chana(Chickpeas-white),Pulses,1,14500,15500,15100,15-Mar-17
Kerala,Palakad,Vadakkenchery,Kabuli Chana(Chickpeas-white),Pulses,0.2,14500,15000,14750,15-Mar-17
Kerala,Palakad,Palakkad,Kabuli Chana(Chickpeas-white),Pulses,1,14500,15500,15100,16-Mar-17
Kerala,Palakad,Vadakkenchery,Kabuli Chana(Chickpeas-white),Pulses,0.2,14500,15000,14750,16-Mar-17
Kerala,Palakad,Palakkad,Kabuli Chana(Chickpeas-white),Pulses,1,14500,15500,15100,17-Mar-17
Kerala,Palakad,Vadakkenchery,Kabuli Chana(Chickpeas-white),Pulses,0.23,14500,15000,14750,17-Mar-17
Kerala,Palakad,Kollengode,Kabuli Chana(Chickpeas-white),Pulses,0.1,11850,12060,12000,18-Mar-17
Kerala,Palakad,Palakkad,Kabuli Chana(Chickpeas-white),Pulses,1,12000,13000,12600,18-Mar-17
Kerala,Palakad,Vadakkenchery,Kabuli Chana(Chickpeas-white),Pulses,0.2,14500,15000,14750,18-Mar-17
Kerala,Palakad,Palakkad,Kabuli Chana(Chickpeas-white),Pulses,1,12000,13000,12600,20-Mar-17
Kerala,Palakad,Vadakkenchery,Kabuli Chana(Chickpeas-white),Pulses,0.2,14500,15000,14750,20-Mar-17
Kerala,Palakad,Vadakkenchery,Kabuli Chana(Chickpeas-white),Pulses,0.25,14500,15000,14750,21-Mar-17
Kerala,Palakad,Palakkad,Kabuli Chana(Chickpeas-white),Pulses,1,12000,13000,12600,22-Mar-17
Kerala,Palakad,Palakkad,Kabuli Chana(Chickpeas-white),Pulses,1,12000,13000,12600,23-Mar-17
Kerala,Palakad,Vadakkenchery,Kabuli Chana(Chickpeas-white),Pulses,0.2,14500,15000,14750,23-Mar-17
Kerala,Palakad,Palakkad,Kabuli Chana(Chickpeas-white),Pulses,1,12000,13000,12600,24-Mar-17
Kerala,Palakad,Kollengode,Kabuli Chana(Chickpeas-white),Pulses,0.1,11850,12060,12000,25-Mar-17
Kerala,Palakad,Palakkad,Kabuli Chana(Chickpeas-white),Pulses,1,11800,12800,12400,25-Mar-17
Kerala,Palakad,Vadakkenchery,Kabuli Chana(Chickpeas-white),Pulses,0.2,14500,15000,14750,25-Mar-17
Kerala,Palakad,Palakkad,Kabuli Chana(Chickpeas-white),Pulses,1,11800,12800,12400,27-Mar-17
Kerala,Palakad,Vadakkenchery,Kabuli Chana(Chickpeas-white),Pulses,0.25,14500,15000,14750,27-Mar-17
Kerala,Palakad,Palakkad,Kabuli Chana(Chickpeas-white),Pulses,1,11800,12800,12400,28-Mar-17
Kerala,Palakad,Vadakkenchery,Kabuli Chana(Chickpeas-white),Pulses,0.2,14500,15000,14750,28-Mar-17
Kerala,Palakad,Kollengode,Kabuli Chana(Chickpeas-white),Pulses,0.1,11850,12060,12000,29-Mar-17
Kerala,Palakad,Palakkad,Kabuli Chana(Chickpeas-white),Pulses,1,11800,12800,12400,29-Mar-17
Kerala,Palakad,Vadakkenchery,Kabuli Chana(Chickpeas-white),Pulses,0.18,14500,15000,14750,29-Mar-17
Kerala,Palakad,Palakkad,Kabuli Chana(Chickpeas-white),Pulses,1,11800,12800,12400,30-Mar-17
Kerala,Palakad,Vadakkenchery,Kabuli Chana(Chickpeas-white),Pulses,0.2,14500,15000,14750,30-Mar-17
Kerala,Palakad,Palakkad,Kabuli Chana(Chickpeas-white),Pulses,1,11800,12800,12400,31-Mar-17
Kerala,Palakad,Vadakkenchery,Kabuli Chana(Chickpeas-white),Pulses,0.2,14500,15000,14750,31-Mar-17
Kerala,Palakad,Kollengode,Kabuli Chana(Chickpeas-white),Pulses,0.1,11850,12060,12000,1-Apr-17
Kerala,Palakad,Palakkad,Kabuli Chana(Chickpeas-white),Pulses,1,11800,12800,12400,1-Apr-17
Kerala,Palakad,Vadakkenchery,Kabuli Chana(Chickpeas-white),Pulses,0.15,14500,15000,14750,1-Apr-17
Kerala,Palakad,Palakkad,Kabuli Chana(Chickpeas-white),Pulses,1,11800,12800,12400,3-Apr-17
Kerala,Palakad,Vadakkenchery,Kabuli Chana(Chickpeas-white),Pulses,0.2,14500,15000,14750,3-Apr-17
Kerala,Palakad,Palakkad,Kabuli Chana(Chickpeas-white),Pulses,1,11800,12800,12400,4-Apr-17
Kerala,Palakad,Vadakkenchery,Kabuli Chana(Chickpeas-white),Pulses,0.22,14500,15000,14750,4-Apr-17
Kerala,Palakad,Kollengode,Kabuli Chana(Chickpeas-white),Pulses,0.09,11850,12060,12000,5-Apr-17
Kerala,Palakad,Vadakkenchery,Kabuli Chana(Chickpeas-white),Pulses,0.2,14500,15000,14750,5-Apr-17
Kerala,Palakad,Palakkad,Kabuli Chana(Chickpeas-white),Pulses,1,12000,13000,12600,7-Apr-17
Kerala,Palakad,Vadakkenchery,Kabuli Chana(Chickpeas-white),Pulses,0.2,14500,15000,14750,7-Apr-17
Kerala,Palakad,Kollengode,Kabuli Chana(Chickpeas-white),Pulses,0.1,11850,12060,12000,8-Apr-17
Kerala,Palakad,Palakkad,Kabuli Chana(Chickpeas-white),Pulses,1,12000,13000,12600,10-Apr-17
Kerala,Palakad,Vadakkenchery,Kabuli Chana(Chickpeas-white),Pulses,0.2,14500,15000,14750,10-Apr-17
Kerala,Palakad,Palakkad,Kabuli Chana(Chickpeas-white),Pulses,1,12000,13000,12600,11-Apr-17
Kerala,Palakad,Vadakkenchery,Kabuli Chana(Chickpeas-white),Pulses,0.22,14500,15000,14750,11-Apr-17
Kerala,Palakad,Kollengode,Kabuli Chana(Chickpeas-white),Pulses,0.1,11850,12060,12000,12-Apr-17
Kerala,Palakad,Palakkad,Kabuli Chana(Chickpeas-white),Pulses,1,12000,13000,12600,12-Apr-17
Kerala,Palakad,Vadakkenchery,Kabuli Chana(Chickpeas-white),Pulses,0.25,14500,15000,14750,12-Apr-17
Kerala,Palakad,Kollengode,Kabuli Chana(Chickpeas-white),Pulses,0.1,11850,12060,12000,15-Apr-17
Kerala,Palakad,Palakkad,Kabuli Chana(Chickpeas-white),Pulses,1,12000,13000,12600,15-Apr-17
Kerala,Palakad,Vadakkenchery,Kabuli Chana(Chickpeas-white),Pulses,0.2,14500,15000,14750,15-Apr-17
Kerala,Palakad,Palakkad,Kabuli Chana(Chickpeas-white),Pulses,1,12000,13000,12600,17-Apr-17
Kerala,Palakad,Palakkad,Kabuli Chana(Chickpeas-white),Pulses,1,12000,13000,12600,18-Apr-17
Kerala,Palakad,Kollengode,Kabuli Chana(Chickpeas-white),Pulses,0.1,11650,11860,11800,19-Apr-17
Kerala,Palakad,Palakkad,Kabuli Chana(Chickpeas-white),Pulses,1,12000,13000,12600,19-Apr-17
Kerala,Palakad,Vadakkenchery,Kabuli Chana(Chickpeas-white),Pulses,0.22,14500,15000,14750,19-Apr-17
Kerala,Palakad,Palakkad,Kabuli Chana(Chickpeas-white),Pulses,1,12000,13000,12600,20-Apr-17
Kerala,Palakad,Vadakkenchery,Kabuli Chana(Chickpeas-white),Pulses,0.2,14500,15000,14750,20-Apr-17
Kerala,Palakad,Palakkad,Kabuli Chana(Chickpeas-white),Pulses,1,12000,13000,12600,21-Apr-17
Kerala,Palakad,Vadakkenchery,Kabuli Chana(Chickpeas-white),Pulses,0.18,14500,15000,14750,21-Apr-17
Kerala,Palakad,Kollengode,Kabuli Chana(Chickpeas-white),Pulses,0.1,11650,11860,11800,22-Apr-17
Kerala,Palakad,Palakkad,Kabuli Chana(Chickpeas-white),Pulses,1,13500,14500,14100,22-Apr-17
Kerala,Palakad,Vadakkenchery,Kabuli Chana(Chickpeas-white),Pulses,0.15,14500,15000,14750,22-Apr-17
Kerala,Palakad,Palakkad,Kabuli Chana(Chickpeas-white),Pulses,1,13500,14500,14100,24-Apr-17
Kerala,Palakad,Palakkad,Kabuli Chana(Chickpeas-white),Pulses,1,13500,14500,14100,25-Apr-17
Kerala,Palakad,Vadakkenchery,Kabuli Chana(Chickpeas-white),Pulses,0.16,14000,14500,14250,25-Apr-17
Kerala,Palakad,Kollengode,Kabuli Chana(Chickpeas-white),Pulses,0.1,11850,12060,12000,26-Apr-17
Kerala,Palakad,Palakkad,Kabuli Chana(Chickpeas-white),Pulses,1,13500,14500,14100,26-Apr-17
Kerala,Palakad,Vadakkenchery,Kabuli Chana(Chickpeas-white),Pulses,0.2,14000,14500,14250,26-Apr-17
Kerala,Palakad,Palakkad,Kabuli Chana(Chickpeas-white),Pulses,1,13500,14500,14100,27-Apr-17
Kerala,Palakad,Vadakkenchery,Kabuli Chana(Chickpeas-white),Pulses,0.22,14500,15000,14750,27-Apr-17
Kerala,Palakad,Vadakkenchery,Kabuli Chana(Chickpeas-white),Pulses,0.2,14000,14500,14250,28-Apr-17
Kerala,Palakad,Kollengode,Kabuli Chana(Chickpeas-white),Pulses,0.1,11850,12060,12000,29-Apr-17
Kerala,Palakad,Palakkad,Kabuli Chana(Chickpeas-white),Pulses,1,13500,14500,14100,29-Apr-17
Kerala,Palakad,Vadakkenchery,Kabuli Chana(Chickpeas-white),Pulses,0.15,14000,14500,14250,29-Apr-17
Kerala,Palakad,Vadakkenchery,Kabuli Chana(Chickpeas-white),Pulses,0.13,14000,14500,14250,2-May-17
Kerala,Palakad,Kollengode,Kabuli Chana(Chickpeas-white),Pulses,0.1,11850,12060,12000,3-May-17
Kerala,Palakad,Palakkad,Kabuli Chana(Chickpeas-white),Pulses,1,13500,14500,14100,3-May-17
Kerala,Palakad,Vadakkenchery,Kabuli Chana(Chickpeas-white),Pulses,0.13,14300,14800,14550,3-May-17
Kerala,Palakad,Palakkad,Kabuli Chana(Chickpeas-white),Pulses,1,13500,14500,14100,4-May-17
Kerala,Palakad,Vadakkenchery,Kabuli Chana(Chickpeas-white),Pulses,0.17,14300,14800,14550,4-May-17
Kerala,Palakad,Palakkad,Kabuli Chana(Chickpeas-white),Pulses,1,13500,14500,14100,5-May-17
Kerala,Palakad,Vadakkenchery,Kabuli Chana(Chickpeas-white),Pulses,0.15,14300,14800,14550,5-May-17
Kerala,Palakad,Kollengode,Kabuli Chana(Chickpeas-white),Pulses,0.1,11850,12060,12000,6-May-17
Kerala,Palakad,Palakkad,Kabuli Chana(Chickpeas-white),Pulses,1,13500,14500,14100,6-May-17
Kerala,Palakad,Vadakkenchery,Kabuli Chana(Chickpeas-white),Pulses,0.15,14500,15000,14750,6-May-17
Kerala,Palakad,Palakkad,Kabuli Chana(Chickpeas-white),Pulses,1,13500,14500,14100,8-May-17
Kerala,Palakad,Vadakkenchery,Kabuli Chana(Chickpeas-white),Pulses,0.2,14000,14500,14250,8-May-17
Kerala,Palakad,Palakkad,Kabuli Chana(Chickpeas-white),Pulses,1,13500,14500,14100,9-May-17
Kerala,Palakad,Vadakkenchery,Kabuli Chana(Chickpeas-white),Pulses,0.18,14000,14500,14250,9-May-17
Kerala,Palakad,Kollengode,Kabuli Chana(Chickpeas-white),Pulses,0.1,11850,12060,12000,10-May-17
Kerala,Palakad,Palakkad,Kabuli Chana(Chickpeas-white),Pulses,1,13500,14500,14100,10-May-17
Kerala,Palakad,Vadakkenchery,Kabuli Chana(Chickpeas-white),Pulses,0.2,14000,14500,14250,10-May-17
Kerala,Palakad,Palakkad,Kabuli Chana(Chickpeas-white),Pulses,1,13500,14500,14100,11-May-17
Kerala,Palakad,Vadakkenchery,Kabuli Chana(Chickpeas-white),Pulses,0.18,14000,14500,14250,11-May-17
Kerala,Palakad,Kollengode,Kabuli Chana(Chickpeas-white),Pulses,0.1,11850,12060,12000,13-May-17
Kerala,Palakad,Palakkad,Kabuli Chana(Chickpeas-white),Pulses,1,13500,14500,14100,15-May-17
Kerala,Palakad,Vadakkenchery,Kabuli Chana(Chickpeas-white),Pulses,0.2,14000,14500,14250,15-May-17
Kerala,Palakad,Palakkad,Kabuli Chana(Chickpeas-white),Pulses,1,13500,14500,14100,16-May-17
Kerala,Palakad,Vadakkenchery,Kabuli Chana(Chickpeas-white),Pulses,0.18,14000,14500,14250,16-May-17
Kerala,Palakad,Kollengode,Kabuli Chana(Chickpeas-white),Pulses,0.1,12200,12460,12400,17-May-17
Kerala,Palakad,Palakkad,Kabuli Chana(Chickpeas-white),Pulses,1,13500,14500,14100,17-May-17
Kerala,Palakad,Vadakkenchery,Kabuli Chana(Chickpeas-white),Pulses,0.2,14000,14500,14250,17-May-17
Kerala,Palakad,Palakkad,Kabuli Chana(Chickpeas-white),Pulses,1,13600,14500,14100,18-May-17
Kerala,Palakad,Vadakkenchery,Kabuli Chana(Chickpeas-white),Pulses,0.15,14000,14500,14250,18-May-17
Kerala,Palakad,Palakkad,Kabuli Chana(Chickpeas-white),Pulses,1,13600,14500,14100,19-May-17
Kerala,Palakad,Vadakkenchery,Kabuli Chana(Chickpeas-white),Pulses,0.15,14000,14500,14250,19-May-17
Kerala,Palakad,Kollengode,Kabuli Chana(Chickpeas-white),Pulses,0.1,12300,12460,12400,20-May-17
Kerala,Palakad,Palakkad,Kabuli Chana(Chickpeas-white),Pulses,1,13600,14500,14100,20-May-17
Kerala,Palakad,Vadakkenchery,Kabuli Chana(Chickpeas-white),Pulses,0.12,14000,14500,14250,20-May-17
Kerala,Palakad,Palakkad,Kabuli Chana(Chickpeas-white),Pulses,1,13600,14500,14100,22-May-17
Kerala,Palakad,Vadakkenchery,Kabuli Chana(Chickpeas-white),Pulses,0.1,14000,14500,14250,22-May-17
Kerala,Palakad,Palakkad,Kabuli Chana(Chickpeas-white),Pulses,1,13600,14500,14100,23-May-17
Kerala,Palakad,Vadakkenchery,Kabuli Chana(Chickpeas-white),Pulses,0.12,14000,14500,14250,23-May-17
Kerala,Palakad,Kollengode,Kabuli Chana(Chickpeas-white),Pulses,0.1,9650,9860,9800,24-May-17
Kerala,Palakad,Palakkad,Kabuli Chana(Chickpeas-white),Pulses,1,13600,14500,14100,24-May-17
Kerala,Palakad,Vadakkenchery,Kabuli Chana(Chickpeas-white),Pulses,0.11,14000,14500,14250,24-May-17
Kerala,Palakad,Palakkad,Kabuli Chana(Chickpeas-white),Pulses,1,13600,14500,14100,25-May-17
Kerala,Palakad,Vadakkenchery,Kabuli Chana(Chickpeas-white),Pulses,0.12,14000,14500,14250,25-May-17
Kerala,Palakad,Palakkad,Kabuli Chana(Chickpeas-white),Pulses,1,13500,14300,14000,26-May-17
Kerala,Palakad,Vadakkenchery,Kabuli Chana(Chickpeas-white),Pulses,0.13,14000,14500,14250,26-May-17
Kerala,Palakad,Kollengode,Kabuli Chana(Chickpeas-white),Pulses,0.1,9650,9860,9800,27-May-17
Kerala,Palakad,Palakkad,Kabuli Chana(Chickpeas-white),Pulses,1,13500,14500,14100,27-May-17
Kerala,Palakad,Vadakkenchery,Kabuli Chana(Chickpeas-white),Pulses,0.13,14500,15000,14750,27-May-17
Kerala,Palakad,Palakkad,Kabuli Chana(Chickpeas-white),Pulses,1,13500,14300,14000,29-May-17
Kerala,Palakad,Palakkad,Kabuli Chana(Chickpeas-white),Pulses,1,13500,14300,14000,30-May-17
Kerala,Palakad,Vadakkenchery,Kabuli Chana(Chickpeas-white),Pulses,0.16,14500,15000,14750,30-May-17
Kerala,Palakad,Kollengode,Kabuli Chana(Chickpeas-white),Pulses,0.1,11650,11860,11800,31-May-17
Kerala,Palakad,Palakkad,Kabuli Chana(Chickpeas-white),Pulses,1,13500,14300,14000,31-May-17
Kerala,Palakad,Vadakkenchery,Kabuli Chana(Chickpeas-white),Pulses,0.13,14500,15000,14750,31-May-17
Kerala,Palakad,Palakkad,Kabuli Chana(Chickpeas-white),Pulses,1,13500,14500,14100,1-Jun-17
Kerala,Palakad,Vadakkenchery,Kabuli Chana(Chickpeas-white),Pulses,0.15,14500,15000,14750,1-Jun-17
Kerala,Palakad,Vadakkenchery,Kabuli Chana(Chickpeas-white),Pulses,0.12,14500,15000,14750,2-Jun-17
Kerala,Palakad,Kollengode,Kabuli Chana(Chickpeas-white),Pulses,0.1,14050,14160,14100,3-Jun-17
Kerala,Palakad,Palakkad,Kabuli Chana(Chickpeas-white),Pulses,1,13500,14500,14100,3-Jun-17
Kerala,Palakad,Vadakkenchery,Kabuli Chana(Chickpeas-white),Pulses,0.11,14500,15000,14750,3-Jun-17
Kerala,Palakad,Palakkad,Kabuli Chana(Chickpeas-white),Pulses,1,13500,14500,14100,5-Jun-17
Kerala,Palakad,Vadakkenchery,Kabuli Chana(Chickpeas-white),Pulses,0.15,14000,14500,14250,5-Jun-17
Kerala,Palakad,Palakkad,Kabuli Chana(Chickpeas-white),Pulses,1,13500,14500,14100,6-Jun-17
Kerala,Palakad,Vadakkenchery,Kabuli Chana(Chickpeas-white),Pulses,0.16,14000,14500,14250,6-Jun-17
Kerala,Palakad,Kollengode,Kabuli Chana(Chickpeas-white),Pulses,0.1,14050,14160,14100,7-Jun-17
Kerala,Palakad,Palakkad,Kabuli Chana(Chickpeas-white),Pulses,1,13500,14500,14100,7-Jun-17
Kerala,Palakad,Vadakkenchery,Kabuli Chana(Chickpeas-white),Pulses,0.17,14000,14500,14250,7-Jun-17
Kerala,Palakad,Palakkad,Kabuli Chana(Chickpeas-white),Pulses,1,13500,14500,14100,8-Jun-17
Kerala,Palakad,Vadakkenchery,Kabuli Chana(Chickpeas-white),Pulses,0.2,14000,14500,14250,8-Jun-17
Kerala,Palakad,Palakkad,Kabuli Chana(Chickpeas-white),Pulses,1,13500,14500,14100,9-Jun-17
Kerala,Palakad,Vadakkenchery,Kabuli Chana(Chickpeas-white),Pulses,0.18,13000,13500,13250,9-Jun-17
Kerala,Palakad,Kollengode,Kabuli Chana(Chickpeas-white),Pulses,0.1,14050,14160,14100,10-Jun-17
Kerala,Palakad,Palakkad,Kabuli Chana(Chickpeas-white),Pulses,1,13500,14500,14100,12-Jun-17
Kerala,Palakad,Vadakkenchery,Kabuli Chana(Chickpeas-white),Pulses,0.2,13000,13500,13250,12-Jun-17
Kerala,Palakad,Palakkad,Kabuli Chana(Chickpeas-white),Pulses,1,13800,14500,14200,13-Jun-17
Kerala,Palakad,Vadakkenchery,Kabuli Chana(Chickpeas-white),Pulses,0.25,13000,13500,13250,13-Jun-17
Kerala,Palakad,Kollengode,Kabuli Chana(Chickpeas-white),Pulses,0.1,11600,11860,11800,14-Jun-17
Kerala,Palakad,Palakkad,Kabuli Chana(Chickpeas-white),Pulses,1,13800,14500,14200,14-Jun-17
Kerala,Palakad,Vadakkenchery,Kabuli Chana(Chickpeas-white),Pulses,0.2,13000,13500,13250,14-Jun-17
Kerala,Palakad,Palakkad,Kabuli Chana(Chickpeas-white),Pulses,1,13800,14500,14200,15-Jun-17
Kerala,Palakad,Vadakkenchery,Kabuli Chana(Chickpeas-white),Pulses,0.2,13500,14000,13750,15-Jun-17
Kerala,Palakad,Palakkad,Kabuli Chana(Chickpeas-white),Pulses,1,13800,14500,14200,16-Jun-17
Kerala,Palakad,Vadakkenchery,Kabuli Chana(Chickpeas-white),Pulses,0.22,13000,13500,13250,16-Jun-17
Kerala,Palakad,Kollengode,Kabuli Chana(Chickpeas-white),Pulses,0.1,11650,11860,11800,17-Jun-17
Kerala,Palakad,Palakkad,Kabuli Chana(Chickpeas-white),Pulses,1,13800,14500,14200,17-Jun-17
Kerala,Palakad,Vadakkenchery,Kabuli Chana(Chickpeas-white),Pulses,0.27,13000,13500,13250,17-Jun-17
Kerala,Palakad,Palakkad,Kabuli Chana(Chickpeas-white),Pulses,1,13800,14500,14200,19-Jun-17
Kerala,Palakad,Vadakkenchery,Kabuli Chana(Chickpeas-white),Pulses,0.23,13000,13500,13250,19-Jun-17
Kerala,Palakad,Palakkad,Kabuli Chana(Chickpeas-white),Pulses,1,13000,14000,13600,20-Jun-17
Kerala,Palakad,Vadakkenchery,Kabuli Chana(Chickpeas-white),Pulses,0.27,13000,13500,13250,20-Jun-17
Kerala,Palakad,Kollengode,Kabuli Chana(Chickpeas-white),Pulses,0.1,11650,11860,11800,21-Jun-17
Kerala,Palakad,Palakkad,Kabuli Chana(Chickpeas-white),Pulses,1,13000,14000,13600,21-Jun-17