Uttrakhand,Dehradoon,Rishikesh,Other,Oil Seeds,14.3,1770,1770,1770,4-Jan-08
Uttrakhand,Nanital,Ramnagar,Other,Oil Seeds,12,1600,1900,1800,6-Jan-08
Uttrakhand,Dehradoon,Rishikesh,Other,Oil Seeds,9.7,1770,1770,1770,8-Jan-08
Uttrakhand,Dehradoon,Rishikesh,Other,Oil Seeds,2,1700,1700,1700,18-Jan-08
Uttrakhand,Dehradoon,Rishikesh,Other,Oil Seeds,24.8,1850,2000,2000,22-Jan-08
Uttrakhand,UdhamSinghNagar,Kicchha,Other,Oil Seeds,10,1400,1500,1500,26-Jan-08
Uttrakhand,Nanital,Ramnagar,Other,Oil Seeds,36,2000,2100,2050,5-Feb-08
Uttrakhand,Nanital,Ramnagar,Other,Oil Seeds,14.12,2000,2050,2010,13-Feb-08
Uttrakhand,Dehradoon,Rishikesh,Other,Oil Seeds,15,1875,1875,1875,20-Feb-08
Uttrakhand,Nanital,Ramnagar,Other,Oil Seeds,18,2000,2150,2108,27-Feb-08
Uttrakhand,Nanital,Ramnagar,Other,Oil Seeds,11.5,2000,2300,2250,4-Mar-08
Uttrakhand,Nanital,Ramnagar,Other,Oil Seeds,20,2100,2300,2275,17-Mar-08
Uttrakhand,UdhamSinghNagar,Kicchha,Soyabeen,Oil Seeds,150,1350,1400,1400,30-Jun-08
Uttrakhand,UdhamSinghNagar,Rudrapur,Other,Oil Seeds,47,1700,1800,1750,6-Sep-08
Uttrakhand,UdhamSinghNagar,Kicchha,Soyabeen,Oil Seeds,11.7,1400,1450,1405,30-Nov-08
Uttrakhand,UdhamSinghNagar,Kicchha,Soyabeen,Oil Seeds,13.5,1380,1450,1413,19-Dec-08
Uttrakhand,UdhamSinghNagar,Kicchha,Soyabeen,Oil Seeds,5,1400,1450,1418,28-Dec-08
Uttrakhand,Dehradoon,Rishikesh,Other,Oil Seeds,12,1940,1940,1940,11-Jan-09
Uttrakhand,Dehradoon,Rishikesh,Other,Oil Seeds,17.2,1400,1400,1400,15-Jan-09
Uttrakhand,Dehradoon,Rishikesh,Other,Oil Seeds,25.3,1500,1500,1500,28-Jan-09
Uttrakhand,Dehradoon,Rishikesh,Other,Oil Seeds,9.1,1500,1500,1500,31-Jan-09
Uttrakhand,Dehradoon,Rishikesh,Other,Oil Seeds,18,1500,1500,1500,9-Feb-09
Uttrakhand,UdhamSinghNagar,Kicchha,Soyabeen,Oil Seeds,55,1350,1400,1400,28-Feb-09
Uttrakhand,Dehradoon,Rishikesh,Other,Oil Seeds,9.8,1500,1500,1500,7-Mar-09
Uttrakhand,UdhamSinghNagar,Gadarpur,Other,Oil Seeds,2,1800,1800,1800,19-Mar-09
Uttrakhand,Dehradoon,Rishikesh,Other,Oil Seeds,29.8,2000,2200,2034,1-Apr-09
Uttrakhand,Dehradoon,Rishikesh,Other,Oil Seeds,12.6,1600,2200,1650,11-May-09
Uttrakhand,UdhamSinghNagar,Rudrapur,Other,Oil Seeds,200,2200,2230,2215,23-Jun-09
Uttrakhand,UdhamSinghNagar,Rudrapur,Other,Oil Seeds,167,2224,2225,2225,29-Sep-09
Uttrakhand,UdhamSinghNagar,Rudrapur,Other,Oil Seeds,40,2000,2060,2030,30-Sep-09
Uttrakhand,UdhamSinghNagar,Kicchha,Soyabeen,Oil Seeds,50,1700,2000,1700,8-Dec-09
Uttrakhand,Dehradoon,Rishikesh,Other,Oil Seeds,9.8,2000,2400,2375,3-Mar-10
Uttrakhand,UdhamSinghNagar,Kicchha,Soyabeen,Oil Seeds,28,1500,3000,1700,31-Mar-10
Uttrakhand,UdhamSinghNagar,Kicchha,Soyabeen,Oil Seeds,72,1400,1450,1450,22-Jun-10
Uttrakhand,UdhamSinghNagar,Bazpur,Other,Oil Seeds,31.82,1800,1880,1869,30-Jun-10
Uttrakhand,Dehradoon,Rishikesh,Other,Oil Seeds,4.5,2100,2300,2200,28-Jul-10
Uttrakhand,Dehradoon,Rishikesh,Other,Oil Seeds,4.8,2100,2300,2200,31-Jul-10
Uttrakhand,Dehradoon,Rishikesh,Other,Oil Seeds,10.4,2000,2400,2200,23-Aug-10
Uttrakhand,Dehradoon,Rishikesh,Other,Oil Seeds,4.1,2200,2250,2200,6-Sep-10
Uttrakhand,UdhamSinghNagar,Bazpur,Other,Oil Seeds,44.02,2022,2022,2022,4-Dec-10
Uttrakhand,UdhamSinghNagar,Sitarganj,Yellow,Oil Seeds,139.5,1900,2100,2000,10-Dec-10
Uttrakhand,UdhamSinghNagar,Sitarganj,Local,Oil Seeds,200,1300,1400,1350,15-Dec-10
Uttrakhand,UdhamSinghNagar,Sitarganj,Soyabeen,Oil Seeds,78,1950,2000,1986,25-Dec-10
Uttrakhand,UdhamSinghNagar,Sitarganj,Soyabeen,Oil Seeds,53.5,1990,2000,1996,26-Dec-10
Uttrakhand,UdhamSinghNagar,Sitarganj,Soyabeen,Oil Seeds,124,1990,2000,1995,27-Dec-10
Uttrakhand,UdhamSinghNagar,Sitarganj,Soyabeen,Oil Seeds,90,1986,2000,1995,28-Dec-10
Uttrakhand,UdhamSinghNagar,Sitarganj,Soyabeen,Oil Seeds,129,1990,2000,1995,29-Dec-10
Uttrakhand,UdhamSinghNagar,Sitarganj,Soyabeen,Oil Seeds,523,1980,2000,1990,30-Dec-10
Uttrakhand,UdhamSinghNagar,Sitarganj,Soyabeen,Oil Seeds,9,1600,1600,1600,8-Jan-11
Uttrakhand,UdhamSinghNagar,Sitarganj,Soyabeen,Oil Seeds,100,1300,1300,1300,25-Jan-11
Uttrakhand,UdhamSinghNagar,Sitarganj,Soyabeen,Oil Seeds,261,1950,2000,2000,30-Jan-11
Uttrakhand,UdhamSinghNagar,Sitarganj,Local,Oil Seeds,339,1920,2000,1947,31-Jan-11
Uttrakhand,UdhamSinghNagar,Sitarganj,Soyabeen,Oil Seeds,200,1950,2000,1987,1-Feb-11
Uttrakhand,UdhamSinghNagar,Sitarganj,Soyabeen,Oil Seeds,497,1300,1300,1300,11-Feb-11
Uttrakhand,UdhamSinghNagar,Sitarganj,Soyabeen,Oil Seeds,54.2,2225,2230,2226,13-Feb-11
Uttrakhand,UdhamSinghNagar,Sitarganj,Soyabeen,Oil Seeds,30,2200,2300,2224,15-Feb-11
Uttrakhand,UdhamSinghNagar,Sitarganj,Yellow,Oil Seeds,31.5,2200,2250,2221,16-Feb-11
Uttrakhand,Dehradoon,Rishikesh,Other,Oil Seeds,9,2200,2300,2250,17-Feb-11
Uttrakhand,UdhamSinghNagar,Sitarganj,Soyabeen,Oil Seeds,310,2000,2200,2142,6-Mar-11
Uttrakhand,UdhamSinghNagar,Sitarganj,Soyabeen,Oil Seeds,390,2000,2200,2129,7-Mar-11
Uttrakhand,UdhamSinghNagar,Sitarganj,Soyabeen,Oil Seeds,186.5,1314,1340,1330,14-Mar-11
Uttrakhand,UdhamSinghNagar,Sitarganj,Soyabeen,Oil Seeds,"1,000.00",1300,1330,1317,16-Mar-11
Uttrakhand,UdhamSinghNagar,Sitarganj,Soyabeen,Oil Seeds,62,1300,1350,1315,21-Mar-11
Uttrakhand,UdhamSinghNagar,Sitarganj,Soyabeen,Oil Seeds,61,1300,1320,1310,22-Mar-11
Uttrakhand,UdhamSinghNagar,Sitarganj,Soyabeen,Oil Seeds,419,1300,2180,1700,29-Mar-11
Uttrakhand,UdhamSinghNagar,Sitarganj,Soyabeen,Oil Seeds,100,1900,2207,2000,30-Mar-11
Uttrakhand,UdhamSinghNagar,Sitarganj,Soyabeen,Oil Seeds,700,1044,2000,1550,31-Mar-11
Uttrakhand,UdhamSinghNagar,Sitarganj,Local,Oil Seeds,185.4,2078,2085,2085,15-May-11
Uttrakhand,UdhamSinghNagar,Sitarganj,Local,Oil Seeds,263.52,2060,2067,2065,16-May-11
Uttrakhand,UdhamSinghNagar,Sitarganj,Local,Oil Seeds,112.2,2062,2075,2070,17-May-11
Uttrakhand,UdhamSinghNagar,Sitarganj,Local,Oil Seeds,139,2070,2086,2080,18-May-11
Uttrakhand,UdhamSinghNagar,Sitarganj,Local,Oil Seeds,309.72,1050,1053,1051,24-May-11
Uttrakhand,UdhamSinghNagar,Sitarganj,Local,Oil Seeds,203.68,1065,2165,1085,25-May-11
Uttrakhand,UdhamSinghNagar,Sitarganj,Local,Oil Seeds,334.78,2165,2182,2167,26-May-11
Uttrakhand,UdhamSinghNagar,Sitarganj,Local,Oil Seeds,581.64,2180,2186,2182,27-May-11
Uttrakhand,UdhamSinghNagar,Sitarganj,Local,Oil Seeds,548.38,2160,2173,2167,28-May-11
Uttrakhand,UdhamSinghNagar,Sitarganj,Local,Oil Seeds,191.78,2086,2150,2150,29-May-11
Uttrakhand,UdhamSinghNagar,Sitarganj,Soyabeen,Oil Seeds,313.5,2058,2068,2062,8-Jun-11
Uttrakhand,UdhamSinghNagar,Sitarganj,Soyabeen,Oil Seeds,266,2060,2080,2074,9-Jun-11
Uttrakhand,UdhamSinghNagar,Sitarganj,Soyabeen,Oil Seeds,246.3,2047,2077,2060,12-Jun-11
Uttrakhand,UdhamSinghNagar,Sitarganj,Local,Oil Seeds,286.2,2050,2070,2060,13-Jun-11
Uttrakhand,UdhamSinghNagar,Sitarganj,Soyabeen,Oil Seeds,108,2040,2070,2066,14-Jun-11
Uttrakhand,UdhamSinghNagar,Sitarganj,Soyabeen,Oil Seeds,286,2260,2260,2260,17-Jun-11
Uttrakhand,UdhamSinghNagar,Sitarganj,Soyabeen,Oil Seeds,143.5,2256,2288,2270,18-Jun-11
Uttrakhand,UdhamSinghNagar,Sitarganj,Soyabeen,Oil Seeds,103.8,2260,2260,2260,19-Jun-11
Uttrakhand,UdhamSinghNagar,Sitarganj,Local,Oil Seeds,65.8,2200,2271,2250,22-Jun-11
Uttrakhand,UdhamSinghNagar,Sitarganj,Soyabeen,Oil Seeds,130.5,1300,1311,1305,24-Jun-11
Uttrakhand,UdhamSinghNagar,Sitarganj,Local,Oil Seeds,165,1300,1322,1310,25-Jun-11
Uttrakhand,UdhamSinghNagar,Sitarganj,Soyabeen,Oil Seeds,122,1100,1110,1108,26-Jun-11
Uttrakhand,UdhamSinghNagar,Sitarganj,Soyabeen,Oil Seeds,233.5,1300,1325,1317,27-Jun-11
Uttrakhand,UdhamSinghNagar,Sitarganj,Soyabeen,Oil Seeds,"1,100.00",1336,1336,1336,14-Aug-11
Uttrakhand,UdhamSinghNagar,Sitarganj,Soyabeen,Oil Seeds,"2,405.00",1645,1645,1645,1-Sep-11
Uttrakhand,UdhamSinghNagar,Sitarganj,Soyabeen,Oil Seeds,300,2050,2084,2084,3-Sep-11
Uttrakhand,UdhamSinghNagar,Sitarganj,Local,Oil Seeds,300,2078,2078,2078,6-Sep-11
Uttrakhand,UdhamSinghNagar,Sitarganj,Soyabeen,Oil Seeds,100,2090,2090,2090,21-Sep-11
Uttrakhand,UdhamSinghNagar,Sitarganj,Local,Oil Seeds,200,2090,2090,2090,25-Sep-11
Uttrakhand,UdhamSinghNagar,Kicchha,Soyabeen,Oil Seeds,57.9,2057,2077,2067,9-Oct-11
Uttrakhand,UdhamSinghNagar,Kicchha,Soyabeen,Oil Seeds,120,2050,2070,2059,10-Oct-11
Uttrakhand,UdhamSinghNagar,Kicchha,Soyabeen,Oil Seeds,10,2040,2060,2050,11-Oct-11
Uttrakhand,UdhamSinghNagar,Kicchha,Soyabeen,Oil Seeds,108.2,2051,2071,2061,14-Oct-11
Uttrakhand,UdhamSinghNagar,Kicchha,Soyabeen,Oil Seeds,100,2044,2064,2054,15-Oct-11
Uttrakhand,UdhamSinghNagar,Sitarganj,Soyabeen,Oil Seeds,500,1704,1704,1704,15-Oct-11
Uttrakhand,UdhamSinghNagar,Sitarganj,Soyabeen,Oil Seeds,500,1320,1320,1320,16-Oct-11
Uttrakhand,UdhamSinghNagar,Sitarganj,Soyabeen,Oil Seeds,500,1318,1318,1318,18-Oct-11
Uttrakhand,UdhamSinghNagar,Kicchha,Soyabeen,Oil Seeds,100,2043,2073,2053,20-Oct-11
Uttrakhand,Haridwar,Roorkee,Other,Oil Seeds,0.4,3700,5600,0,22-Oct-11
Uttrakhand,UdhamSinghNagar,Kicchha,Other,Oil Seeds,49.5,2055,2095,2075,7-Nov-11
Uttrakhand,UdhamSinghNagar,Kicchha,Soyabeen,Oil Seeds,200.5,2045,2065,2055,10-Nov-11
Uttrakhand,UdhamSinghNagar,Kicchha,Soyabeen,Oil Seeds,333.1,1935,2229,2082,14-Nov-11
Uttrakhand,UdhamSinghNagar,Kicchha,Soyabeen,Oil Seeds,32,2100,2250,2250,18-Nov-11
Uttrakhand,UdhamSinghNagar,Kicchha,Soyabeen,Oil Seeds,64.5,1800,2300,2050,19-Nov-11
Uttrakhand,Dehradoon,Rishikesh,Other,Oil Seeds,9,2200,2300,2300,1-Dec-11
Uttrakhand,UdhamSinghNagar,Kicchha,Soyabeen,Oil Seeds,291.6,2000,2030,2015,9-Dec-11
Uttrakhand,UdhamSinghNagar,Kicchha,Soyabeen,Oil Seeds,410.7,2003,2019,2011,13-Dec-11
Uttrakhand,UdhamSinghNagar,Kicchha,Soyabeen,Oil Seeds,853.8,2018,2034,2026,26-Dec-11
Uttrakhand,UdhamSinghNagar,Kicchha,Soyabeen,Oil Seeds,446,2018,2034,2026,27-Dec-11
Uttrakhand,UdhamSinghNagar,Kicchha,Soyabeen,Oil Seeds,200,2043,2067,2055,28-Dec-11
Uttrakhand,UdhamSinghNagar,Sitarganj,Soyabeen,Oil Seeds,162,3100,3150,3121,10-Jan-12
Uttrakhand,UdhamSinghNagar,Sitarganj,Soyabeen,Oil Seeds,111.6,2100,2150,2114,11-Jan-12
Uttrakhand,UdhamSinghNagar,Sitarganj,Yellow,Oil Seeds,184.2,2050,2150,2120,12-Jan-12
Uttrakhand,UdhamSinghNagar,Sitarganj,Yellow,Oil Seeds,147.6,2100,2150,2122,13-Jan-12
Uttrakhand,UdhamSinghNagar,Kicchha,Soyabeen,Oil Seeds,459.3,2010,2100,2100,21-Feb-12
Uttrakhand,Dehradoon,Rishikesh,Other,Oil Seeds,15.2,2500,2550,2525,30-Mar-12
Uttrakhand,Dehradoon,Rishikesh,Other,Oil Seeds,13.3,2525,2550,2525,31-Mar-12
Uttrakhand,Dehradoon,Rishikesh,Other,Oil Seeds,13.9,2500,2550,2525,6-Apr-12
Uttrakhand,UdhamSinghNagar,Sitarganj,Soyabeen,Oil Seeds,"1,265.23",3300,3400,3350,25-May-12
Uttrakhand,UdhamSinghNagar,Sitarganj,Soyabeen,Oil Seeds,500,3300,3400,3350,26-May-12
Uttrakhand,UdhamSinghNagar,Sitarganj,Soyabeen,Oil Seeds,300,1310,1325,1318,27-May-12
Uttrakhand,UdhamSinghNagar,Kicchha,Soyabeen,Oil Seeds,94.7,3350,3372,3361,29-Jun-12
Uttrakhand,Nanital,Ramnagar,Other,Oil Seeds,25,3800,4250,4200,18-Aug-12
Uttrakhand,UdhamSinghNagar,Kicchha,Soyabeen,Oil Seeds,249.9,2700,3306,3003,14-Sep-12
Uttrakhand,UdhamSinghNagar,Kicchha,Soyabeen,Oil Seeds,136,2800,3200,3000,22-Sep-12
Uttrakhand,Nanital,Haldwani,Other,Oil Seeds,4,2600,2900,2754,30-Oct-12
Uttrakhand,Nanital,Haldwani,Other,Oil Seeds,5.2,2800,2900,2850,8-Nov-12
Uttrakhand,Nanital,Haldwani,Other,Oil Seeds,13.3,2800,2860,2830,16-Nov-12
Uttrakhand,Nanital,Haldwani,Other,Oil Seeds,54.5,2800,2956,2875,19-Nov-12
Uttrakhand,Nanital,Haldwani,Other,Oil Seeds,31.2,2700,3020,2870,25-Nov-12
Uttrakhand,Nanital,Haldwani,Other,Oil Seeds,33.8,2600,3100,2850,28-Nov-12
Uttrakhand,Nanital,Haldwani,Other,Oil Seeds,8.8,2700,3160,2930,2-Dec-12
Uttrakhand,Nanital,Haldwani,Other,Oil Seeds,0.7,2500,2800,2655,4-Dec-12
Uttrakhand,UdhamSinghNagar,Sitarganj,Soyabeen,Oil Seeds,120.81,2900,3000,2966,4-Dec-12
Uttrakhand,UdhamSinghNagar,Sitarganj,Soyabeen,Oil Seeds,98.24,2950,3000,2969,5-Dec-12
Uttrakhand,UdhamSinghNagar,Sitarganj,Soyabeen,Oil Seeds,142.77,2950,3000,2971,6-Dec-12
Uttrakhand,UdhamSinghNagar,Sitarganj,Soyabeen,Oil Seeds,76.92,2950,3000,2985,7-Dec-12
Uttrakhand,UdhamSinghNagar,Sitarganj,Soyabeen,Oil Seeds,41.7,2900,2950,2909,8-Dec-12
Uttrakhand,Nanital,Haldwani,Other,Oil Seeds,14.9,2700,3310,3000,12-Dec-12
Uttrakhand,Nanital,Haldwani,Other,Oil Seeds,16.4,2800,3300,3000,26-Dec-12
Uttrakhand,UdhamSinghNagar,Sitarganj,Soyabeen,Oil Seeds,15.2,3000,3300,3250,29-Dec-12
Uttrakhand,UdhamSinghNagar,Sitarganj,Soyabeen,Oil Seeds,217.5,3000,3250,3180,30-Dec-12
Uttrakhand,Nanital,Haldwani,Other,Oil Seeds,14,2800,3200,3000,31-Dec-12
Uttrakhand,UdhamSinghNagar,Sitarganj,Soyabeen,Oil Seeds,105.6,3100,3250,3175,1-Jan-13
Uttrakhand,UdhamSinghNagar,Sitarganj,Soyabeen,Oil Seeds,203.7,3200,3300,3239,4-Jan-13
Uttrakhand,UdhamSinghNagar,Sitarganj,Soyabeen,Oil Seeds,201,3200,3300,3238,5-Jan-13
Uttrakhand,Nanital,Haldwani,Other,Oil Seeds,19.5,3200,3300,3254,8-Jan-13
Uttrakhand,Nanital,Ramnagar,Other,Oil Seeds,20,3000,3232,3116,8-Jan-13
Uttrakhand,Nanital,Haldwani,Other,Oil Seeds,37.3,3200,3300,3251,9-Jan-13
Uttrakhand,Nanital,Ramnagar,Other,Oil Seeds,40,3000,3232,3116,9-Jan-13
Uttrakhand,Nanital,Haldwani,Other,Oil Seeds,55.3,3200,3280,3251,10-Jan-13
Uttrakhand,Nanital,Haldwani,Other,Oil Seeds,17.2,3250,3300,3275,11-Jan-13
Uttrakhand,Nanital,Haldwani,Other,Oil Seeds,20.3,3250,3300,3276,14-Jan-13
Uttrakhand,Nanital,Haldwani,Other,Oil Seeds,16.4,3250,3300,3274,17-Jan-13
Uttrakhand,Nanital,Haldwani,Other,Oil Seeds,30.4,3250,3300,3286,18-Jan-13
Uttrakhand,Nanital,Ramnagar,Other,Oil Seeds,40,3050,3310,3180,20-Jan-13
Uttrakhand,UdhamSinghNagar,Kicchha,Soyabeen,Oil Seeds,28.3,3360,3370,3364,20-Jan-13
Uttrakhand,Nanital,Ramnagar,Other,Oil Seeds,60,3050,3228,3139,21-Jan-13
Uttrakhand,Nanital,Haldwani,Other,Oil Seeds,43.3,3250,3300,3296,22-Jan-13
Uttrakhand,Nanital,Haldwani,Other,Oil Seeds,51.6,3250,3350,3300,25-Jan-13
Uttrakhand,Nanital,Haldwani,Other,Oil Seeds,10,3250,3300,3290,28-Jan-13
Uttrakhand,Nanital,Haldwani,Other,Oil Seeds,12.4,3250,3320,3280,30-Jan-13
Uttrakhand,Nanital,Haldwani,Other,Oil Seeds,33.6,3200,3250,3210,5-Feb-13
Uttrakhand,Nanital,Haldwani,Other,Oil Seeds,11,3250,3400,3305,7-Feb-13
Uttrakhand,Nanital,Haldwani,Other,Oil Seeds,12.4,3200,3300,3291,12-Feb-13
Uttrakhand,Nanital,Haldwani,Other,Oil Seeds,16.7,3200,3350,3288,13-Feb-13
Uttrakhand,UdhamSinghNagar,Sitarganj,Soyabeen,Oil Seeds,43.8,3200,3300,3258,18-Feb-13
Uttrakhand,UdhamSinghNagar,Sitarganj,Soyabeen,Oil Seeds,14.1,3200,3300,3258,19-Feb-13
Uttrakhand,Nanital,Haldwani,Other,Oil Seeds,32.9,3250,3300,3278,21-Feb-13
Uttrakhand,UdhamSinghNagar,Sitarganj,Soyabeen,Oil Seeds,44.1,3200,3300,3260,21-Feb-13
Uttrakhand,Nanital,Haldwani,Other,Oil Seeds,16.3,3000,3400,3284,27-Feb-13
Uttrakhand,UdhamSinghNagar,Gadarpur,Other,Oil Seeds,27.5,3240,3240,3240,15-Mar-13
Uttrakhand,UdhamSinghNagar,Gadarpur,Other,Oil Seeds,27,3240,3240,3240,16-Mar-13
Uttrakhand,UdhamSinghNagar,Gadarpur,Other,Oil Seeds,55,3240,3240,3240,17-Mar-13
Uttrakhand,UdhamSinghNagar,Gadarpur,Other,Oil Seeds,55,3240,3240,3240,18-Mar-13
Uttrakhand,UdhamSinghNagar,Gadarpur,Other,Oil Seeds,56,3240,3240,3240,19-Mar-13
Uttrakhand,Nanital,Haldwani,Other,Oil Seeds,9.5,3100,3500,3314,20-Mar-13
Uttrakhand,UdhamSinghNagar,Gadarpur,Other,Oil Seeds,54,3240,3240,3240,20-Mar-13
Uttrakhand,Nanital,Haldwani,Other,Oil Seeds,7.4,3000,3400,3291,21-Mar-13
Uttrakhand,UdhamSinghNagar,Gadarpur,Other,Oil Seeds,16,3240,3240,3240,21-Mar-13
Uttrakhand,Nanital,Haldwani,Other,Oil Seeds,5.9,3000,3500,3314,25-Mar-13
Uttrakhand,Nanital,Haldwani,Other,Oil Seeds,21.8,3200,3400,3344,7-Apr-13
Uttrakhand,Nanital,Haldwani,Other,Oil Seeds,9.1,3200,3500,3381,11-Apr-13
Uttrakhand,Nanital,Haldwani,Other,Oil Seeds,4.7,3300,3700,3569,12-Apr-13
Uttrakhand,Nanital,Haldwani,Other,Oil Seeds,25,3400,3500,3452,14-Apr-13
Uttrakhand,UdhamSinghNagar,Sitarganj,Soyabeen,Oil Seeds,183.9,3760,3770,3765,18-May-13
Uttrakhand,UdhamSinghNagar,Sitarganj,Soyabeen,Oil Seeds,186,3760,3800,3765,19-May-13
Uttrakhand,UdhamSinghNagar,Sitarganj,Soyabeen,Oil Seeds,279.6,3760,3800,3800,20-May-13
Uttrakhand,Nanital,Haldwani,Other,Oil Seeds,34.1,4000,4460,4200,22-May-13
Uttrakhand,UdhamSinghNagar,Sitarganj,Soyabeen,Oil Seeds,123.3,3760,3800,3800,22-May-13
Uttrakhand,Nanital,Haldwani,Other,Oil Seeds,39.4,3600,4005,3800,23-May-13
Uttrakhand,UdhamSinghNagar,Sitarganj,Soyabeen,Oil Seeds,69.96,3790,3810,3800,27-May-13
Uttrakhand,UdhamSinghNagar,Sitarganj,Soyabeen,Oil Seeds,120.12,3780,3815,3800,29-May-13
Uttrakhand,UdhamSinghNagar,Sitarganj,Soyabeen,Oil Seeds,501,3799,3809,3800,31-May-13
Uttrakhand,Nanital,Haldwani,Other,Oil Seeds,22.9,3700,3900,3800,17-Jun-13
Uttrakhand,UdhamSinghNagar,Sitarganj,Soyabeen,Oil Seeds,538.21,3700,3800,3750,17-Jun-13
Uttrakhand,UdhamSinghNagar,Sitarganj,Soyabeen,Oil Seeds,543.85,3800,3815,3800,23-Jun-13
Uttrakhand,UdhamSinghNagar,Sitarganj,Soyabeen,Oil Seeds,19.15,3800,3815,3800,26-Jun-13
Uttrakhand,UdhamSinghNagar,Sitarganj,Soyabeen,Oil Seeds,267.12,3800,3815,3800,1-Jul-13
Uttrakhand,UdhamSinghNagar,Sitarganj,Soyabeen,Oil Seeds,262.2,3800,3815,3800,7-Jul-13
Uttrakhand,UdhamSinghNagar,Sitarganj,Yellow,Oil Seeds,209.71,3800,3815,3815,10-Jul-13
Uttrakhand,UdhamSinghNagar,Sitarganj,Soyabeen,Oil Seeds,209.71,3800,3845,3815,11-Jul-13
Uttrakhand,Nanital,Haldwani,Other,Oil Seeds,116.8,3700,3860,3810,12-Jul-13
Uttrakhand,UdhamSinghNagar,Sitarganj,Soyabeen,Oil Seeds,129,3680,3690,3685,16-Jul-13
Uttrakhand,UdhamSinghNagar,Sitarganj,Soyabeen,Oil Seeds,126.3,3680,3690,3685,17-Jul-13
Uttrakhand,UdhamSinghNagar,Sitarganj,Soyabeen,Oil Seeds,127.5,3680,3690,3685,18-Jul-13
Uttrakhand,UdhamSinghNagar,Sitarganj,Soyabeen,Oil Seeds,123.9,3680,3690,3685,19-Jul-13
Uttrakhand,Nanital,Haldwani,Other,Oil Seeds,52.4,3300,3600,3500,29-Jul-13
Uttrakhand,Nanital,Haldwani,Other,Oil Seeds,124.6,3300,3500,3400,31-Jul-13
Uttrakhand,UdhamSinghNagar,Sitarganj,Soyabeen,Oil Seeds,516.25,3600,3700,3674,1-Aug-13
Uttrakhand,UdhamSinghNagar,Sitarganj,Soyabeen,Oil Seeds,16.56,3440,3460,3450,18-Aug-13
Uttrakhand,UdhamSinghNagar,Gadarpur,Other,Oil Seeds,26.6,3677,3677,3677,4-Sep-13
Uttrakhand,UdhamSinghNagar,Sitarganj,Soyabeen,Oil Seeds,502.2,3450,3550,3500,12-Sep-13
Uttrakhand,UdhamSinghNagar,Sitarganj,Soyabeen,Oil Seeds,250.2,3430,3500,3470,13-Sep-13
Uttrakhand,UdhamSinghNagar,Gadarpur,Other,Oil Seeds,15.5,3677,3677,3677,15-Sep-13
Uttrakhand,Nanital,Haldwani,Other,Oil Seeds,51.9,3200,3300,3250,19-Sep-13
Uttrakhand,Nanital,Haldwani,Other,Oil Seeds,18.8,3200,3300,3250,20-Sep-13
Uttrakhand,Nanital,Haldwani,Other,Oil Seeds,35.9,3200,3300,3250,22-Sep-13
Uttrakhand,Nanital,Haldwani,Other,Oil Seeds,17.9,3200,3500,3250,23-Sep-13
Uttrakhand,Nanital,Haldwani,Other,Oil Seeds,37.8,3250,3300,3275,27-Sep-13
Uttrakhand,Nanital,Haldwani,Other,Oil Seeds,52.2,3300,3400,3350,14-Oct-13
Uttrakhand,UdhamSinghNagar,Sitarganj,Soyabeen,Oil Seeds,129,3370,3385,3380,20-Oct-13
Uttrakhand,UdhamSinghNagar,Sitarganj,Soyabeen,Oil Seeds,320.7,3370,3380,3375,22-Oct-13
Uttrakhand,UdhamSinghNagar,Sitarganj,Other,Oil Seeds,320.7,3370,3380,3375,23-Oct-13
Uttrakhand,UdhamSinghNagar,Sitarganj,Soyabeen,Oil Seeds,267,3370,3380,3375,26-Oct-13
Uttrakhand,UdhamSinghNagar,Sitarganj,Soyabeen,Oil Seeds,"1,759.05",2400,2600,2500,27-Oct-13
Uttrakhand,Nanital,Haldwani,Other,Oil Seeds,20.2,3400,3450,3416,29-Oct-13
Uttrakhand,Nanital,Haldwani,Other,Oil Seeds,5.2,3425,3425,3425,8-Nov-13
Uttrakhand,Nanital,Haldwani,Other,Oil Seeds,3.7,3450,3450,3450,11-Nov-13
Uttrakhand,Nanital,Haldwani,Other,Oil Seeds,6.1,3450,3450,3450,12-Nov-13
Uttrakhand,Nanital,Haldwani,Other,Oil Seeds,4.8,3400,3400,3400,13-Nov-13
Uttrakhand,UdhamSinghNagar,Sitarganj,Soyabeen,Oil Seeds,109.8,3315,3325,3320,14-Nov-13
Uttrakhand,Nanital,Haldwani,Other,Oil Seeds,6.7,3400,3400,3400,15-Nov-13
Uttrakhand,UdhamSinghNagar,Sitarganj,Soyabeen,Oil Seeds,109.5,3310,3325,3310,15-Nov-13
Uttrakhand,UdhamSinghNagar,Sitarganj,Soyabeen,Oil Seeds,113.7,3315,3325,3320,16-Nov-13
Uttrakhand,Nanital,Haldwani,Other,Oil Seeds,4.2,3200,3500,3400,17-Nov-13
Uttrakhand,UdhamSinghNagar,Sitarganj,Soyabeen,Oil Seeds,113.1,3310,3325,3318,18-Nov-13
Uttrakhand,Nanital,Haldwani,Other,Oil Seeds,33.6,3350,3500,3478,19-Nov-13
Uttrakhand,Nanital,Ramnagar,Other,Oil Seeds,20,3000,3000,3000,19-Nov-13
Uttrakhand,Nanital,Haldwani,Other,Oil Seeds,22.1,3380,3900,3833,20-Nov-13
Uttrakhand,Nanital,Ramnagar,Other,Oil Seeds,48.8,3000,3874,3437,20-Nov-13
Uttrakhand,Nanital,Haldwani,Other,Oil Seeds,6.1,3410,3500,3444,22-Nov-13
Uttrakhand,Nanital,Ramnagar,Other,Oil Seeds,13,3000,3500,3250,22-Nov-13
Uttrakhand,UdhamSinghNagar,Sitarganj,Soyabeen,Oil Seeds,165.9,3690,3710,3700,22-Nov-13
Uttrakhand,Nanital,Haldwani,Other,Oil Seeds,10.1,3410,3498,3450,24-Nov-13
Uttrakhand,Nanital,Haldwani,Other,Oil Seeds,31.6,3530,3580,3550,25-Nov-13
Uttrakhand,Nanital,Ramnagar,Other,Oil Seeds,76,3000,3500,3250,25-Nov-13
Uttrakhand,Nanital,Haldwani,Other,Oil Seeds,39,3450,3550,3518,26-Nov-13
Uttrakhand,Nanital,Haldwani,Other,Oil Seeds,16.4,3543,3567,3550,27-Nov-13
Uttrakhand,Dehradoon,Rishikesh,Other,Oil Seeds,15.3,3600,3600,3600,28-Nov-13
Uttrakhand,Nanital,Haldwani,Other,Oil Seeds,13.9,3325,3500,3432,28-Nov-13
Uttrakhand,Nanital,Haldwani,Other,Oil Seeds,42.4,3500,3550,3543,30-Nov-13
Uttrakhand,Nanital,Haldwani,Other,Oil Seeds,5.2,3316,3359,3325,4-Dec-13
Uttrakhand,Nanital,Haldwani,Other,Oil Seeds,23.9,3275,3550,3498,5-Dec-13
Uttrakhand,Nanital,Haldwani,Other,Oil Seeds,21.3,3560,3560,3560,6-Dec-13
Uttrakhand,UdhamSinghNagar,Sitarganj,Soyabeen,Oil Seeds,152.01,3660,3670,3665,6-Dec-13
Uttrakhand,UdhamSinghNagar,Sitarganj,Soyabeen,Oil Seeds,142.2,3660,3670,3665,7-Dec-13
Uttrakhand,Nanital,Haldwani,Other,Oil Seeds,23.9,3275,3550,3498,8-Dec-13
Uttrakhand,Nanital,Haldwani,Other,Oil Seeds,8.5,3519,3585,3530,9-Dec-13
Uttrakhand,Nanital,Haldwani,Other,Oil Seeds,24.7,2775,3550,3363,10-Dec-13
Uttrakhand,Nanital,Haldwani,Other,Oil Seeds,60,3553,3560,3558,11-Dec-13
Uttrakhand,Nanital,Ramnagar,Other,Oil Seeds,80,2500,3617,3058,11-Dec-13
Uttrakhand,UdhamSinghNagar,Sitarganj,Soyabeen,Oil Seeds,219.9,3660,3670,3665,11-Dec-13
Uttrakhand,Dehradoon,Rishikesh,Other,Oil Seeds,18,3650,3650,3650,13-Dec-13
Uttrakhand,Nanital,Haldwani,Other,Oil Seeds,33.2,3515,3605,3560,13-Dec-13
Uttrakhand,UdhamSinghNagar,Gadarpur,Other,Oil Seeds,22,3810,3810,3810,14-Dec-13
Uttrakhand,Nanital,Haldwani,Other,Oil Seeds,34.7,3570,3600,3592,15-Dec-13
Uttrakhand,Nanital,Haldwani,Other,Oil Seeds,58.4,3600,3600,3600,16-Dec-13
Uttrakhand,Nanital,Haldwani,Other,Oil Seeds,8.3,3600,3600,3600,17-Dec-13
Uttrakhand,Nanital,Haldwani,Other,Oil Seeds,8.8,3550,3628,3600,19-Dec-13
Uttrakhand,Nanital,Ramnagar,Other,Oil Seeds,98.5,3400,3440,3420,19-Dec-13
Uttrakhand,UdhamSinghNagar,Sitarganj,Soyabeen,Oil Seeds,281,3660,3670,3665,19-Dec-13
Uttrakhand,Nanital,Haldwani,Other,Oil Seeds,75.8,3600,3700,3685,20-Dec-13
Uttrakhand,UdhamSinghNagar,Sitarganj,Soyabeen,Oil Seeds,244,3660,3670,3665,20-Dec-13
Uttrakhand,Dehradoon,Rishikesh,Other,Oil Seeds,10,2413,2413,2413,21-Dec-13
Uttrakhand,Nanital,Ramnagar,Other,Oil Seeds,31.23,3440,3470,3455,21-Dec-13
Uttrakhand,Nanital,Haldwani,Other,Oil Seeds,2.3,3600,3600,3600,23-Dec-13
Uttrakhand,Nanital,Haldwani,Other,Oil Seeds,51.7,3700,3700,3700,24-Dec-13
Uttrakhand,Nanital,Haldwani,Other,Oil Seeds,19.5,3600,3600,3600,25-Dec-13
Uttrakhand,UdhamSinghNagar,Sitarganj,Soyabeen,Oil Seeds,159.9,3780,3790,3785,26-Dec-13
Uttrakhand,Nanital,Haldwani,Other,Oil Seeds,6.9,3700,3700,3700,27-Dec-13
Uttrakhand,Nanital,Haldwani,Other,Oil Seeds,33.9,3624,3717,3701,29-Dec-13
Uttrakhand,Nanital,Haldwani,Other,Oil Seeds,18.9,3650,3700,3693,30-Dec-13
Uttrakhand,UdhamSinghNagar,Sitarganj,Soyabeen,Oil Seeds,49.5,3780,3785,3785,30-Dec-13
Uttrakhand,Nanital,Haldwani,Other,Oil Seeds,31.4,3700,3750,3746,31-Dec-13
Uttrakhand,Nanital,Haldwani,Other,Oil Seeds,8.5,3675,3800,3750,2-Jan-14
Uttrakhand,UdhamSinghNagar,Sitarganj,Soyabeen,Oil Seeds,132.3,3900,3910,3905,3-Jan-14
Uttrakhand,UdhamSinghNagar,Sitarganj,Soyabeen,Oil Seeds,173.4,3900,3910,3900,4-Jan-14
Uttrakhand,UdhamSinghNagar,Sitarganj,Soyabeen,Oil Seeds,76.5,3900,3910,3900,5-Jan-14
Uttrakhand,Nanital,Haldwani,Other,Oil Seeds,5.1,3750,3750,3750,6-Jan-14
Uttrakhand,Nanital,Haldwani,Other,Oil Seeds,4.1,3665,3718,3700,16-Jan-14
Uttrakhand,Nanital,Haldwani,Other,Oil Seeds,26.8,3675,3719,3700,19-Jan-14
Uttrakhand,Nanital,Haldwani,Other,Oil Seeds,7.9,3550,3725,3700,21-Jan-14
Uttrakhand,Nanital,Haldwani,Other,Oil Seeds,47.4,3650,3765,3725,22-Jan-14
Uttrakhand,Nanital,Haldwani,Other,Oil Seeds,8.9,3680,3720,3700,24-Jan-14
Uttrakhand,Nanital,Haldwani,Other,Oil Seeds,8.3,3670,3715,3700,27-Jan-14
Uttrakhand,Nanital,Haldwani,Other,Oil Seeds,39.7,3650,3780,3765,29-Jan-14
Uttrakhand,Nanital,Haldwani,Other,Oil Seeds,8.5,3600,3725,3700,30-Jan-14
Uttrakhand,UdhamSinghNagar,Sitarganj,Soyabeen,Oil Seeds,162.3,3820,3825,3823,4-Feb-14
Uttrakhand,Nanital,Haldwani,Other,Oil Seeds,4.2,3700,3700,3700,5-Feb-14
Uttrakhand,UdhamSinghNagar,Sitarganj,Soyabeen,Oil Seeds,80.7,3800,3850,3819,5-Feb-14
Uttrakhand,UdhamSinghNagar,Sitarganj,Soyabeen,Oil Seeds,80.1,3800,3830,3819,6-Feb-14
Uttrakhand,Nanital,Haldwani,Other,Oil Seeds,1.4,3665,3718,3700,7-Feb-14
Uttrakhand,UdhamSinghNagar,Sitarganj,Soyabeen,Oil Seeds,81,3800,3840,3820,7-Feb-14
Uttrakhand,UdhamSinghNagar,Sitarganj,Soyabeen,Oil Seeds,120.6,3800,3850,3823,8-Feb-14
Uttrakhand,Nanital,Haldwani,Other,Oil Seeds,2,3600,3720,3700,9-Feb-14
Uttrakhand,Nanital,Haldwani,Other,Oil Seeds,1.4,3665,3718,3700,10-Feb-14
Uttrakhand,UdhamSinghNagar,Sitarganj,Soyabeen,Oil Seeds,488,3700,3750,3725,10-Feb-14
Uttrakhand,Nanital,Ramnagar,Other,Oil Seeds,51,3740,3740,3740,13-Feb-14
Uttrakhand,Nanital,Haldwani,Other,Oil Seeds,31.2,3750,3825,3800,14-Feb-14
Uttrakhand,UdhamSinghNagar,Rudrapur,Other,Oil Seeds,136.8,3000,3600,3300,14-Feb-14
Uttrakhand,UdhamSinghNagar,Rudrapur,Other,Oil Seeds,91.2,3000,3600,3300,15-Feb-14
Uttrakhand,Nanital,Haldwani,Other,Oil Seeds,6.5,3400,3700,3476,17-Feb-14
Uttrakhand,Nanital,Haldwani,Other,Oil Seeds,31.7,3750,3800,3785,18-Feb-14
Uttrakhand,Nanital,Haldwani,Other,Oil Seeds,10.1,3770,3805,3800,20-Feb-14
Uttrakhand,UdhamSinghNagar,Rudrapur,Other,Oil Seeds,102.8,3200,4020,3610,20-Feb-14
Uttrakhand,Nanital,Haldwani,Other,Oil Seeds,66,3780,3815,3800,21-Feb-14
Uttrakhand,UdhamSinghNagar,Rudrapur,Other,Oil Seeds,16.5,3000,4054,3500,22-Feb-14
Uttrakhand,Nanital,Haldwani,Other,Oil Seeds,56.1,3775,3810,3808,23-Feb-14
Uttrakhand,Nanital,Haldwani,Other,Oil Seeds,42.8,3800,3800,3800,25-Feb-14
Uttrakhand,UdhamSinghNagar,Rudrapur,Other,Oil Seeds,42.7,3900,3990,3900,25-Feb-14
Uttrakhand,Nanital,Haldwani,Other,Oil Seeds,22.1,3780,3810,3800,26-Feb-14
Uttrakhand,Nanital,Haldwani,Other,Oil Seeds,25.2,3800,3850,3849,3-Mar-14
Uttrakhand,Nanital,Haldwani,Other,Oil Seeds,14.7,3825,3900,3850,4-Mar-14
Uttrakhand,Nanital,Haldwani,Other,Oil Seeds,8,3800,3900,3850,5-Mar-14
Uttrakhand,Nanital,Haldwani,Other,Oil Seeds,3.7,3900,3900,3900,6-Mar-14
Uttrakhand,Nanital,Haldwani,Other,Oil Seeds,43.5,4000,4000,4000,7-Mar-14
Uttrakhand,Nanital,Haldwani,Other,Oil Seeds,24.7,4050,4050,4050,18-Mar-14
Uttrakhand,UdhamSinghNagar,Rudrapur,Other,Oil Seeds,42.2,4000,4232,4150,21-Mar-14
Uttrakhand,Nanital,Haldwani,Other,Oil Seeds,42.2,4020,4020,4020,23-Mar-14
Uttrakhand,UdhamSinghNagar,Rudrapur,Other,Oil Seeds,43.8,4000,4232,4100,23-Mar-14
Uttrakhand,Nanital,Haldwani,Other,Oil Seeds,14.9,4050,4050,4050,31-Mar-14
Uttrakhand,UdhamSinghNagar,Bazpur,Other,Oil Seeds,30.84,3975,3975,3975,31-Mar-14
Uttrakhand,Nanital,Haldwani,Other,Oil Seeds,1.7,4000,4000,4000,1-Apr-14
Uttrakhand,Nanital,Haldwani,Other,Oil Seeds,1.9,4000,4000,4000,4-Apr-14
Uttrakhand,Nanital,Haldwani,Other,Oil Seeds,5.2,4000,4000,4000,7-Apr-14
Uttrakhand,Nanital,Haldwani,Other,Oil Seeds,2.6,4000,4000,4000,9-Apr-14
Uttrakhand,Nanital,Haldwani,Other,Oil Seeds,2.6,4050,4050,4050,10-Apr-14
Uttrakhand,Nanital,Haldwani,Other,Oil Seeds,44.6,4200,4200,4200,11-Apr-14
Uttrakhand,UdhamSinghNagar,Rudrapur,Other,Oil Seeds,44.5,4000,4430,4200,11-Apr-14
Uttrakhand,UdhamSinghNagar,Gadarpur,Other,Oil Seeds,40.8,4448,4448,4448,12-Apr-14
Uttrakhand,Nanital,Haldwani,Other,Oil Seeds,9.8,4100,4100,4100,15-Apr-14
Uttrakhand,Nanital,Haldwani,Other,Oil Seeds,21.6,4200,4200,4200,16-Apr-14
Uttrakhand,Nanital,Haldwani,Other,Oil Seeds,11.3,4150,4150,4150,17-Apr-14
Uttrakhand,Nanital,Haldwani,Other,Oil Seeds,28.2,3800,4200,4103,18-Apr-14
Uttrakhand,Nanital,Haldwani,Other,Oil Seeds,13,4200,4200,4200,22-Apr-14
Uttrakhand,Nanital,Haldwani,Other,Oil Seeds,5.2,4250,4250,4250,23-Apr-14
Uttrakhand,Nanital,Haldwani,Other,Oil Seeds,27.7,4200,4200,4200,27-Apr-14
Uttrakhand,Nanital,Haldwani,Other,Oil Seeds,17.9,4280,4280,4280,1-May-14
Uttrakhand,Nanital,Haldwani,Other,Oil Seeds,10.9,4280,4280,4280,2-May-14
Uttrakhand,UdhamSinghNagar,Rudrapur,Other,Oil Seeds,25,5000,5861,5500,5-May-14
Uttrakhand,UdhamSinghNagar,Rudrapur,Other,Oil Seeds,20,5800,5861,5800,6-May-14
Uttrakhand,Nanital,Haldwani,Other,Oil Seeds,4.1,4800,4800,4800,13-May-14
Uttrakhand,UdhamSinghNagar,Rudrapur,Other,Oil Seeds,30,4000,4841,4500,13-May-14
Uttrakhand,UdhamSinghNagar,Rudrapur,Other,Oil Seeds,20,4000,4889,4500,14-May-14
Uttrakhand,Nanital,Haldwani,Other,Oil Seeds,49,4825,4825,4825,21-May-14
Uttrakhand,Nanital,Haldwani,Other,Oil Seeds,36.2,4825,4825,4825,26-May-14
Uttrakhand,Nanital,Haldwani,Other,Oil Seeds,7.2,4875,4875,4875,29-May-14
Uttrakhand,UdhamSinghNagar,Gadarpur,Other,Oil Seeds,60.8,5025,5025,5025,30-May-14
Uttrakhand,UdhamSinghNagar,Rudrapur,Other,Oil Seeds,25,4700,4750,4750,17-Jun-14
Uttrakhand,UdhamSinghNagar,Rudrapur,Other,Oil Seeds,30,4600,4750,4700,21-Jun-14
Uttrakhand,Nanital,Haldwani,Other,Oil Seeds,5.5,4200,4200,4200,22-Jul-14
Uttrakhand,Nanital,Haldwani,Other,Oil Seeds,2.6,4200,4200,4200,23-Jul-14
Uttrakhand,UdhamSinghNagar,Rudrapur,Other,Oil Seeds,18.5,4000,5000,4500,24-Jul-14
Uttrakhand,UdhamSinghNagar,Rudrapur,Other,Oil Seeds,3,4000,5000,4500,25-Jul-14
Uttrakhand,UdhamSinghNagar,Rudrapur,Other,Oil Seeds,24.2,4000,5000,4500,26-Jul-14
Uttrakhand,Nanital,Haldwani,Other,Oil Seeds,9.6,4320,4320,4320,28-Jul-14
Uttrakhand,Nanital,Haldwani,Other,Oil Seeds,7,4320,4320,4320,29-Jul-14
Uttrakhand,Nanital,Haldwani,Other,Oil Seeds,19.5,3850,3850,3850,30-Jul-14
Uttrakhand,UdhamSinghNagar,Rudrapur,Other,Oil Seeds,22.5,4000,4123,4100,22-Aug-14
Uttrakhand,UdhamSinghNagar,Rudrapur,Other,Oil Seeds,25.4,4000,4289,4100,23-Aug-14
Uttrakhand,UdhamSinghNagar,Rudrapur,Other,Oil Seeds,25,3800,4000,3900,26-Aug-14
Uttrakhand,UdhamSinghNagar,Rudrapur,Other,Oil Seeds,25,3800,4000,3900,27-Aug-14
Uttrakhand,Nanital,Haldwani,Other,Oil Seeds,50.9,3820,4110,4050,31-Aug-14
Uttrakhand,UdhamSinghNagar,Sitarganj,Other,Oil Seeds,"3,000.00",3300,3500,3430,26-Sep-14
Uttrakhand,UdhamSinghNagar,Sitarganj,Other,Oil Seeds,"3,000.00",3350,3500,3433,27-Sep-14
Uttrakhand,Nanital,Haldwani,Other,Oil Seeds,32.2,3400,3450,3430,9-Oct-14
Uttrakhand,UdhamSinghNagar,Sitarganj,Other,Oil Seeds,300,2228,2228,2228,17-Oct-14
Uttrakhand,UdhamSinghNagar,Sitarganj,Other,Oil Seeds,300,2228,2228,2228,18-Oct-14
Uttrakhand,UdhamSinghNagar,Sitarganj,Other,Oil Seeds,212.9,3400,3400,3400,19-Oct-14
Uttrakhand,UdhamSinghNagar,Rudrapur,Other,Oil Seeds,56,2000,2951,2500,20-Oct-14
Uttrakhand,UdhamSinghNagar,Sitarganj,Other,Oil Seeds,108.9,3150,3160,3155,27-Oct-14
Uttrakhand,UdhamSinghNagar,Sitarganj,Other,Oil Seeds,108,3150,3160,3155,28-Oct-14
Uttrakhand,UdhamSinghNagar,Rudrapur,Other,Oil Seeds,78.5,3000,3450,3200,6-Nov-14
Uttrakhand,UdhamSinghNagar,Rudrapur,Other,Oil Seeds,85.2,3000,3300,3150,7-Nov-14
Uttrakhand,UdhamSinghNagar,Rudrapur,Other,Oil Seeds,45,3310,3450,3350,10-Nov-14
Uttrakhand,Nanital,Haldwani,Other,Oil Seeds,8.3,2800,2900,2850,12-Nov-14
Uttrakhand,UdhamSinghNagar,Rudrapur,Other,Oil Seeds,35,3300,3500,3400,12-Nov-14
Uttrakhand,UdhamSinghNagar,Sitarganj,Other,Oil Seeds,506.6,2950,3000,2980,13-Nov-14
Uttrakhand,UdhamSinghNagar,Sitarganj,Other,Oil Seeds,439,2900,3100,3000,14-Nov-14
Uttrakhand,Nanital,Haldwani,Other,Oil Seeds,26,2900,2950,2930,17-Nov-14
Uttrakhand,Nanital,Haldwani,Other,Oil Seeds,5.8,2800,2950,2900,18-Nov-14
Uttrakhand,Nanital,Haldwani,Other,Oil Seeds,26.2,2810,2900,2865,19-Nov-14
Uttrakhand,Nanital,Haldwani,Other,Oil Seeds,13.9,2800,2850,2830,20-Nov-14
Uttrakhand,Nanital,Haldwani,Other,Oil Seeds,42.9,2800,2925,2850,21-Nov-14
Uttrakhand,UdhamSinghNagar,Sitarganj,Other,Oil Seeds,250,2145,2145,2145,21-Nov-14
Uttrakhand,Nanital,Haldwani,Other,Oil Seeds,9.2,2800,2850,2820,23-Nov-14
Uttrakhand,UdhamSinghNagar,Rudrapur,Other,Oil Seeds,32.9,3000,4000,3500,23-Nov-14
Uttrakhand,UdhamSinghNagar,Sitarganj,Other,Oil Seeds,311.7,3150,3160,3155,23-Nov-14
Uttrakhand,Nanital,Haldwani,Other,Oil Seeds,53.8,2800,2925,2850,24-Nov-14
Uttrakhand,UdhamSinghNagar,Rudrapur,Other,Oil Seeds,18.4,3000,4000,3500,24-Nov-14
Uttrakhand,Nanital,Haldwani,Other,Oil Seeds,60.7,2900,2950,2920,25-Nov-14
Uttrakhand,UdhamSinghNagar,Rudrapur,Other,Oil Seeds,16.2,3000,4000,3500,25-Nov-14
Uttrakhand,Nanital,Haldwani,Other,Oil Seeds,21.9,2900,2950,2920,26-Nov-14
Uttrakhand,UdhamSinghNagar,Rudrapur,Other,Oil Seeds,17.3,3000,4000,3500,26-Nov-14
Uttrakhand,Nanital,Haldwani,Other,Oil Seeds,22.5,2900,2950,2930,27-Nov-14
Uttrakhand,Nanital,Haldwani,Other,Oil Seeds,13.2,2850,2900,2875,28-Nov-14
Uttrakhand,Nanital,Haldwani,Other,Oil Seeds,6.6,2800,2900,2830,2-Dec-14
Uttrakhand,Nanital,Haldwani,Other,Oil Seeds,6,2900,2900,2900,4-Dec-14
Uttrakhand,Nanital,Haldwani,Other,Oil Seeds,2.3,2925,2925,2925,5-Dec-14
Uttrakhand,Nanital,Haldwani,Other,Oil Seeds,8.9,2925,2925,2925,7-Dec-14
Uttrakhand,Nanital,Haldwani,Other,Oil Seeds,23.5,2925,2925,2925,8-Dec-14
Uttrakhand,Nanital,Haldwani,Other,Oil Seeds,6.7,2925,2925,2925,9-Dec-14
Uttrakhand,UdhamSinghNagar,Rudrapur,Other,Oil Seeds,50,3100,3600,3300,9-Dec-14
Uttrakhand,UdhamSinghNagar,Bazpur,Other,Oil Seeds,12.27,2300,2300,2300,10-Dec-14
Uttrakhand,Nanital,Haldwani,Other,Oil Seeds,17.8,2925,2925,2925,11-Dec-14
Uttrakhand,Nanital,Haldwani,Other,Oil Seeds,30.3,2950,2950,2950,12-Dec-14
Uttrakhand,Nanital,Haldwani,Other,Oil Seeds,10.5,2925,2925,2925,14-Dec-14
Uttrakhand,Nanital,Haldwani,Other,Oil Seeds,4.5,2925,2925,2925,16-Dec-14
Uttrakhand,Nanital,Haldwani,Other,Oil Seeds,8.5,2925,2925,2925,17-Dec-14
Uttrakhand,UdhamSinghNagar,Sitarganj,Other,Oil Seeds,268.5,2640,2960,2950,17-Dec-14
Uttrakhand,Nanital,Haldwani,Other,Oil Seeds,8.2,2900,2950,2920,18-Dec-14
Uttrakhand,UdhamSinghNagar,Sitarganj,Other,Oil Seeds,250,2100,3000,2110,18-Dec-14
Uttrakhand,Nanital,Haldwani,Other,Oil Seeds,25.4,2890,3000,2900,19-Dec-14
Uttrakhand,UdhamSinghNagar,Bazpur,Other,Oil Seeds,27.5,3000,3000,3000,19-Dec-14
Uttrakhand,UdhamSinghNagar,Sitarganj,Other,Oil Seeds,493.9,3000,3200,3130,19-Dec-14
Uttrakhand,UdhamSinghNagar,Sitarganj,Other,Oil Seeds,269.4,2950,2950,2950,20-Dec-14
Uttrakhand,Nanital,Haldwani,Other,Oil Seeds,25.6,2900,3000,2960,21-Dec-14
Uttrakhand,Nanital,Haldwani,Other,Oil Seeds,2.5,2900,3000,2940,22-Dec-14
Uttrakhand,Nanital,Haldwani,Other,Oil Seeds,14.9,2900,3000,2950,23-Dec-14
Uttrakhand,Nanital,Haldwani,Other,Oil Seeds,14.9,2900,3000,2950,24-Dec-14
Uttrakhand,UdhamSinghNagar,Sitarganj,Other,Oil Seeds,637.6,3110,3120,3115,24-Dec-14
Uttrakhand,Nanital,Haldwani,Other,Oil Seeds,29.7,2950,3000,2980,25-Dec-14
Uttrakhand,Nanital,Haldwani,Other,Oil Seeds,5.6,2950,3000,2970,26-Dec-14
Uttrakhand,Nanital,Haldwani,Other,Oil Seeds,31.6,3000,3050,3020,28-Dec-14
Uttrakhand,Nanital,Haldwani,Other,Oil Seeds,52.2,3000,3100,3050,29-Dec-14
Uttrakhand,Nanital,Haldwani,Other,Oil Seeds,12,3000,3100,3050,30-Dec-14
Uttrakhand,Nanital,Haldwani,Other,Oil Seeds,24.5,3000,3100,3070,31-Dec-14
Uttrakhand,Nanital,Haldwani,Other,Oil Seeds,6.3,3000,3150,3100,5-Jan-15
Uttrakhand,Nanital,Haldwani,Other,Oil Seeds,3.5,3100,3200,3150,7-Jan-15
Uttrakhand,Nanital,Haldwani,Other,Oil Seeds,15.6,3100,3200,3150,9-Jan-15
Uttrakhand,Nanital,Haldwani,Other,Oil Seeds,30.7,3000,3200,3070,11-Jan-15
Uttrakhand,Nanital,Haldwani,Other,Oil Seeds,31,3100,3200,3150,13-Jan-15
Uttrakhand,UdhamSinghNagar,Bazpur,Other,Oil Seeds,29.98,3000,3000,3000,14-Jan-15
Uttrakhand,UdhamSinghNagar,Rudrapur,Other,Oil Seeds,74.5,3150,3440,3230,14-Jan-15
Uttrakhand,Nanital,Haldwani,Other,Oil Seeds,13.7,3100,3250,3200,15-Jan-15
Uttrakhand,Nanital,Haldwani,Other,Oil Seeds,21.6,3100,3225,3200,16-Jan-15
Uttrakhand,UdhamSinghNagar,Rudrapur,Other,Oil Seeds,73.5,3000,4000,3500,16-Jan-15
Uttrakhand,UdhamSinghNagar,Sitarganj,Other,Oil Seeds,500,2260,2260,2260,16-Jan-15
Uttrakhand,UdhamSinghNagar,Rudrapur,Other,Oil Seeds,60.2,3100,3500,3390,17-Jan-15
Uttrakhand,Nanital,Haldwani,Other,Oil Seeds,22.2,3100,3250,3200,18-Jan-15
Uttrakhand,Nanital,Haldwani,Other,Oil Seeds,1.9,3100,3250,3180,19-Jan-15
Uttrakhand,Nanital,Haldwani,Other,Oil Seeds,15.6,3000,3250,3200,20-Jan-15
Uttrakhand,Nanital,Haldwani,Other,Oil Seeds,3.7,3000,3200,3150,22-Jan-15
Uttrakhand,Nanital,Haldwani,Other,Oil Seeds,19.3,3200,3300,3250,23-Jan-15
Uttrakhand,UdhamSinghNagar,Bazpur,Other,Oil Seeds,30.25,2980,2980,2980,25-Jan-15
Uttrakhand,Nanital,Haldwani,Other,Oil Seeds,16,3100,3250,3200,27-Jan-15
Uttrakhand,Nanital,Haldwani,Other,Oil Seeds,19.7,3100,3200,3150,29-Jan-15
Uttrakhand,UdhamSinghNagar,Bazpur,Other,Oil Seeds,17.05,3200,3200,3200,1-Feb-15
Uttrakhand,Nanital,Haldwani,Other,Oil Seeds,5.3,3150,3250,3250,6-Feb-15
Uttrakhand,Nanital,Haldwani,Other,Oil Seeds,15,3000,3200,3150,9-Feb-15
Uttrakhand,Nanital,Haldwani,Other,Oil Seeds,27.6,3000,3200,3050,10-Feb-15
Uttrakhand,UdhamSinghNagar,Rudrapur,Other,Oil Seeds,20,2000,3310,2500,10-Feb-15
Uttrakhand,Nanital,Haldwani,Other,Oil Seeds,15.4,3000,3200,3150,11-Feb-15
Uttrakhand,UdhamSinghNagar,Rudrapur,Other,Oil Seeds,20,2100,3310,2600,11-Feb-15
Uttrakhand,Nanital,Haldwani,Other,Oil Seeds,19,3050,3200,3100,12-Feb-15
Uttrakhand,Nanital,Haldwani,Other,Oil Seeds,18.4,3100,3250,3150,13-Feb-15
Uttrakhand,Nanital,Haldwani,Other,Oil Seeds,28.9,3050,3250,3100,15-Feb-15
Uttrakhand,UdhamSinghNagar,Rudrapur,Other,Oil Seeds,20,2500,3310,3000,16-Feb-15
Uttrakhand,Nanital,Haldwani,Other,Oil Seeds,31.2,3200,3300,3250,17-Feb-15
Uttrakhand,Nanital,Haldwani,Other,Oil Seeds,18.8,3100,3300,3250,25-Feb-15
Uttrakhand,Nanital,Haldwani,Other,Oil Seeds,6.2,3150,3300,3200,26-Feb-15
Uttrakhand,Nanital,Haldwani,Other,Oil Seeds,24.5,3100,3350,3250,1-Mar-15
Uttrakhand,Nanital,Haldwani,Other,Oil Seeds,10.5,3100,3200,3150,4-Mar-15
Uttrakhand,Nanital,Haldwani,Other,Oil Seeds,9.1,3050,3200,3100,7-Mar-15
Uttrakhand,UdhamSinghNagar,Sitarganj,Other,Oil Seeds,500,3250,3250,3250,12-Mar-15
Uttrakhand,UdhamSinghNagar,Sitarganj,Other,Oil Seeds,400.9,3200,3250,3246,16-Mar-15
Uttrakhand,UdhamSinghNagar,Bazpur,Other,Oil Seeds,19.53,3155,3155,3155,17-Mar-15
Uttrakhand,UdhamSinghNagar,Sitarganj,Other,Oil Seeds,"4,671.00",3200,3250,3246,17-Mar-15
Uttrakhand,UdhamSinghNagar,Sitarganj,Other,Oil Seeds,"3,000.00",2275,2275,2275,18-Mar-15
Uttrakhand,UdhamSinghNagar,Sitarganj,Other,Oil Seeds,515.9,3290,3295,3290,19-Mar-15
Uttrakhand,UdhamSinghNagar,Sitarganj,Other,Oil Seeds,105.84,3200,3200,3200,20-Mar-15
Uttrakhand,Nanital,Ramnagar,Other,Oil Seeds,12,3200,3200,3200,23-Mar-15
Uttrakhand,UdhamSinghNagar,Sitarganj,Other,Oil Seeds,162.6,3280,3295,3280,23-Mar-15
Uttrakhand,UdhamSinghNagar,Sitarganj,Other,Oil Seeds,254.7,3100,3300,3200,27-Mar-15
Uttrakhand,UdhamSinghNagar,Sitarganj,Other,Oil Seeds,395.8,3100,3300,3200,29-Mar-15
Uttrakhand,Nanital,Haldwani,Other,Oil Seeds,24.8,3200,3300,3250,30-Mar-15
Uttrakhand,Nanital,Haldwani,Other,Oil Seeds,3.1,3150,3250,3200,5-Apr-15
Uttrakhand,Nanital,Haldwani,Other,Oil Seeds,17.8,3000,3200,3150,7-Apr-15
Uttrakhand,UdhamSinghNagar,Sitarganj,Other,Oil Seeds,268.8,3260,3285,3275,8-Apr-15
Uttrakhand,Nanital,Haldwani,Other,Oil Seeds,24.9,3100,3200,3150,9-Apr-15
Uttrakhand,Nanital,Haldwani,Other,Oil Seeds,21.5,3100,3250,3200,10-Apr-15
Uttrakhand,Nanital,Haldwani,Other,Oil Seeds,19.1,3200,3300,3250,13-Apr-15
Uttrakhand,Nanital,Haldwani,Other,Oil Seeds,6.8,3100,3200,3150,14-Apr-15
Uttrakhand,Nanital,Haldwani,Other,Oil Seeds,4.1,3100,3200,3150,15-Apr-15
Uttrakhand,UdhamSinghNagar,Sitarganj,Other,Oil Seeds,420.3,3300,3390,3345,15-Apr-15
Uttrakhand,Nanital,Haldwani,Other,Oil Seeds,32.3,3100,3200,3140,17-Apr-15
Uttrakhand,UdhamSinghNagar,Sitarganj,Other,Oil Seeds,430,3180,3200,3190,18-Apr-15
Uttrakhand,Nanital,Haldwani,Other,Oil Seeds,7,3100,3200,3150,19-Apr-15
Uttrakhand,Nanital,Haldwani,Other,Oil Seeds,20.9,3100,3200,3170,20-Apr-15
Uttrakhand,Nanital,Haldwani,Other,Oil Seeds,23.4,3100,3200,3150,21-Apr-15
Uttrakhand,Nanital,Haldwani,Other,Oil Seeds,30,3100,3200,3160,22-Apr-15
Uttrakhand,Nanital,Haldwani,Other,Oil Seeds,10.3,3100,3250,3200,23-Apr-15
Uttrakhand,Nanital,Haldwani,Other,Oil Seeds,10.6,3120,3250,3200,24-Apr-15
Uttrakhand,UdhamSinghNagar,Bazpur,Other,Oil Seeds,28.6,3500,3500,3500,25-Apr-15
Uttrakhand,Nanital,Haldwani,Other,Oil Seeds,9.4,3100,3300,3250,26-Apr-15
Uttrakhand,Nanital,Haldwani,Other,Oil Seeds,8.1,3150,3300,3200,27-Apr-15
Uttrakhand,Nanital,Haldwani,Other,Oil Seeds,3.9,3300,3400,3350,29-Apr-15
Uttrakhand,UdhamSinghNagar,Sitarganj,Other,Oil Seeds,400.6,3350,3350,3350,29-Apr-15
Uttrakhand,Nanital,Haldwani,Other,Oil Seeds,1.9,3100,3400,3350,30-Apr-15
Uttrakhand,UdhamSinghNagar,Bazpur,Other,Oil Seeds,28.71,3500,3500,3500,3-May-15
Uttrakhand,Nanital,Haldwani,Other,Oil Seeds,8.5,3400,3500,3450,6-May-15
Uttrakhand,Nanital,Haldwani,Other,Oil Seeds,2.3,3400,3600,3550,7-May-15
Uttrakhand,Nanital,Haldwani,Other,Oil Seeds,11.2,3600,3700,3670,11-May-15
Uttrakhand,Nanital,Haldwani,Other,Oil Seeds,34.7,3300,3700,3650,12-May-15
Uttrakhand,UdhamSinghNagar,Rudrapur,Other,Oil Seeds,55,3050,3500,3394,13-May-15
Uttrakhand,Nanital,Haldwani,Other,Oil Seeds,2.2,3600,3800,3700,14-May-15
Uttrakhand,UdhamSinghNagar,Bazpur,Other,Oil Seeds,27.5,3500,3500,3500,14-May-15
Uttrakhand,Nanital,Haldwani,Other,Oil Seeds,24.3,3650,3800,3700,15-May-15
Uttrakhand,UdhamSinghNagar,Sitarganj,Other,Oil Seeds,367,3600,3600,3600,15-May-15
Uttrakhand,Nanital,Haldwani,Other,Oil Seeds,60.2,3500,3850,3700,18-May-15
Uttrakhand,Nanital,Haldwani,Other,Oil Seeds,27.8,3450,3900,3600,19-May-15
Uttrakhand,Nanital,Haldwani,Other,Oil Seeds,10.7,3500,3900,3700,20-May-15
Uttrakhand,UdhamSinghNagar,Rudrapur,Other,Oil Seeds,90,3000,3500,3250,21-May-15
Uttrakhand,Nanital,Haldwani,Other,Oil Seeds,20.7,3700,3870,3850,22-May-15
Uttrakhand,Nanital,Haldwani,Other,Oil Seeds,6,3650,3850,3700,24-May-15
Uttrakhand,Nanital,Haldwani,Other,Oil Seeds,18.5,3500,3800,3650,25-May-15
Uttrakhand,UdhamSinghNagar,Bazpur,Other,Oil Seeds,27,3600,3600,3600,25-May-15
Uttrakhand,Nanital,Haldwani,Other,Oil Seeds,5.1,3500,3800,3650,27-May-15
Uttrakhand,UdhamSinghNagar,Bazpur,Other,Oil Seeds,30,3600,3600,3600,27-May-15
Uttrakhand,Nanital,Haldwani,Other,Oil Seeds,18.6,3500,3800,3700,28-May-15
Uttrakhand,Nanital,Haldwani,Other,Oil Seeds,27.5,3500,3850,3700,31-May-15
Uttrakhand,UdhamSinghNagar,Bazpur,Other,Oil Seeds,7,3510,3510,3510,1-Jun-15
Uttrakhand,UdhamSinghNagar,Sitarganj,Other,Oil Seeds,375,2205,2205,2205,1-Jun-15
Uttrakhand,Nanital,Haldwani,Other,Oil Seeds,20.7,3600,3850,3700,8-Jun-15
Uttrakhand,Nanital,Haldwani,Other,Oil Seeds,3.8,3500,3800,3700,9-Jun-15
Uttrakhand,Nanital,Haldwani,Other,Oil Seeds,2.4,3700,3850,3800,10-Jun-15
Uttrakhand,Nanital,Haldwani,Other,Oil Seeds,27.2,3650,3800,3700,11-Jun-15
Uttrakhand,UdhamSinghNagar,Rudrapur,Other,Oil Seeds,50,3000,3500,3200,11-Jun-15
Uttrakhand,UdhamSinghNagar,Bazpur,Other,Oil Seeds,9,3600,3600,3600,12-Jun-15
Uttrakhand,Nanital,Haldwani,Other,Oil Seeds,3.8,3200,3600,3400,20-Jun-15
Uttrakhand,Nanital,Haldwani,Other,Oil Seeds,2.1,3100,3700,3400,21-Jun-15
Uttrakhand,UdhamSinghNagar,Bazpur,Other,Oil Seeds,0.6,2500,2500,2500,27-Jun-15
Uttrakhand,UdhamSinghNagar,Sitarganj,Other,Oil Seeds,325.7,3600,3615,3610,30-Jun-15
Uttrakhand,UdhamSinghNagar,Gadarpur,Other,Oil Seeds,30.2,3677,3677,3677,5-Jul-15
Uttrakhand,Nanital,Haldwani,Other,Oil Seeds,25.9,3300,3400,3350,15-Jul-15
Uttrakhand,UdhamSinghNagar,Sitarganj,Other,Oil Seeds,108.3,3400,3470,3460,16-Jul-15
Uttrakhand,Nanital,Haldwani,Other,Oil Seeds,53.7,3150,3750,3378,17-Jul-15
Uttrakhand,UdhamSinghNagar,Sitarganj,Other,Oil Seeds,61.5,3400,3480,3460,17-Jul-15
Uttrakhand,UdhamSinghNagar,Sitarganj,Other,Oil Seeds,"5,000.00",2100,2200,2180,18-Jul-15
Uttrakhand,UdhamSinghNagar,Bazpur,Other,Oil Seeds,30.07,3251,3251,3251,20-Jul-15
Uttrakhand,Nanital,Haldwani,Other,Oil Seeds,24.9,3300,3400,3350,21-Jul-15
Uttrakhand,UdhamSinghNagar,Sitarganj,Other,Oil Seeds,74.7,3450,3460,3455,28-Jul-15
Uttrakhand,UdhamSinghNagar,Sitarganj,Other,Oil Seeds,132,3450,3460,3455,29-Jul-15
Uttrakhand,UdhamSinghNagar,Rudrapur,Other,Oil Seeds,50,3190,3600,3400,3-Aug-15
Uttrakhand,Nanital,Haldwani,Other,Oil Seeds,21,3200,3350,3300,4-Aug-15
Uttrakhand,Nanital,Haldwani,Other,Oil Seeds,20,3000,3350,3300,5-Aug-15
Uttrakhand,Nanital,Haldwani,Other,Oil Seeds,15.4,3000,3100,3050,6-Aug-15
Uttrakhand,Nanital,Haldwani,Other,Oil Seeds,75.4,3260,3260,3260,10-Aug-15
Uttrakhand,Nanital,Haldwani,Other,Oil Seeds,78.8,3200,3300,3260,11-Aug-15
Uttrakhand,UdhamSinghNagar,Sitarganj,Other,Oil Seeds,307.8,3200,3200,3200,11-Aug-15
Uttrakhand,Nanital,Haldwani,Other,Oil Seeds,75.9,3260,3260,3260,13-Aug-15
Uttrakhand,Nanital,Haldwani,Other,Oil Seeds,7,3000,3050,3025,18-Aug-15
Uttrakhand,UdhamSinghNagar,Sitarganj,Other,Oil Seeds,400,2800,3200,3000,18-Aug-15
Uttrakhand,Nanital,Haldwani,Other,Oil Seeds,1.1,2950,3300,3000,19-Aug-15
Uttrakhand,Nanital,Haldwani,Other,Oil Seeds,43.6,3150,3200,3165,20-Aug-15
Uttrakhand,Nanital,Haldwani,Other,Oil Seeds,42.5,3072,3162,3155,21-Aug-15
Uttrakhand,Nanital,Haldwani,Other,Oil Seeds,50.6,3150,3200,3165,23-Aug-15
Uttrakhand,UdhamSinghNagar,Sitarganj,Other,Oil Seeds,161.7,3210,3240,3220,23-Aug-15
Uttrakhand,Nanital,Haldwani,Other,Oil Seeds,45,3165,3200,3169,24-Aug-15
Uttrakhand,UdhamSinghNagar,Sitarganj,Other,Oil Seeds,161.4,3210,3240,3220,24-Aug-15
Uttrakhand,Nanital,Haldwani,Other,Oil Seeds,77.1,3000,3165,3160,25-Aug-15
Uttrakhand,Nanital,Haldwani,Other,Oil Seeds,47.8,3100,3200,3163,26-Aug-15
Uttrakhand,UdhamSinghNagar,Rudrapur,Other,Oil Seeds,60,3050,3500,3330,26-Aug-15
Uttrakhand,UdhamSinghNagar,Bazpur,Other,Oil Seeds,30.27,3005,3005,3005,28-Aug-15
Uttrakhand,UdhamSinghNagar,Rudrapur,Other,Oil Seeds,71,3050,3500,3250,28-Aug-15
Uttrakhand,UdhamSinghNagar,Rudrapur,Other,Oil Seeds,38,3000,3500,3280,3-Sep-15
Uttrakhand,Nanital,Haldwani,Other,Oil Seeds,25.8,3000,3020,3010,4-Sep-15
Uttrakhand,UdhamSinghNagar,Rudrapur,Other,Oil Seeds,110.7,3177,3600,3320,4-Sep-15
Uttrakhand,Nanital,Haldwani,Other,Oil Seeds,35,3000,3016,3008,8-Sep-15
Uttrakhand,UdhamSinghNagar,Rudrapur,Other,Oil Seeds,50,3000,3500,3310,8-Sep-15
Uttrakhand,UdhamSinghNagar,Rudrapur,Other,Oil Seeds,50,3150,3600,3350,9-Sep-15
Uttrakhand,UdhamSinghNagar,Sitarganj,Other,Oil Seeds,163.5,3250,3300,3280,9-Sep-15
Uttrakhand,Nanital,Haldwani,Other,Oil Seeds,51.3,3152,3194,3173,10-Sep-15
Uttrakhand,UdhamSinghNagar,Sitarganj,Other,Oil Seeds,162.3,3250,3260,3259,10-Sep-15
Uttrakhand,Nanital,Haldwani,Other,Oil Seeds,67.2,3100,3246,3173,11-Sep-15
Uttrakhand,UdhamSinghNagar,Rudrapur,Other,Oil Seeds,46,3100,3600,3250,11-Sep-15
Uttrakhand,Nanital,Haldwani,Other,Oil Seeds,32.8,3100,3150,3125,13-Sep-15
Uttrakhand,Nanital,Haldwani,Other,Oil Seeds,50.4,3110,3125,3117,14-Sep-15
Uttrakhand,Nanital,Haldwani,Other,Oil Seeds,7.6,3050,3056,3053,15-Sep-15
Uttrakhand,UdhamSinghNagar,Rudrapur,Other,Oil Seeds,60,3150,3500,3300,16-Sep-15
Uttrakhand,UdhamSinghNagar,Rudrapur,Other,Oil Seeds,59,3150,3500,3250,23-Sep-15
Uttrakhand,Nanital,Haldwani,Other,Oil Seeds,57,3100,3120,3110,24-Sep-15
Uttrakhand,Nanital,Haldwani,Other,Oil Seeds,155.4,3010,3110,3060,28-Sep-15
Uttrakhand,UdhamSinghNagar,Bazpur,Other,Oil Seeds,33.11,3100,3100,3100,28-Sep-15
Uttrakhand,Nanital,Haldwani,Other,Oil Seeds,30,3180,3220,3200,29-Sep-15
Uttrakhand,UdhamSinghNagar,Bazpur,Other,Oil Seeds,30,3100,3100,3100,29-Sep-15
Uttrakhand,Nanital,Haldwani,Other,Oil Seeds,72.3,3110,3200,3155,30-Sep-15
Uttrakhand,Nanital,Haldwani,Other,Oil Seeds,71.3,3050,3100,3075,1-Oct-15
Uttrakhand,Nanital,Haldwani,Other,Oil Seeds,2.7,3235,3267,3251,8-Oct-15
Uttrakhand,Nanital,Haldwani,Other,Oil Seeds,18.6,3300,3306,3303,9-Oct-15
Uttrakhand,UdhamSinghNagar,Bazpur,Other,Oil Seeds,58,3400,3400,3400,10-Oct-15
Uttrakhand,Nanital,Haldwani,Other,Oil Seeds,17,3290,3296,3293,11-Oct-15
Uttrakhand,Nanital,Haldwani,Other,Oil Seeds,3.8,3315,3371,3343,12-Oct-15
Uttrakhand,Nanital,Haldwani,Other,Oil Seeds,41.5,3540,3555,3547,13-Oct-15
Uttrakhand,Nanital,Haldwani,Other,Oil Seeds,2.1,3330,3348,3339,14-Oct-15
Uttrakhand,Nanital,Haldwani,Other,Oil Seeds,3.7,3300,3500,3400,15-Oct-15
Uttrakhand,UdhamSinghNagar,Rudrapur,Other,Oil Seeds,50,3200,3500,3250,19-Oct-15
Uttrakhand,Nanital,Haldwani,Other,Oil Seeds,33.2,3575,3625,3600,20-Oct-15
Uttrakhand,UdhamSinghNagar,Sitarganj,Other,Oil Seeds,"8,773.00",3820,3900,3850,20-Oct-15
Uttrakhand,Nanital,Haldwani,Other,Oil Seeds,118.6,3645,3657,3651,23-Oct-15
Uttrakhand,Nanital,Haldwani,Other,Oil Seeds,38.5,3700,3704,3702,26-Oct-15
Uttrakhand,UdhamSinghNagar,Rudrapur,Other,Oil Seeds,12,3500,3934,3717,26-Oct-15
Uttrakhand,Nanital,Haldwani,Other,Oil Seeds,47.8,3490,3657,3574,27-Oct-15
Uttrakhand,Nanital,Haldwani,Other,Oil Seeds,49.4,3650,3746,3698,28-Oct-15
Uttrakhand,UdhamSinghNagar,Rudrapur,Other,Oil Seeds,42.4,3928,3947,3938,28-Oct-15
Uttrakhand,Nanital,Haldwani,Other,Oil Seeds,59.1,3350,3490,3420,29-Oct-15
Uttrakhand,Nanital,Haldwani,Other,Oil Seeds,18,3650,3750,3700,30-Oct-15
Uttrakhand,Nanital,Haldwani,Other,Oil Seeds,18,3675,3725,3700,1-Nov-15
Uttrakhand,Nanital,Haldwani,Other,Oil Seeds,45.1,3680,3704,3692,5-Nov-15
Uttrakhand,UdhamSinghNagar,Bazpur,Other,Oil Seeds,24.75,3400,3400,3400,10-Nov-15
Uttrakhand,Nanital,Haldwani,Other,Oil Seeds,9.3,3447,3541,3494,16-Nov-15
Uttrakhand,Nanital,Haldwani,Other,Oil Seeds,8.8,3420,3438,3429,17-Nov-15
Uttrakhand,Nanital,Haldwani,Other,Oil Seeds,34.6,3700,3708,3704,19-Nov-15
Uttrakhand,Nanital,Haldwani,Other,Oil Seeds,43.1,3400,3417,3408,20-Nov-15
Uttrakhand,UdhamSinghNagar,Bazpur,Other,Oil Seeds,25.02,3400,3400,3400,20-Nov-15
Uttrakhand,Nanital,Haldwani,Other,Oil Seeds,11.9,3400,3430,3420,24-Nov-15
Uttrakhand,Nanital,Haldwani,Other,Oil Seeds,37.7,3397,3566,3481,25-Nov-15
Uttrakhand,Nanital,Haldwani,Other,Oil Seeds,18.7,3150,3437,3253,29-Nov-15
Uttrakhand,Nanital,Haldwani,Other,Oil Seeds,2.2,3420,3430,3425,30-Nov-15
Uttrakhand,Nanital,Haldwani,Other,Oil Seeds,105.2,3150,3450,3275,1-Dec-15
Uttrakhand,Nanital,Haldwani,Other,Oil Seeds,29,3450,3456,3453,4-Dec-15
Uttrakhand,Nanital,Haldwani,Other,Oil Seeds,4.4,3400,3460,3450,8-Dec-15
Uttrakhand,Nanital,Haldwani,Other,Oil Seeds,17.2,3640,3660,3650,9-Dec-15
Uttrakhand,Nanital,Haldwani,Other,Oil Seeds,3.5,3340,3362,3351,11-Dec-15
Uttrakhand,Nanital,Haldwani,Other,Oil Seeds,99.2,3640,3654,3647,13-Dec-15
Uttrakhand,Nanital,Haldwani,Other,Oil Seeds,20.2,3500,3510,3505,14-Dec-15
Uttrakhand,Nanital,Haldwani,Other,Oil Seeds,5.6,3480,3495,3487,16-Dec-15
Uttrakhand,Nanital,Haldwani,Other,Oil Seeds,4.1,3470,3478,3474,18-Dec-15
Uttrakhand,Nanital,Haldwani,Other,Oil Seeds,4,3500,3520,3510,20-Dec-15
Uttrakhand,UdhamSinghNagar,Sitarganj,Other,Oil Seeds,311.1,3730,3770,3740,20-Dec-15
Uttrakhand,Nanital,Haldwani,Other,Oil Seeds,9.4,3000,3518,3259,22-Dec-15
Uttrakhand,Nanital,Haldwani,Other,Oil Seeds,14.8,3385,3393,3389,23-Dec-15
Uttrakhand,Nanital,Haldwani,Other,Oil Seeds,13.2,3505,3557,3531,28-Dec-15
Uttrakhand,Nanital,Haldwani,Other,Oil Seeds,43.5,3100,3200,3150,1-Jan-16
Uttrakhand,UdhamSinghNagar,Sitarganj,Other,Oil Seeds,162.3,3740,3800,3760,8-Jan-16
Uttrakhand,Nanital,Haldwani,Other,Oil Seeds,13.5,3600,3650,3625,10-Jan-16
Uttrakhand,Nanital,Haldwani,Other,Oil Seeds,18.2,3580,3604,3592,13-Jan-16
Uttrakhand,Nanital,Haldwani,Other,Oil Seeds,9.7,3580,3604,3592,14-Jan-16
Uttrakhand,UdhamSinghNagar,Rudrapur,Other,Oil Seeds,50.2,3000,3500,3300,23-Jan-16
Uttrakhand,Nanital,Haldwani,Other,Oil Seeds,5.8,3600,3642,3621,28-Jan-16
Uttrakhand,Nanital,Haldwani,Other,Oil Seeds,2.2,3680,3686,3683,31-Jan-16
Uttrakhand,Nanital,Haldwani,Other,Oil Seeds,14.3,3050,3650,3350,1-Feb-16
Uttrakhand,Nanital,Haldwani,Other,Oil Seeds,8.9,3560,3602,3581,4-Feb-16
Uttrakhand,UdhamSinghNagar,Sitarganj,Other,Oil Seeds,162.3,3750,3765,3755,6-Feb-16
Uttrakhand,Nanital,Haldwani,Other,Oil Seeds,35.5,3640,3654,3647,7-Feb-16
Uttrakhand,Nanital,Haldwani,Other,Oil Seeds,16.6,2700,3050,2875,10-Feb-16
Uttrakhand,Nanital,Haldwani,Other,Oil Seeds,30.5,3615,3687,3651,12-Feb-16
Uttrakhand,UdhamSinghNagar,Sitarganj,Other,Oil Seeds,162.6,3700,3800,3760,15-Feb-16
Uttrakhand,Nanital,Haldwani,Other,Oil Seeds,22.4,3630,3646,3638,16-Feb-16
Uttrakhand,Nanital,Haldwani,Other,Oil Seeds,103.4,3640,3658,3649,17-Feb-16
Uttrakhand,Nanital,Haldwani,Other,Oil Seeds,60.7,3500,3625,3562,4-Mar-16
Uttrakhand,Dehradoon,Vikasnagar,Other,Oil Seeds,50,2000,2500,2500,9-Mar-16
Uttrakhand,Nanital,Haldwani,Other,Oil Seeds,43.7,3600,3654,3627,11-Mar-16
Uttrakhand,Nanital,Haldwani,Other,Oil Seeds,51.8,3600,3650,3625,13-Mar-16
Uttrakhand,Nanital,Haldwani,Other,Oil Seeds,47.9,3600,3650,3625,17-Mar-16
Uttrakhand,UdhamSinghNagar,Bazpur,Other,Oil Seeds,13,3500,3500,3500,19-Mar-16
Uttrakhand,Nanital,Haldwani,Other,Oil Seeds,6.7,3540,3562,3551,5-Apr-16
Uttrakhand,Nanital,Haldwani,Other,Oil Seeds,5.3,3575,3625,3600,6-Apr-16
Uttrakhand,Nanital,Haldwani,Other,Oil Seeds,4.7,3675,3725,3700,18-Apr-16
Uttrakhand,UdhamSinghNagar,Bazpur,Other,Oil Seeds,10.2,3940,3940,3940,19-Apr-16
Uttrakhand,Nanital,Haldwani,Other,Oil Seeds,2.8,3740,3765,3750,22-Apr-16
Uttrakhand,Nanital,Haldwani,Other,Oil Seeds,5.8,3740,3760,3750,29-Apr-16
Uttrakhand,UdhamSinghNagar,Sitarganj,Other,Oil Seeds,13.6,3600,3600,3600,16-May-16
Uttrakhand,UdhamSinghNagar,Sitarganj,Other,Oil Seeds,16.6,3646,3646,3646,18-May-16
Uttrakhand,Nanital,Haldwani,Other,Oil Seeds,4.8,3400,3800,3600,19-May-16
Uttrakhand,UdhamSinghNagar,Sitarganj,Other,Oil Seeds,17.3,3646,3646,3646,28-May-16
Uttrakhand,Dehradoon,Vikasnagar,Other,Oil Seeds,9,3600,3600,3600,10-Aug-16
Uttrakhand,Nanital,Haldwani,Other,Oil Seeds,98,3400,3500,3450,10-Aug-16
Uttrakhand,Nanital,Haldwani,Other,Oil Seeds,101.7,3460,3460,3460,19-Aug-16
Uttrakhand,UdhamSinghNagar,Sitarganj,Other,Oil Seeds,25,3200,3300,3250,21-Aug-16
Uttrakhand,UdhamSinghNagar,Bazpur,Other,Oil Seeds,10,3300,3300,3300,24-Aug-16
Uttrakhand,Nanital,Haldwani,Other,Oil Seeds,28.6,3300,3400,3350,15-Sep-16
Uttrakhand,Nanital,Haldwani,Other,Oil Seeds,81.1,3300,3340,3310,22-Sep-16
Uttrakhand,UdhamSinghNagar,Gadarpur,Other,Oil Seeds,59.8,3000,3000,3000,25-Sep-16
Uttrakhand,Nanital,Haldwani,Other,Oil Seeds,37.6,3300,3350,3310,26-Sep-16
Uttrakhand,UdhamSinghNagar,Gadarpur,Other,Oil Seeds,59.7,3020,3020,3020,26-Sep-16
Uttrakhand,Nanital,Haldwani,Other,Oil Seeds,14.6,2725,2800,2750,27-Dec-16
Uttrakhand,Nanital,Haldwani,Other,Oil Seeds,12.1,2600,2800,2700,6-Feb-17
Uttrakhand,Nanital,Haldwani,Other,Oil Seeds,51.9,2500,2800,2750,13-Feb-17
Uttrakhand,Nanital,Haldwani,Other,Oil Seeds,12.8,2600,2800,2750,9-Apr-17
Uttrakhand,Nanital,Haldwani,Other,Oil Seeds,77.3,2650,2800,2700,17-Apr-17
Uttrakhand,UdhamSinghNagar,Bazpur,Other,Oil Seeds,29.98,2600,2610,2604,29-Apr-17
Uttrakhand,Nanital,Haldwani,Other,Oil Seeds,195.2,2900,3000,2950,22-May-17
Uttrakhand,UdhamSinghNagar,Bazpur,Other,Oil Seeds,31.5,2680,2700,2690,22-May-17