Gujarat,Rajkot,Gondal,White Peas,Pulses,4.00,4255,5505,4630,02 Jan 2017
Uttar Pradesh,Aligarh,Aligarh,White Peas,Pulses,20.00,3150,3250,3200,02 Jan 2017
Uttar Pradesh,Bareilly,Bareilly,White Peas,Pulses,79.00,0,0,3160,02 Jan 2017
Uttar Pradesh,Deoria,Devariya,White Peas,Pulses,4.50,3640,3675,3640,02 Jan 2017
Uttar Pradesh,Gonda,Gonda,White Peas,Pulses,14.00,3000,3100,3030,02 Jan 2017
Gujarat,Rajkot,Gondal,White Peas,Pulses,53.00,2130,5630,4505,03 Jan 2017
Uttar Pradesh,Aligarh,Aligarh,White Peas,Pulses,30.00,3200,3300,3250,03 Jan 2017
Uttar Pradesh,Bareilly,Bareilly,White Peas,Pulses,28.50,0,0,3170,03 Jan 2017
Uttar Pradesh,Deoria,Devariya,White Peas,Pulses,3.50,3620,3660,3640,03 Jan 2017
Uttar Pradesh,Gonda,Gonda,White Peas,Pulses,18.50,3000,3100,3050,03 Jan 2017
Gujarat,Rajkot,Gondal,White Peas,Pulses,35.00,2000,5380,4005,04 Jan 2017
Uttar Pradesh,Aligarh,Aligarh,White Peas,Pulses,20.00,3150,3250,3200,04 Jan 2017
Uttar Pradesh,Bareilly,Bareilly,White Peas,Pulses,6.00,0,0,3155,04 Jan 2017
Uttar Pradesh,Deoria,Devariya,White Peas,Pulses,4.00,3600,3640,3620,04 Jan 2017
Uttar Pradesh,Gonda,Gonda,White Peas,Pulses,20.50,3000,3100,3060,04 Jan 2017
Gujarat,Rajkot,Gondal,White Peas,Pulses,4.00,2380,4630,3630,05 Jan 2017
Uttar Pradesh,Aligarh,Aligarh,White Peas,Pulses,25.00,3200,3400,3250,05 Jan 2017
Uttar Pradesh,Gonda,Gonda,White Peas,Pulses,20.00,3000,3100,3060,05 Jan 2017
Gujarat,Rajkot,Gondal,White Peas,Pulses,13.00,1055,4130,3130,06 Jan 2017
Uttar Pradesh,Aligarh,Aligarh,White Peas,Pulses,30.00,3150,3250,3200,06 Jan 2017
Uttar Pradesh,Bareilly,Bareilly,White Peas,Pulses,7.70,0,0,3165,06 Jan 2017
Uttar Pradesh,Deoria,Devariya,White Peas,Pulses,4.00,3610,3630,3620,06 Jan 2017
Uttar Pradesh,Gonda,Gonda,White Peas,Pulses,19.00,3000,3100,3060,06 Jan 2017
Gujarat,Rajkot,Gondal,White Peas,Pulses,33.00,1755,5130,4005,07 Jan 2017
Uttar Pradesh,Aligarh,Aligarh,White Peas,Pulses,25.00,3200,3300,3250,07 Jan 2017
Uttar Pradesh,Bareilly,Bareilly,White Peas,Pulses,99.50,0,0,3150,07 Jan 2017
Uttar Pradesh,Deoria,Devariya,White Peas,Pulses,4.50,3600,3650,3630,07 Jan 2017
Uttar Pradesh,Gonda,Gonda,White Peas,Pulses,21.00,3000,3100,3050,07 Jan 2017
Gujarat,Rajkot,Gondal,White Peas,Pulses,53.00,1005,5055,4130,09 Jan 2017
Uttar Pradesh,Aligarh,Aligarh,White Peas,Pulses,20.00,3150,3250,3200,09 Jan 2017
Uttar Pradesh,Bareilly,Bareilly,White Peas,Pulses,24.00,0,0,3140,09 Jan 2017
Uttar Pradesh,Deoria,Devariya,White Peas,Pulses,3.50,3600,3655,3635,09 Jan 2017
Uttar Pradesh,Gonda,Gonda,White Peas,Pulses,22.00,2950,3050,3000,09 Jan 2017
Gujarat,Rajkot,Gondal,White Peas,Pulses,35.00,1255,4880,4380,10 Jan 2017
Uttar Pradesh,Aligarh,Aligarh,White Peas,Pulses,25.00,3100,3200,3150,10 Jan 2017
Uttar Pradesh,Bareilly,Bareilly,White Peas,Pulses,21.00,0,0,3150,10 Jan 2017
Uttar Pradesh,Deoria,Devariya,White Peas,Pulses,4.00,3590,3610,3600,10 Jan 2017
Uttar Pradesh,Gonda,Gonda,White Peas,Pulses,21.00,2950,3050,3000,10 Jan 2017
Gujarat,Rajkot,Gondal,White Peas,Pulses,20.00,955,5255,4505,11 Jan 2017
Uttar Pradesh,Aligarh,Aligarh,White Peas,Pulses,20.00,3150,3250,3200,11 Jan 2017
Uttar Pradesh,Bareilly,Bareilly,White Peas,Pulses,19.00,0,0,3140,11 Jan 2017
Uttar Pradesh,Deoria,Devariya,White Peas,Pulses,4.50,3600,3630,3610,11 Jan 2017
Uttar Pradesh,Gonda,Gonda,White Peas,Pulses,20.00,2980,3150,3025,11 Jan 2017
Gujarat,Rajkot,Gondal,White Peas,Pulses,50.00,855,4880,3880,12 Jan 2017
Uttar Pradesh,Aligarh,Aligarh,White Peas,Pulses,30.00,3200,3300,3250,12 Jan 2017
Uttar Pradesh,Bareilly,Bareilly,White Peas,Pulses,32.50,0,0,3125,12 Jan 2017
Uttar Pradesh,Deoria,Devariya,White Peas,Pulses,4.00,3600,3630,3620,12 Jan 2017
Uttar Pradesh,Gonda,Gonda,White Peas,Pulses,24.00,2950,3100,3020,12 Jan 2017
Gujarat,Rajkot,Gondal,White Peas,Pulses,30.00,1000,4630,3755,13 Jan 2017
Uttar Pradesh,Aligarh,Aligarh,White Peas,Pulses,25.00,3100,3200,3150,13 Jan 2017
Uttar Pradesh,Bareilly,Bareilly,White Peas,Pulses,67.50,0,0,3150,13 Jan 2017
Uttar Pradesh,Deoria,Devariya,White Peas,Pulses,4.50,3600,3645,3625,13 Jan 2017
Uttar Pradesh,Gonda,Gonda,White Peas,Pulses,26.00,2950,3100,3020,13 Jan 2017
Uttar Pradesh,Aligarh,Aligarh,White Peas,Pulses,20.00,3150,3250,3200,14 Jan 2017
Uttar Pradesh,Deoria,Devariya,White Peas,Pulses,4.00,3590,3620,3600,14 Jan 2017
Uttar Pradesh,Gonda,Gonda,White Peas,Pulses,28.00,2950,3150,3020,14 Jan 2017
Uttar Pradesh,Aligarh,Aligarh,White Peas,Pulses,30.00,3050,3150,3100,16 Jan 2017
Uttar Pradesh,Deoria,Devariya,White Peas,Pulses,4.00,3400,3440,3410,16 Jan 2017
Uttar Pradesh,Gonda,Gonda,White Peas,Pulses,25.00,2900,3050,3000,16 Jan 2017
Uttar Pradesh,Aligarh,Aligarh,White Peas,Pulses,25.00,3100,3200,3150,17 Jan 2017
Uttar Pradesh,Bareilly,Bareilly,White Peas,Pulses,14.00,0,0,3150,17 Jan 2017
Uttar Pradesh,Gonda,Gonda,White Peas,Pulses,22.50,2900,3050,3000,17 Jan 2017
Uttar Pradesh,Aligarh,Aligarh,White Peas,Pulses,20.00,3150,3250,3200,18 Jan 2017
Uttar Pradesh,Bareilly,Bareilly,White Peas,Pulses,6.50,0,0,3140,18 Jan 2017
Uttar Pradesh,Deoria,Devariya,White Peas,Pulses,4.50,3400,3435,3425,18 Jan 2017
Uttar Pradesh,Gonda,Gonda,White Peas,Pulses,22.00,2900,3050,3000,18 Jan 2017
Madhya Pradesh,Ujjain,Ujjain,White Peas,Pulses,0.10,1640,1640,1640,19 Jan 2017
Uttar Pradesh,Aligarh,Aligarh,White Peas,Pulses,25.00,3100,3200,3150,19 Jan 2017
Uttar Pradesh,Bareilly,Bareilly,White Peas,Pulses,101.00,0,0,3125,19 Jan 2017
Uttar Pradesh,Deoria,Devariya,White Peas,Pulses,4.00,3300,3325,3310,19 Jan 2017
Uttar Pradesh,Gonda,Gonda,White Peas,Pulses,36.00,2900,3050,3000,19 Jan 2017
Uttar Pradesh,Aligarh,Aligarh,White Peas,Pulses,30.00,3050,3150,3100,20 Jan 2017
Uttar Pradesh,Bareilly,Bareilly,White Peas,Pulses,24.00,0,0,3125,20 Jan 2017
Uttar Pradesh,Deoria,Devariya,White Peas,Pulses,4.20,3180,3225,3200,20 Jan 2017
Uttar Pradesh,Gonda,Gonda,White Peas,Pulses,35.00,2950,3050,3020,20 Jan 2017
Uttar Pradesh,Aligarh,Aligarh,White Peas,Pulses,20.00,3100,3200,3150,21 Jan 2017
Uttar Pradesh,Bareilly,Bareilly,White Peas,Pulses,26.20,0,0,3100,21 Jan 2017
Uttar Pradesh,Gonda,Gonda,White Peas,Pulses,29.00,2950,3100,3025,21 Jan 2017
Gujarat,Rajkot,Gondal,White Peas,Pulses,130.00,1505,4255,3505,23 Jan 2017
Uttar Pradesh,Aligarh,Aligarh,White Peas,Pulses,25.00,3050,3150,3100,23 Jan 2017
Uttar Pradesh,Gonda,Gonda,White Peas,Pulses,36.00,2900,3050,3000,23 Jan 2017
Gujarat,Rajkot,Gondal,White Peas,Pulses,120.00,1630,4505,3755,24 Jan 2017
Uttar Pradesh,Aligarh,Aligarh,White Peas,Pulses,30.00,3100,3200,3150,24 Jan 2017
Uttar Pradesh,Deoria,Devariya,White Peas,Pulses,3.50,3110,3140,3120,24 Jan 2017
Uttar Pradesh,Gonda,Gonda,White Peas,Pulses,35.00,2900,3050,2980,24 Jan 2017
Gujarat,Rajkot,Gondal,White Peas,Pulses,82.00,2630,4255,3630,25 Jan 2017
Uttar Pradesh,Aligarh,Aligarh,White Peas,Pulses,20.00,3150,3250,3200,25 Jan 2017
Uttar Pradesh,Bareilly,Bareilly,White Peas,Pulses,21.00,0,0,3125,25 Jan 2017
Uttar Pradesh,Deoria,Devariya,White Peas,Pulses,3.50,3100,3150,3120,25 Jan 2017
Uttar Pradesh,Gonda,Gonda,White Peas,Pulses,34.00,2900,3050,2980,25 Jan 2017
Uttar Pradesh,Aligarh,Aligarh,White Peas,Pulses,25.00,3100,3200,3150,26 Jan 2017
Gujarat,Rajkot,Gondal,White Peas,Pulses,92.00,2380,4630,4130,27 Jan 2017
Orissa,Kalahandi,Kesinga,Other,Pulses,2.00,2400,2600,2500,27 Jan 2017
Uttar Pradesh,Aligarh,Aligarh,White Peas,Pulses,30.00,3050,3150,3100,27 Jan 2017
Uttar Pradesh,Aligarh,Charra,White Peas,Pulses,25.00,3170,3270,3220,27 Jan 2017
Uttar Pradesh,Deoria,Devariya,White Peas,Pulses,3.00,3100,3145,3115,27 Jan 2017
Uttar Pradesh,Gonda,Gonda,White Peas,Pulses,32.50,2900,3000,2960,27 Jan 2017
Gujarat,Rajkot,Gondal,White Peas,Pulses,135.00,1500,4505,3505,28 Jan 2017
Uttar Pradesh,Aligarh,Aligarh,White Peas,Pulses,25.00,3100,3200,3150,28 Jan 2017
Uttar Pradesh,Bareilly,Bareilly,White Peas,Pulses,14.00,0,0,3150,28 Jan 2017
Uttar Pradesh,Deoria,Devariya,White Peas,Pulses,4.00,3000,3140,3100,28 Jan 2017
Uttar Pradesh,Gonda,Gonda,White Peas,Pulses,30.00,2900,3050,2960,28 Jan 2017
Gujarat,Rajkot,Gondal,White Peas,Pulses,7.50,1755,4505,3630,30 Jan 2017
Uttar Pradesh,Aligarh,Aligarh,White Peas,Pulses,30.00,3150,3250,3200,30 Jan 2017
Uttar Pradesh,Bareilly,Bareilly,White Peas,Pulses,5.00,0,0,3145,30 Jan 2017
Uttar Pradesh,Deoria,Devariya,White Peas,Pulses,4.50,3100,3150,3120,30 Jan 2017
Uttar Pradesh,Gonda,Gonda,White Peas,Pulses,29.50,2900,3000,2950,30 Jan 2017
Gujarat,Rajkot,Gondal,White Peas,Pulses,8.60,1605,4005,3130,31 Jan 2017
Uttar Pradesh,Aligarh,Aligarh,White Peas,Pulses,25.00,3100,3200,3150,31 Jan 2017
Uttar Pradesh,Bareilly,Bareilly,White Peas,Pulses,70.00,0,0,3120,31 Jan 2017
Uttar Pradesh,Gonda,Gonda,White Peas,Pulses,29.50,2900,3050,2950,31 Jan 2017
Gujarat,Rajkot,Gondal,White Peas,Pulses,2.00,2505,4880,4005,01 Feb 2017
Madhya Pradesh,Narsinghpur,Gotegaon,Other,Pulses,11.00,3600,3600,3600,01 Feb 2017
Madhya Pradesh,Raisen,Udaipura,Other,Pulses,3.00,3800,3800,3800,01 Feb 2017
Uttar Pradesh,Aligarh,Aligarh,White Peas,Pulses,20.00,3050,3150,3100,01 Feb 2017
Uttar Pradesh,Deoria,Devariya,White Peas,Pulses,4.00,3060,3150,3100,01 Feb 2017
Uttar Pradesh,Gonda,Gonda,White Peas,Pulses,28.60,2900,3050,2950,01 Feb 2017
Gujarat,Rajkot,Gondal,White Peas,Pulses,3.80,1525,4880,4005,02 Feb 2017
Uttar Pradesh,Aligarh,Aligarh,White Peas,Pulses,25.00,3100,3200,3150,02 Feb 2017
Uttar Pradesh,Bareilly,Bareilly,White Peas,Pulses,4.20,0,0,3140,02 Feb 2017
Uttar Pradesh,Deoria,Devariya,White Peas,Pulses,4.50,3100,3150,3110,02 Feb 2017
Uttar Pradesh,Gonda,Gonda,White Peas,Pulses,29.00,2850,3050,2980,02 Feb 2017
Gujarat,Rajkot,Gondal,White Peas,Pulses,6.00,1880,4880,3880,03 Feb 2017
Madhya Pradesh,Panna,Panna,Other,Pulses,0.40,2685,2685,2685,03 Feb 2017
Uttar Pradesh,Aligarh,Aligarh,White Peas,Pulses,30.00,3050,3150,3100,03 Feb 2017
Uttar Pradesh,Bareilly,Bareilly,White Peas,Pulses,4.00,0,0,3150,03 Feb 2017
Uttar Pradesh,Deoria,Devariya,White Peas,Pulses,4.00,3050,3125,3100,03 Feb 2017
Uttar Pradesh,Gonda,Gonda,White Peas,Pulses,27.00,2850,3050,2980,03 Feb 2017
Gujarat,Rajkot,Gondal,White Peas,Pulses,8.00,2130,4630,3630,04 Feb 2017
Madhya Pradesh,Chhatarpur,LavKush Nagar(Laundi),Other,Pulses,4.50,2305,2350,2328,04 Feb 2017
Madhya Pradesh,Panna,Panna,Other,Pulses,1.50,2401,3040,3000,04 Feb 2017
Madhya Pradesh,Raisen,Udaipura,Other,Pulses,1.00,3700,3700,3700,04 Feb 2017
Uttar Pradesh,Aligarh,Aligarh,White Peas,Pulses,25.00,3050,3150,3100,04 Feb 2017
Uttar Pradesh,Bareilly,Bareilly,White Peas,Pulses,78.50,0,0,3150,04 Feb 2017
Uttar Pradesh,Deoria,Devariya,White Peas,Pulses,3.50,3100,3135,3115,04 Feb 2017
Uttar Pradesh,Gonda,Gonda,White Peas,Pulses,26.00,2950,3050,2990,04 Feb 2017
Madhya Pradesh,Panna,Panna,Other,Pulses,5.60,2900,3300,3254,05 Feb 2017
Gujarat,Rajkot,Gondal,White Peas,Pulses,4.10,2130,4755,3630,06 Feb 2017
Madhya Pradesh,Panna,Panna,Other,Pulses,0.40,3189,3189,3189,06 Feb 2017
Madhya Pradesh,Raisen,Udaipura,Other,Pulses,12.00,3450,3800,3600,06 Feb 2017
Uttar Pradesh,Aligarh,Aligarh,White Peas,Pulses,30.00,3050,3150,3100,06 Feb 2017
Uttar Pradesh,Bareilly,Bareilly,White Peas,Pulses,16.00,0,0,3050,06 Feb 2017
Uttar Pradesh,Deoria,Devariya,White Peas,Pulses,3.00,3060,3135,3100,06 Feb 2017
Uttar Pradesh,Gonda,Gonda,White Peas,Pulses,28.50,2900,3000,2950,06 Feb 2017
Gujarat,Rajkot,Gondal,White Peas,Pulses,12.50,2380,4630,3880,07 Feb 2017
Uttar Pradesh,Aligarh,Aligarh,White Peas,Pulses,25.00,3100,3200,3150,07 Feb 2017
Uttar Pradesh,Bareilly,Bareilly,White Peas,Pulses,82.00,0,0,3100,07 Feb 2017
Uttar Pradesh,Deoria,Devariya,White Peas,Pulses,4.00,3100,3140,3110,07 Feb 2017
Uttar Pradesh,Gonda,Gonda,White Peas,Pulses,27.40,2850,3000,2950,07 Feb 2017
Gujarat,Rajkot,Gondal,White Peas,Pulses,4.50,1755,4755,3755,08 Feb 2017
Madhya Pradesh,Panna,Panna,Other,Pulses,9.30,2350,3250,3200,08 Feb 2017
Uttar Pradesh,Aligarh,Aligarh,White Peas,Pulses,20.00,3100,3200,3150,08 Feb 2017
Uttar Pradesh,Bareilly,Bareilly,White Peas,Pulses,49.50,0,0,3100,08 Feb 2017
Uttar Pradesh,Deoria,Devariya,White Peas,Pulses,4.50,3100,3130,3115,08 Feb 2017
Uttar Pradesh,Gonda,Gonda,White Peas,Pulses,27.00,2850,3000,2950,08 Feb 2017
Gujarat,Rajkot,Gondal,White Peas,Pulses,8.80,1755,4630,3755,09 Feb 2017
Madhya Pradesh,Panna,Panna,Other,Pulses,3.90,2800,4000,3099,09 Feb 2017
Uttar Pradesh,Aligarh,Aligarh,White Peas,Pulses,30.00,3150,3250,3200,09 Feb 2017
Uttar Pradesh,Bareilly,Bareilly,White Peas,Pulses,56.00,0,0,3080,09 Feb 2017
Uttar Pradesh,Deoria,Devariya,White Peas,Pulses,3.50,3100,3165,3130,09 Feb 2017
Gujarat,Rajkot,Gondal,White Peas,Pulses,7.20,1380,4505,3630,10 Feb 2017
Madhya Pradesh,Chhatarpur,LavKush Nagar(Laundi),Other,Pulses,8.00,1800,1800,1800,10 Feb 2017
Madhya Pradesh,Panna,Panna,Other,Pulses,9.70,2900,3300,3000,10 Feb 2017
Uttar Pradesh,Aligarh,Aligarh,White Peas,Pulses,25.00,3050,3150,3100,10 Feb 2017
Uttar Pradesh,Bareilly,Bareilly,White Peas,Pulses,14.00,0,0,3100,10 Feb 2017
Uttar Pradesh,Gonda,Gonda,White Peas,Pulses,28.00,2850,3000,2960,10 Feb 2017
Gujarat,Rajkot,Gondal,White Peas,Pulses,3.50,1630,4630,3380,11 Feb 2017
Madhya Pradesh,Panna,Panna,Other,Pulses,3.80,3116,3500,3150,11 Feb 2017
Uttar Pradesh,Deoria,Devariya,White Peas,Pulses,3.50,3100,3130,3115,11 Feb 2017
Uttar Pradesh,Gonda,Gonda,White Peas,Pulses,26.00,2800,3000,2950,11 Feb 2017
Madhya Pradesh,Panna,Panna,Other,Pulses,11.50,3063,3180,3174,12 Feb 2017
Gujarat,Rajkot,Gondal,White Peas,Pulses,6.20,2255,4630,3380,13 Feb 2017
Madhya Pradesh,Chhatarpur,LavKush Nagar(Laundi),Other,Pulses,2.00,1800,1900,1850,13 Feb 2017
Madhya Pradesh,Panna,Panna,Other,Pulses,9.00,2899,4000,3096,13 Feb 2017
Madhya Pradesh,Raisen,Udaipura,Other,Pulses,3.00,3200,3200,3200,13 Feb 2017
Uttar Pradesh,Aligarh,Aligarh,White Peas,Pulses,30.00,3100,3200,3150,13 Feb 2017
Uttar Pradesh,Deoria,Devariya,White Peas,Pulses,3.00,3000,3150,3100,13 Feb 2017
Uttar Pradesh,Gonda,Gonda,White Peas,Pulses,27.20,2800,3000,2950,13 Feb 2017
Gujarat,Rajkot,Gondal,White Peas,Pulses,5.00,1750,4380,3255,14 Feb 2017
Madhya Pradesh,Chhatarpur,LavKush Nagar(Laundi),Other,Pulses,1.00,1680,1800,1750,14 Feb 2017
Uttar Pradesh,Aligarh,Aligarh,White Peas,Pulses,25.00,3050,3150,3100,14 Feb 2017
Uttar Pradesh,Deoria,Devariya,White Peas,Pulses,3.50,3100,3150,3110,14 Feb 2017
Uttar Pradesh,Gonda,Gonda,White Peas,Pulses,28.00,2850,3000,2930,14 Feb 2017
Gujarat,Rajkot,Gondal,White Peas,Pulses,4.50,2255,4505,3380,15 Feb 2017
Madhya Pradesh,Panna,Panna,Other,Pulses,4.70,2974,3050,3021,15 Feb 2017
Uttar Pradesh,Aligarh,Aligarh,White Peas,Pulses,30.00,2950,3050,3000,15 Feb 2017
Uttar Pradesh,Gonda,Gonda,White Peas,Pulses,25.00,2800,3000,2900,15 Feb 2017
Gujarat,Rajkot,Gondal,White Peas,Pulses,3.60,1755,4380,3380,16 Feb 2017
Madhya Pradesh,Chhatarpur,LavKush Nagar(Laundi),Other,Pulses,2.00,1800,1980,1900,16 Feb 2017
Madhya Pradesh,Panna,Panna,Other,Pulses,21.60,2910,2940,2933,16 Feb 2017
Madhya Pradesh,Raisen,Udaipura,Other,Pulses,12.00,3125,3125,3125,16 Feb 2017
Uttar Pradesh,Aligarh,Aligarh,White Peas,Pulses,25.00,3000,3100,3050,16 Feb 2017
Uttar Pradesh,Deoria,Devariya,White Peas,Pulses,3.50,3100,3195,3120,16 Feb 2017
Uttar Pradesh,Gonda,Gonda,White Peas,Pulses,23.00,2800,3000,2900,16 Feb 2017
Gujarat,Rajkot,Gondal,White Peas,Pulses,2.50,2130,4505,3755,17 Feb 2017
Madhya Pradesh,Raisen,Udaipura,Other,Pulses,1.00,3060,3060,3060,17 Feb 2017
Uttar Pradesh,Aligarh,Aligarh,White Peas,Pulses,20.00,2950,3050,3000,17 Feb 2017
Uttar Pradesh,Bareilly,Bareilly,White Peas,Pulses,39.50,0,0,3150,17 Feb 2017
Uttar Pradesh,Deoria,Devariya,White Peas,Pulses,3.00,3000,3200,3100,17 Feb 2017
Uttar Pradesh,Gonda,Gonda,White Peas,Pulses,21.00,2800,2950,2900,17 Feb 2017
Gujarat,Rajkot,Gondal,White Peas,Pulses,2.40,1880,4755,3755,18 Feb 2017
Madhya Pradesh,Panna,Panna,Other,Pulses,6.50,2799,3000,2924,18 Feb 2017
Uttar Pradesh,Aligarh,Aligarh,White Peas,Pulses,30.00,3000,3100,3050,18 Feb 2017
Uttar Pradesh,Bareilly,Bareilly,White Peas,Pulses,38.00,0,0,3125,18 Feb 2017
Uttar Pradesh,Gonda,Gonda,White Peas,Pulses,22.40,2850,2950,2920,18 Feb 2017
Madhya Pradesh,Panna,Panna,Other,Pulses,7.60,2390,2923,2500,19 Feb 2017
Gujarat,Rajkot,Gondal,White Peas,Pulses,6.00,2005,4630,3630,20 Feb 2017
Madhya Pradesh,Dhar,Dhamnod,Other,Pulses,"2,059.00",7500,9465,8800,20 Feb 2017
Madhya Pradesh,Narsinghpur,Gotegaon,Other,Pulses,40.00,3200,3200,3200,20 Feb 2017
Madhya Pradesh,Panna,Panna,Other,Pulses,35.60,2752,2850,2810,20 Feb 2017
Uttar Pradesh,Aligarh,Aligarh,White Peas,Pulses,25.00,2950,3050,3000,20 Feb 2017
Uttar Pradesh,Bareilly,Bareilly,White Peas,Pulses,21.00,0,0,3100,20 Feb 2017
Uttar Pradesh,Gonda,Gonda,White Peas,Pulses,23.00,2850,2950,2900,20 Feb 2017
Gujarat,Rajkot,Gondal,White Peas,Pulses,3.20,1505,4380,3130,21 Feb 2017
Madhya Pradesh,Chhatarpur,LavKush Nagar(Laundi),Other,Pulses,12.50,2080,2120,2100,21 Feb 2017
Madhya Pradesh,Dhar,Dhamnod,Other,Pulses,"1,991.00",7505,9205,8850,21 Feb 2017
Madhya Pradesh,Raisen,Udaipura,Other,Pulses,2.00,3500,3800,3700,21 Feb 2017
Uttar Pradesh,Aligarh,Aligarh,White Peas,Pulses,20.00,2950,3050,3000,21 Feb 2017
Uttar Pradesh,Bareilly,Bareilly,White Peas,Pulses,18.00,0,0,3100,21 Feb 2017
Uttar Pradesh,Gonda,Gonda,White Peas,Pulses,21.50,2800,2950,2900,21 Feb 2017
Gujarat,Rajkot,Gondal,White Peas,Pulses,5.50,2130,4505,3630,22 Feb 2017
Madhya Pradesh,Chhatarpur,LavKush Nagar(Laundi),Other,Pulses,11.60,2040,2120,2060,22 Feb 2017
Madhya Pradesh,Panna,Panna,Other,Pulses,9.80,2513,2672,2572,22 Feb 2017
Madhya Pradesh,Raisen,Udaipura,Other,Pulses,5.00,3100,3100,3100,22 Feb 2017
Uttar Pradesh,Aligarh,Aligarh,White Peas,Pulses,30.00,3000,3100,3050,22 Feb 2017
Uttar Pradesh,Bareilly,Bareilly,White Peas,Pulses,27.50,0,0,3090,22 Feb 2017
Uttar Pradesh,Deoria,Devariya,White Peas,Pulses,4.00,3100,3170,3110,22 Feb 2017
Uttar Pradesh,Gonda,Gonda,White Peas,Pulses,21.00,2900,2950,2920,22 Feb 2017
Gujarat,Rajkot,Gondal,White Peas,Pulses,5.00,1880,4380,3630,23 Feb 2017
Madhya Pradesh,Panna,Panna,Other,Pulses,7.20,2525,2610,2550,23 Feb 2017
Uttar Pradesh,Aligarh,Aligarh,White Peas,Pulses,25.00,2950,3050,3000,23 Feb 2017
Uttar Pradesh,Bareilly,Bareilly,White Peas,Pulses,25.00,0,0,3100,23 Feb 2017
Uttar Pradesh,Gonda,Gonda,White Peas,Pulses,19.00,2850,2980,2920,23 Feb 2017
Madhya Pradesh,Panna,Panna,Other,Pulses,30.90,2418,2750,2584,24 Feb 2017
Uttar Pradesh,Aligarh,Aligarh,White Peas,Pulses,20.00,3050,3150,3100,24 Feb 2017
Uttar Pradesh,Aligarh,Charra,White Peas,Pulses,25.00,3070,3170,3120,24 Feb 2017
Uttar Pradesh,Deoria,Devariya,White Peas,Pulses,6.00,3080,3125,3100,24 Feb 2017
Uttar Pradesh,Gonda,Gonda,White Peas,Pulses,22.00,2900,3000,2950,24 Feb 2017
Gujarat,Rajkot,Gondal,White Peas,Pulses,3.00,2255,4255,3630,25 Feb 2017
Madhya Pradesh,Chhatarpur,LavKush Nagar(Laundi),Other,Pulses,12.00,1970,2120,2000,25 Feb 2017
Madhya Pradesh,Panna,Panna,Other,Pulses,9.30,2400,2590,2540,25 Feb 2017
Uttar Pradesh,Aligarh,Aligarh,White Peas,Pulses,15.00,3100,3200,3150,25 Feb 2017
Uttar Pradesh,Bareilly,Bareilly,White Peas,Pulses,21.40,0,0,3100,25 Feb 2017
Uttar Pradesh,Gonda,Gonda,White Peas,Pulses,24.00,2850,3000,2950,25 Feb 2017
Madhya Pradesh,Panna,Panna,Other,Pulses,12.70,2250,2600,2526,26 Feb 2017
Gujarat,Rajkot,Gondal,White Peas,Pulses,4.00,2000,4255,3380,27 Feb 2017
Madhya Pradesh,Panna,Panna,Other,Pulses,27.60,2561,2700,2671,27 Feb 2017
Madhya Pradesh,Raisen,Udaipura,Other,Pulses,5.00,2800,0,2850,27 Feb 2017
Uttar Pradesh,Aligarh,Aligarh,White Peas,Pulses,20.00,3100,3200,3150,27 Feb 2017
Uttar Pradesh,Deoria,Devariya,White Peas,Pulses,4.00,3100,3135,3120,27 Feb 2017
Gujarat,Rajkot,Gondal,White Peas,Pulses,2.20,2880,4505,3880,28 Feb 2017
Madhya Pradesh,Panna,Panna,Other,Pulses,27.70,3678,3710,3709,28 Feb 2017
Madhya Pradesh,Raisen,Udaipura,Other,Pulses,1.00,2900,2900,2900,28 Feb 2017
Uttar Pradesh,Aligarh,Aligarh,White Peas,Pulses,15.00,3100,3200,3150,28 Feb 2017
Uttar Pradesh,Bareilly,Bareilly,White Peas,Pulses,46.00,0,0,3100,28 Feb 2017
Uttar Pradesh,Gonda,Gonda,White Peas,Pulses,15.00,2850,3000,2930,28 Feb 2017
Gujarat,Rajkot,Gondal,White Peas,Pulses,5.00,1750,4005,3005,01 Mar 2017
Madhya Pradesh,Panna,Panna,Other,Pulses,11.40,2501,3000,2589,01 Mar 2017
Uttar Pradesh,Aligarh,Aligarh,White Peas,Pulses,25.00,3050,3150,3100,01 Mar 2017
Uttar Pradesh,Bareilly,Bareilly,White Peas,Pulses,48.50,0,0,3075,01 Mar 2017
Uttar Pradesh,Deoria,Devariya,White Peas,Pulses,3.20,3100,3145,3125,01 Mar 2017
Uttar Pradesh,Gonda,Gonda,White Peas,Pulses,13.00,2850,3000,2930,01 Mar 2017
Gujarat,Rajkot,Gondal,White Peas,Pulses,9.30,2130,4380,3755,02 Mar 2017
Madhya Pradesh,Dhar,Dhamnod,Other,Pulses,"6,485.00",8300,9300,9000,02 Mar 2017
Madhya Pradesh,Raisen,Udaipura,Other,Pulses,15.00,3000,3000,3000,02 Mar 2017
Uttar Pradesh,Aligarh,Aligarh,White Peas,Pulses,20.00,3100,3200,3150,02 Mar 2017
Uttar Pradesh,Bareilly,Bareilly,White Peas,Pulses,38.50,0,0,3075,02 Mar 2017
Uttar Pradesh,Gonda,Gonda,White Peas,Pulses,14.00,2850,2980,2925,02 Mar 2017
Gujarat,Rajkot,Gondal,White Peas,Pulses,4.40,1630,4130,3255,03 Mar 2017
Madhya Pradesh,Chhatarpur,LavKush Nagar(Laundi),Other,Pulses,23.40,1980,2360,2340,03 Mar 2017
Madhya Pradesh,Panna,Panna,Other,Pulses,36.80,2580,2702,2660,03 Mar 2017
Madhya Pradesh,Raisen,Udaipura,Other,Pulses,7.00,2800,2800,2800,03 Mar 2017
Uttar Pradesh,Aligarh,Aligarh,White Peas,Pulses,25.00,3050,3150,3100,03 Mar 2017
Uttar Pradesh,Gonda,Gonda,White Peas,Pulses,13.50,2900,3000,2925,03 Mar 2017
Gujarat,Rajkot,Gondal,White Peas,Pulses,4.00,2380,4755,4130,04 Mar 2017
Madhya Pradesh,Chhatarpur,LavKush Nagar(Laundi),Other,Pulses,35.20,2000,2200,2120,04 Mar 2017
Madhya Pradesh,Panna,Panna,Other,Pulses,23.90,2561,2581,2571,04 Mar 2017
Madhya Pradesh,Raisen,Udaipura,Other,Pulses,12.00,3060,3060,3060,04 Mar 2017
Uttar Pradesh,Aligarh,Aligarh,White Peas,Pulses,30.00,3100,3200,3150,04 Mar 2017
Uttar Pradesh,Bareilly,Bareilly,White Peas,Pulses,78.60,0,0,3050,04 Mar 2017
Uttar Pradesh,Gonda,Gonda,White Peas,Pulses,12.50,2850,2960,2920,04 Mar 2017
Madhya Pradesh,Panna,Panna,Other,Pulses,28.60,2635,2800,2731,05 Mar 2017
Gujarat,Rajkot,Gondal,White Peas,Pulses,6.20,2130,4380,3505,06 Mar 2017
Madhya Pradesh,Chhatarpur,LavKush Nagar(Laundi),Other,Pulses,17.70,2105,2200,2153,06 Mar 2017
Madhya Pradesh,Panna,Panna,Other,Pulses,27.30,2630,2662,2640,06 Mar 2017
Madhya Pradesh,Raisen,Udaipura,Other,Pulses,3.00,2995,2995,2995,06 Mar 2017
Uttar Pradesh,Aligarh,Aligarh,White Peas,Pulses,25.00,3100,3200,3150,06 Mar 2017
Uttar Pradesh,Bareilly,Bareilly,White Peas,Pulses,34.70,0,0,3075,06 Mar 2017
Uttar Pradesh,Deoria,Devariya,White Peas,Pulses,2.00,3140,3180,3160,06 Mar 2017
Uttar Pradesh,Gonda,Gonda,White Peas,Pulses,13.60,2850,2950,2900,06 Mar 2017
Gujarat,Rajkot,Gondal,White Peas,Pulses,2.90,2380,4255,3755,07 Mar 2017
Madhya Pradesh,Panna,Panna,Other,Pulses,2.00,2500,2510,2505,07 Mar 2017
Uttar Pradesh,Aligarh,Aligarh,White Peas,Pulses,30.00,3150,3250,3200,07 Mar 2017
Uttar Pradesh,Bareilly,Bareilly,White Peas,Pulses,69.50,0,0,3075,07 Mar 2017
Uttar Pradesh,Gonda,Gonda,White Peas,Pulses,13.00,2850,2950,2900,07 Mar 2017
Gujarat,Rajkot,Gondal,White Peas,Pulses,10.00,2000,4880,4005,08 Mar 2017
Uttar Pradesh,Aligarh,Aligarh,Other,Pulses,25.00,3100,3200,3150,08 Mar 2017
Uttar Pradesh,Bareilly,Bareilly,White Peas,Pulses,41.00,0,0,3100,08 Mar 2017
Uttar Pradesh,Deoria,Devariya,White Peas,Pulses,4.00,3125,3175,3155,08 Mar 2017
Uttar Pradesh,Gonda,Gonda,White Peas,Pulses,14.50,2750,2850,2800,08 Mar 2017
Madhya Pradesh,Chhatarpur,LavKush Nagar(Laundi),Other,Pulses,92.70,2050,2230,2140,09 Mar 2017
Madhya Pradesh,Panna,Panna,Other,Pulses,16.00,2610,2800,2700,09 Mar 2017
Madhya Pradesh,Raisen,Udaipura,Other,Pulses,8.00,3000,3000,3000,09 Mar 2017
Uttar Pradesh,Aligarh,Aligarh,White Peas,Pulses,20.00,3050,3150,3100,09 Mar 2017
Uttar Pradesh,Bareilly,Bareilly,White Peas,Pulses,77.50,0,0,3100,09 Mar 2017
Uttar Pradesh,Deoria,Devariya,White Peas,Pulses,4.50,3135,3170,3150,09 Mar 2017
Uttar Pradesh,Gonda,Gonda,White Peas,Pulses,14.00,2700,2850,2800,09 Mar 2017
Madhya Pradesh,Panna,Panna,Other,Pulses,29.60,2620,2700,2640,10 Mar 2017
Madhya Pradesh,Raisen,Udaipura,Other,Pulses,18.00,3370,3370,3370,10 Mar 2017
Uttar Pradesh,Gonda,Gonda,White Peas,Pulses,13.50,2900,3000,2950,10 Mar 2017
Gujarat,Rajkot,Gondal,White Peas,Pulses,5.00,2000,4755,3880,11 Mar 2017
Madhya Pradesh,Panna,Panna,Other,Pulses,12.00,2700,2800,2750,11 Mar 2017
Gujarat,Rajkot,Gondal,White Peas,Pulses,4.00,2880,4505,3750,14 Mar 2017
Madhya Pradesh,Panna,Panna,Other,Pulses,14.50,2716,2826,2760,14 Mar 2017
Uttar Pradesh,Gonda,Gonda,White Peas,Pulses,13.00,2900,3000,2950,14 Mar 2017
Gujarat,Rajkot,Gondal,White Peas,Pulses,1.20,1880,5005,4505,15 Mar 2017
Madhya Pradesh,Panna,Panna,Other,Pulses,0.50,2750,2760,2755,15 Mar 2017
Uttar Pradesh,Aligarh,Aligarh,White Peas,Pulses,30.00,3100,3200,3150,15 Mar 2017
Uttar Pradesh,Gonda,Gonda,White Peas,Pulses,9.80,2900,3000,2950,15 Mar 2017
Gujarat,Rajkot,Gondal,White Peas,Pulses,4.50,2005,4380,3505,16 Mar 2017
Madhya Pradesh,Panna,Panna,Other,Pulses,42.40,2650,2670,2660,16 Mar 2017
Madhya Pradesh,Raisen,Udaipura,Other,Pulses,27.00,3365,3365,3365,16 Mar 2017
Uttar Pradesh,Aligarh,Aligarh,White Peas,Pulses,15.00,3050,3150,3100,16 Mar 2017
Uttar Pradesh,Bareilly,Bareilly,White Peas,Pulses,38.00,0,0,3050,16 Mar 2017
Uttar Pradesh,Deoria,Devariya,White Peas,Pulses,4.00,3100,3200,3160,16 Mar 2017
Uttar Pradesh,Gonda,Gonda,White Peas,Pulses,13.50,2900,3000,2950,16 Mar 2017
Gujarat,Rajkot,Gondal,White Peas,Pulses,14.00,2380,4880,4130,17 Mar 2017
Madhya Pradesh,Panna,Panna,Other,Pulses,28.80,2660,2690,2675,17 Mar 2017
Uttar Pradesh,Aligarh,Aligarh,White Peas,Pulses,20.00,3100,3200,3150,17 Mar 2017
Uttar Pradesh,Gonda,Gonda,White Peas,Pulses,6.50,2900,3000,2960,17 Mar 2017
Uttar Pradesh,Jalaun (Orai),Ait,White Peas,Pulses,45.00,0,0,2180,17 Mar 2017
Gujarat,Rajkot,Gondal,White Peas,Pulses,5.00,2000,4755,3880,18 Mar 2017
Madhya Pradesh,Panna,Panna,Other,Pulses,34.70,2690,2756,2723,18 Mar 2017
Madhya Pradesh,Raisen,Udaipura,Other,Pulses,3.00,3385,3385,3385,18 Mar 2017
Uttar Pradesh,Aligarh,Aligarh,White Peas,Pulses,25.00,3050,3150,3100,18 Mar 2017
Uttar Pradesh,Bareilly,Bareilly,White Peas,Pulses,38.00,0,0,3000,18 Mar 2017
Uttar Pradesh,Deoria,Devariya,White Peas,Pulses,4.00,600,700,645,18 Mar 2017
Uttar Pradesh,Gonda,Gonda,White Peas,Pulses,11.00,2850,2950,2900,18 Mar 2017
Madhya Pradesh,Panna,Panna,Other,Pulses,27.50,2715,2725,2720,19 Mar 2017
Chattisgarh,Bastar,Charama,Other,Pulses,1.00,2500,2500,2500,20 Mar 2017
Gujarat,Rajkot,Gondal,White Peas,Pulses,7.50,1755,4630,4380,20 Mar 2017
Madhya Pradesh,Narsinghpur,Gotegaon,Other,Pulses,2.00,3100,3100,3100,20 Mar 2017
Madhya Pradesh,Raisen,Udaipura,Other,Pulses,28.00,2800,3565,3000,20 Mar 2017
Uttar Pradesh,Aligarh,Aligarh,White Peas,Pulses,20.00,3100,3200,3150,20 Mar 2017
Uttar Pradesh,Bareilly,Bareilly,White Peas,Pulses,108.00,0,0,2975,20 Mar 2017
Uttar Pradesh,Deoria,Devariya,White Peas,Pulses,4.00,3150,3175,3160,20 Mar 2017
Uttar Pradesh,Gonda,Gonda,White Peas,Pulses,13.00,2900,3000,2925,20 Mar 2017
Gujarat,Rajkot,Gondal,White Peas,Pulses,10.00,2000,4880,4130,21 Mar 2017
Madhya Pradesh,Narsinghpur,Gotegaon,Other,Pulses,14.00,2705,2880,2880,21 Mar 2017
Madhya Pradesh,Raisen,Udaipura,Other,Pulses,37.00,3100,3550,3300,21 Mar 2017
Uttar Pradesh,Aligarh,Aligarh,White Peas,Pulses,25.00,3050,3150,3100,21 Mar 2017
Uttar Pradesh,Bareilly,Bareilly,White Peas,Pulses,68.00,0,0,2975,21 Mar 2017
Uttar Pradesh,Gonda,Gonda,White Peas,Pulses,14.80,2900,3000,2920,21 Mar 2017
Gujarat,Rajkot,Gondal,White Peas,Pulses,9.50,2130,4880,4255,22 Mar 2017
Madhya Pradesh,Panna,Panna,Other,Pulses,31.20,2841,2846,2845,22 Mar 2017
Madhya Pradesh,Raisen,Udaipura,Other,Pulses,42.00,3100,3550,3300,22 Mar 2017
Uttar Pradesh,Aligarh,Aligarh,White Peas,Pulses,20.00,3100,3200,3150,22 Mar 2017
Uttar Pradesh,Bareilly,Bareilly,White Peas,Pulses,31.80,0,0,2960,22 Mar 2017
Uttar Pradesh,Deoria,Devariya,White Peas,Pulses,3.50,2970,2990,2980,22 Mar 2017
Uttar Pradesh,Gonda,Gonda,White Peas,Pulses,17.00,2850,3000,2930,22 Mar 2017
Chattisgarh,Koria,Manendragarh,Other,Pulses,0.40,2850,3300,3300,23 Mar 2017
Gujarat,Rajkot,Gondal,White Peas,Pulses,5.50,2380,4755,4005,23 Mar 2017
Madhya Pradesh,Raisen,Udaipura,Other,Pulses,21.00,3300,3500,3400,23 Mar 2017
Uttar Pradesh,Aligarh,Aligarh,White Peas,Pulses,15.00,3150,3250,3200,23 Mar 2017
Uttar Pradesh,Bareilly,Bareilly,White Peas,Pulses,46.00,0,0,2950,23 Mar 2017
Uttar Pradesh,Deoria,Devariya,White Peas,Pulses,5.50,2870,2900,2880,23 Mar 2017
Uttar Pradesh,Gonda,Gonda,White Peas,Pulses,17.00,2900,2980,2930,23 Mar 2017
Gujarat,Rajkot,Gondal,White Peas,Pulses,7.00,2130,4755,4255,24 Mar 2017
Madhya Pradesh,Raisen,Udaipura,Other,Pulses,25.00,3100,3500,3300,24 Mar 2017
Uttar Pradesh,Aligarh,Aligarh,Other,Pulses,20.00,3150,3250,3200,24 Mar 2017
Uttar Pradesh,Bareilly,Bareilly,White Peas,Pulses,74.00,0,0,2950,24 Mar 2017
Uttar Pradesh,Gonda,Gonda,White Peas,Pulses,19.00,2900,3000,2925,24 Mar 2017
Gujarat,Rajkot,Gondal,White Peas,Pulses,2.70,2130,4880,4380,25 Mar 2017
Uttar Pradesh,Aligarh,Aligarh,White Peas,Pulses,30.00,3100,3200,3150,25 Mar 2017
Uttar Pradesh,Bareilly,Bareilly,White Peas,Pulses,56.00,0,0,2925,25 Mar 2017
Uttar Pradesh,Gonda,Gonda,White Peas,Pulses,19.00,2900,3000,2925,25 Mar 2017
Madhya Pradesh,Narsinghpur,Gotegaon,Other,Pulses,2.00,5200,5400,5250,27 Mar 2017
Madhya Pradesh,Raisen,Udaipura,Other,Pulses,97.00,4450,4750,4500,27 Mar 2017
Uttar Pradesh,Aligarh,Aligarh,Other,Pulses,25.00,3150,3250,3200,27 Mar 2017
Uttar Pradesh,Bareilly,Bareilly,White Peas,Pulses,173.00,0,0,2925,27 Mar 2017
Uttar Pradesh,Gonda,Gonda,White Peas,Pulses,19.40,2900,3000,2930,27 Mar 2017
Uttar Pradesh,Aligarh,Aligarh,Other,Pulses,30.00,3100,3200,3150,28 Mar 2017
Uttar Pradesh,Bareilly,Bareilly,White Peas,Pulses,86.00,0,0,2900,28 Mar 2017
Uttar Pradesh,Deoria,Devariya,White Peas,Pulses,3.00,2900,3000,2940,28 Mar 2017
Uttar Pradesh,Gonda,Gonda,White Peas,Pulses,22.50,2900,3000,2950,28 Mar 2017
Uttar Pradesh,Aligarh,Aligarh,White Peas,Pulses,25.00,3050,3150,3100,29 Mar 2017
Uttar Pradesh,Deoria,Devariya,White Peas,Pulses,3.50,2920,2965,2950,29 Mar 2017
Uttar Pradesh,Gonda,Gonda,White Peas,Pulses,22.50,2900,3000,2950,29 Mar 2017
Chattisgarh,Bastar,Charama,Other,Pulses,3.00,3000,3000,3000,30 Mar 2017
Madhya Pradesh,Raisen,Udaipura,Other,Pulses,4.00,3400,3400,3400,30 Mar 2017
Uttar Pradesh,Aligarh,Aligarh,Other,Pulses,20.00,3100,3200,3150,30 Mar 2017
Uttar Pradesh,Deoria,Devariya,White Peas,Pulses,4.50,2935,2975,2960,30 Mar 2017
Uttar Pradesh,Gonda,Gonda,White Peas,Pulses,26.00,2750,2900,2800,30 Mar 2017
Chattisgarh,Raigarh,Sarangarh,Other,Pulses,0.40,500,500,500,31 Mar 2017
Uttar Pradesh,Aligarh,Aligarh,White Peas,Pulses,30.00,3050,3150,3100,31 Mar 2017
Uttar Pradesh,Aligarh,Charra,White Peas,Pulses,140.00,3050,3150,3100,31 Mar 2017
Uttar Pradesh,Gonda,Gonda,White Peas,Pulses,22.50,2750,2850,2800,31 Mar 2017
Uttar Pradesh,Aligarh,Aligarh,White Peas,Pulses,25.00,3100,3200,3150,01 Apr 2017
Uttar Pradesh,Bareilly,Bareilly,White Peas,Pulses,38.00,0,0,2900,01 Apr 2017
Uttar Pradesh,Gonda,Gonda,White Peas,Pulses,23.50,2700,2850,2800,01 Apr 2017
Madhya Pradesh,Panna,Panna,Other,Pulses,34.30,2776,2776,2776,02 Apr 2017
Gujarat,Rajkot,Gondal,White Peas,Pulses,19.00,1755,5505,4630,03 Apr 2017
Uttar Pradesh,Aligarh,Aligarh,Other,Pulses,20.00,3150,3250,3200,03 Apr 2017
Uttar Pradesh,Bareilly,Bareilly,White Peas,Pulses,37.50,0,0,2925,03 Apr 2017
Uttar Pradesh,Deoria,Devariya,White Peas,Pulses,3.50,2955,2975,2965,03 Apr 2017
Uttar Pradesh,Gonda,Gonda,White Peas,Pulses,13.00,2700,2850,2800,03 Apr 2017
Gujarat,Rajkot,Gondal,White Peas,Pulses,17.00,2630,5255,4255,04 Apr 2017
Uttar Pradesh,Deoria,Devariya,White Peas,Pulses,3.60,2950,2970,2960,04 Apr 2017
Uttar Pradesh,Gonda,Gonda,White Peas,Pulses,12.80,2800,2850,2820,04 Apr 2017
Uttar Pradesh,Aligarh,Aligarh,White Peas,Pulses,20.00,3050,3150,3100,05 Apr 2017
Uttar Pradesh,Deoria,Devariya,White Peas,Pulses,4.00,2940,2960,2950,05 Apr 2017
Uttar Pradesh,Gonda,Gonda,White Peas,Pulses,12.60,2800,2900,2830,05 Apr 2017
Chattisgarh,Bastar,Charama,Other,Pulses,5.00,2500,2500,2500,06 Apr 2017
Gujarat,Rajkot,Gondal,White Peas,Pulses,17.70,2500,5205,4055,06 Apr 2017
Madhya Pradesh,Chhatarpur,LavKush Nagar(Laundi),Other,Pulses,60.30,2100,2300,2215,06 Apr 2017
Madhya Pradesh,Raisen,Udaipura,Other,Pulses,22.00,3400,3400,3400,06 Apr 2017
Madhya Pradesh,Ujjain,Ujjain,Other,Pulses,3.80,1100,1781,1571,06 Apr 2017
Uttar Pradesh,Bareilly,Bareilly,White Peas,Pulses,12.10,0,0,2910,06 Apr 2017
Uttar Pradesh,Deoria,Devariya,White Peas,Pulses,3.00,2950,2970,2960,06 Apr 2017
Uttar Pradesh,Gonda,Gonda,White Peas,Pulses,12.60,2800,2850,2830,06 Apr 2017
Gujarat,Rajkot,Gondal,White Peas,Pulses,25.00,2500,5255,4255,07 Apr 2017
Madhya Pradesh,Raisen,Udaipura,Other,Pulses,61.00,3100,3350,3150,07 Apr 2017
Uttar Pradesh,Aligarh,Aligarh,White Peas,Pulses,30.00,3050,3150,3100,07 Apr 2017
Uttar Pradesh,Bareilly,Bareilly,White Peas,Pulses,14.00,0,0,2925,07 Apr 2017
Uttar Pradesh,Deoria,Devariya,White Peas,Pulses,3.50,2950,2970,2965,07 Apr 2017
Uttar Pradesh,Gonda,Gonda,White Peas,Pulses,16.00,2800,2880,2830,07 Apr 2017
Gujarat,Rajkot,Gondal,White Peas,Pulses,10.30,2500,4880,4255,08 Apr 2017
Uttar Pradesh,Aligarh,Aligarh,White Peas,Pulses,35.00,3100,3200,3150,08 Apr 2017
Uttar Pradesh,Deoria,Devariya,White Peas,Pulses,3.60,2940,2965,2950,08 Apr 2017
Uttar Pradesh,Gonda,Gonda,White Peas,Pulses,16.00,2800,2880,2830,08 Apr 2017
Gujarat,Rajkot,Gondal,White Peas,Pulses,18.40,3005,5005,4255,10 Apr 2017
Madhya Pradesh,Narsinghpur,Gotegaon,Other,Pulses,7.00,2570,2800,2800,10 Apr 2017
Madhya Pradesh,Raisen,Udaipura,Other,Pulses,164.00,3100,3300,3250,10 Apr 2017
Uttar Pradesh,Aligarh,Aligarh,White Peas,Pulses,30.00,3050,3150,3100,10 Apr 2017
Uttar Pradesh,Bareilly,Bareilly,White Peas,Pulses,54.60,0,0,2925,10 Apr 2017
Uttar Pradesh,Deoria,Devariya,White Peas,Pulses,4.00,2880,2925,2900,10 Apr 2017
Uttar Pradesh,Gonda,Gonda,White Peas,Pulses,28.00,2750,2850,2800,10 Apr 2017
Uttar Pradesh,Aligarh,Aligarh,White Peas,Pulses,35.00,3100,3200,3150,11 Apr 2017
Uttar Pradesh,Deoria,Devariya,White Peas,Pulses,4.50,2925,2950,2940,11 Apr 2017
Uttar Pradesh,Gonda,Gonda,White Peas,Pulses,24.00,2780,2880,2800,11 Apr 2017
Gujarat,Rajkot,Gondal,White Peas,Pulses,17.50,2255,5130,4255,12 Apr 2017
Madhya Pradesh,Panna,Panna,Other,Pulses,4.00,2300,2600,2550,12 Apr 2017
Madhya Pradesh,Raisen,Udaipura,Other,Pulses,54.00,3000,3250,3100,12 Apr 2017
Uttar Pradesh,Aligarh,Aligarh,White Peas,Pulses,30.00,2950,3050,3000,12 Apr 2017
Uttar Pradesh,Bareilly,Bareilly,White Peas,Pulses,55.60,0,0,2950,12 Apr 2017
Uttar Pradesh,Deoria,Devariya,White Peas,Pulses,3.50,2950,2975,2960,12 Apr 2017
Uttar Pradesh,Gonda,Gonda,White Peas,Pulses,23.00,2800,2870,2820,12 Apr 2017
Gujarat,Rajkot,Gondal,White Peas,Pulses,7.20,2630,5005,3880,13 Apr 2017
Madhya Pradesh,Raisen,Udaipura,Other,Pulses,51.00,2700,3100,2900,13 Apr 2017
Uttar Pradesh,Aligarh,Aligarh,White Peas,Pulses,20.00,3000,3100,3050,13 Apr 2017
Uttar Pradesh,Balrampur,Balrampur,Other,Pulses,21.50,2925,2950,2940,13 Apr 2017
Uttar Pradesh,Bareilly,Bareilly,White Peas,Pulses,118.30,0,0,2900,13 Apr 2017
Uttar Pradesh,Gonda,Gonda,White Peas,Pulses,26.00,2780,2880,2820,13 Apr 2017
Gujarat,Rajkot,Gondal,White Peas,Pulses,10.00,1630,5005,4130,14 Apr 2017
Uttar Pradesh,Aligarh,Aligarh,Other,Pulses,25.00,2950,3050,3000,14 Apr 2017
Uttar Pradesh,Deoria,Devariya,White Peas,Pulses,4.00,2940,2970,2960,14 Apr 2017
Uttar Pradesh,Gonda,Gonda,White Peas,Pulses,24.50,2780,2900,2820,14 Apr 2017
Gujarat,Rajkot,Gondal,White Peas,Pulses,9.50,2255,4630,3630,15 Apr 2017
Uttar Pradesh,Balrampur,Balrampur,Other,Pulses,21.50,2890,2925,2915,15 Apr 2017
Uttar Pradesh,Deoria,Devariya,White Peas,Pulses,4.50,2955,2975,2965,15 Apr 2017
Uttar Pradesh,Gonda,Gonda,White Peas,Pulses,22.80,2800,2900,2830,15 Apr 2017
Gujarat,Rajkot,Gondal,White Peas,Pulses,12.00,2005,5005,4255,17 Apr 2017
Madhya Pradesh,Raisen,Udaipura,Other,Pulses,10.00,2900,3100,3000,17 Apr 2017
Uttar Pradesh,Aligarh,Aligarh,White Peas,Pulses,25.00,3000,3100,3050,17 Apr 2017
Uttar Pradesh,Balrampur,Balrampur,Other,Pulses,25.00,2880,2915,2900,17 Apr 2017
Uttar Pradesh,Bareilly,Bareilly,White Peas,Pulses,12.00,0,0,2950,17 Apr 2017
Uttar Pradesh,Deoria,Devariya,White Peas,Pulses,4.00,2950,2980,2970,17 Apr 2017
Uttar Pradesh,Gonda,Gonda,White Peas,Pulses,22.00,2800,2900,2830,17 Apr 2017
Uttar Pradesh,Jalaun (Orai),Ait,White Peas,Pulses,580.00,0,0,2210,17 Apr 2017
Gujarat,Rajkot,Gondal,White Peas,Pulses,11.00,2000,5130,4130,18 Apr 2017
Madhya Pradesh,Raisen,Udaipura,Other,Pulses,23.00,2900,3175,3060,18 Apr 2017
Uttar Pradesh,Aligarh,Aligarh,White Peas,Pulses,30.00,2950,3050,3000,18 Apr 2017
Uttar Pradesh,Balrampur,Balrampur,Other,Pulses,18.50,2865,2900,2885,18 Apr 2017
Uttar Pradesh,Bareilly,Bareilly,White Peas,Pulses,142.00,0,0,2915,18 Apr 2017
Uttar Pradesh,Deoria,Devariya,White Peas,Pulses,3.50,2945,2975,2960,18 Apr 2017
Uttar Pradesh,Gonda,Gonda,White Peas,Pulses,25.00,2800,2880,2830,18 Apr 2017
Madhya Pradesh,Raisen,Udaipura,Other,Pulses,4.00,2800,3000,2900,19 Apr 2017
Madhya Pradesh,Ujjain,Ujjain,White Peas,Pulses,6.40,1381,1574,1425,19 Apr 2017
Uttar Pradesh,Aligarh,Aligarh,White Peas,Pulses,20.00,2950,3050,3000,19 Apr 2017
Uttar Pradesh,Balrampur,Balrampur,Other,Pulses,20.00,2860,2890,2875,19 Apr 2017
Uttar Pradesh,Bareilly,Bareilly,White Peas,Pulses,76.00,0,0,2900,19 Apr 2017
Uttar Pradesh,Gonda,Gonda,White Peas,Pulses,24.00,2800,2880,2830,19 Apr 2017
Madhya Pradesh,Raisen,Udaipura,Other,Pulses,13.00,2700,3035,2900,20 Apr 2017
Uttar Pradesh,Aligarh,Aligarh,Other,Pulses,25.00,3000,3100,3050,20 Apr 2017
Uttar Pradesh,Balrampur,Balrampur,Other,Pulses,18.00,2850,2880,2865,20 Apr 2017
Uttar Pradesh,Bareilly,Bareilly,White Peas,Pulses,100.00,0,0,2925,20 Apr 2017
Uttar Pradesh,Gonda,Gonda,White Peas,Pulses,23.00,2800,2880,2830,20 Apr 2017
Madhya Pradesh,Raisen,Udaipura,Other,Pulses,12.00,2950,2950,2950,21 Apr 2017
Uttar Pradesh,Aligarh,Aligarh,White Peas,Pulses,30.00,2950,3050,3000,21 Apr 2017
Uttar Pradesh,Balrampur,Balrampur,Other,Pulses,24.00,2845,2875,2860,21 Apr 2017
Uttar Pradesh,Bareilly,Bareilly,White Peas,Pulses,13.00,0,0,2950,21 Apr 2017
Uttar Pradesh,Deoria,Devariya,White Peas,Pulses,3.50,2940,2965,2950,21 Apr 2017
Uttar Pradesh,Gonda,Gonda,White Peas,Pulses,26.00,2800,2860,2825,21 Apr 2017
Uttar Pradesh,Aligarh,Aligarh,White Peas,Pulses,20.00,3050,3150,3100,22 Apr 2017
Uttar Pradesh,Balrampur,Balrampur,Other,Pulses,21.00,2845,2875,2860,22 Apr 2017
Uttar Pradesh,Bareilly,Bareilly,White Peas,Pulses,14.50,0,0,2950,22 Apr 2017
Uttar Pradesh,Deoria,Devariya,White Peas,Pulses,3.00,2935,2955,2945,22 Apr 2017
Uttar Pradesh,Gonda,Gonda,White Peas,Pulses,24.00,2800,2860,2825,22 Apr 2017
Madhya Pradesh,Raisen,Udaipura,Other,Pulses,27.00,2750,3000,2850,24 Apr 2017
Uttar Pradesh,Bareilly,Bareilly,White Peas,Pulses,127.50,0,0,2960,24 Apr 2017
Uttar Pradesh,Deoria,Devariya,White Peas,Pulses,3.50,2940,2960,2950,24 Apr 2017
Uttar Pradesh,Gonda,Gonda,White Peas,Pulses,26.00,2800,2860,2815,24 Apr 2017
Gujarat,Rajkot,Gondal,White Peas,Pulses,33.50,1130,4880,4005,25 Apr 2017
Madhya Pradesh,Raisen,Udaipura,Other,Pulses,5.00,2800,2900,2850,25 Apr 2017
Uttar Pradesh,Aligarh,Aligarh,White Peas,Pulses,20.00,3050,3150,3100,25 Apr 2017
Uttar Pradesh,Bareilly,Bareilly,White Peas,Pulses,52.00,0,0,2950,25 Apr 2017
Uttar Pradesh,Gonda,Gonda,White Peas,Pulses,24.00,2780,2850,2815,25 Apr 2017
Gujarat,Rajkot,Gondal,White Peas,Pulses,9.20,1505,4755,3505,26 Apr 2017
Uttar Pradesh,Aligarh,Aligarh,White Peas,Pulses,30.00,3000,3100,3050,26 Apr 2017
Uttar Pradesh,Deoria,Devariya,White Peas,Pulses,4.00,2935,2955,2945,26 Apr 2017
Uttar Pradesh,Gonda,Gonda,White Peas,Pulses,24.50,2780,2850,2815,26 Apr 2017
Chattisgarh,Bastar,Charama,Other,Pulses,0.20,2500,2500,2500,27 Apr 2017
Gujarat,Rajkot,Gondal,White Peas,Pulses,4.00,1380,4880,4005,27 Apr 2017
Madhya Pradesh,Raisen,Udaipura,Other,Pulses,23.00,2700,2700,2700,27 Apr 2017
Uttar Pradesh,Aligarh,Aligarh,White Peas,Pulses,35.00,3050,3150,3100,27 Apr 2017
Uttar Pradesh,Balrampur,Balrampur,Other,Pulses,24.00,2825,2850,2840,27 Apr 2017
Uttar Pradesh,Bareilly,Bareilly,White Peas,Pulses,118.50,2850,3000,2925,27 Apr 2017
Uttar Pradesh,Deoria,Devariya,White Peas,Pulses,3.50,2940,2960,2950,27 Apr 2017
Uttar Pradesh,Gonda,Gonda,White Peas,Pulses,23.00,2750,2850,2815,27 Apr 2017
Gujarat,Rajkot,Gondal,White Peas,Pulses,11.50,1380,4380,3250,28 Apr 2017
Uttar Pradesh,Aligarh,Aligarh,White Peas,Pulses,30.00,3100,3200,3150,28 Apr 2017
Uttar Pradesh,Aligarh,Charra,White Peas,Pulses,110.00,3100,3200,3150,28 Apr 2017
Uttar Pradesh,Gonda,Gonda,White Peas,Pulses,22.50,2810,2830,2815,28 Apr 2017
Gujarat,Rajkot,Gondal,White Peas,Pulses,10.80,1755,4505,3755,29 Apr 2017
Uttar Pradesh,Aligarh,Aligarh,White Peas,Pulses,20.00,3000,3100,3050,29 Apr 2017
Uttar Pradesh,Balrampur,Balrampur,Other,Pulses,20.00,2820,2850,2835,29 Apr 2017
Uttar Pradesh,Deoria,Devariya,White Peas,Pulses,4.50,2950,2970,2960,29 Apr 2017
Uttar Pradesh,Gonda,Gonda,White Peas,Pulses,26.00,2750,2850,2810,29 Apr 2017
Chattisgarh,Koria,Manendragarh,Other,Pulses,0.40,3000,3000,3000,30 Apr 2017
Gujarat,Rajkot,Gondal,White Peas,Pulses,7.50,1630,4505,3630,01 May 2017
Madhya Pradesh,Raisen,Udaipura,Other,Pulses,1.00,2900,2900,2900,01 May 2017
Uttar Pradesh,Aligarh,Aligarh,White Peas,Pulses,25.00,3050,3150,3100,01 May 2017
Uttar Pradesh,Bareilly,Bareilly,White Peas,Pulses,42.50,2800,3000,2875,01 May 2017
Uttar Pradesh,Deoria,Devariya,White Peas,Pulses,4.00,2950,2985,2970,01 May 2017
Uttar Pradesh,Gautam Budh Nagar,Dadri,White Peas,Pulses,4.00,0,0,2980,01 May 2017
Uttar Pradesh,Gonda,Gonda,White Peas,Pulses,23.00,2800,2820,2810,01 May 2017
Gujarat,Rajkot,Gondal,White Peas,Pulses,10.00,2005,4255,3505,02 May 2017
Orissa,Kalahandi,Kesinga,Other,Pulses,1.00,5000,6000,5500,02 May 2017
Uttar Pradesh,Aligarh,Aligarh,White Peas,Pulses,20.00,3100,3200,3150,02 May 2017
Uttar Pradesh,Balrampur,Balrampur,Other,Pulses,15.00,2810,2840,2825,02 May 2017
Uttar Pradesh,Gonda,Gonda,White Peas,Pulses,25.00,2790,2825,2810,02 May 2017
Gujarat,Rajkot,Gondal,White Peas,Pulses,17.00,1255,4130,3000,03 May 2017
Madhya Pradesh,Raisen,Udaipura,Other,Pulses,5.00,2250,2500,2500,03 May 2017
Uttar Pradesh,Aligarh,Aligarh,White Peas,Pulses,25.00,3050,3150,3100,03 May 2017
Uttar Pradesh,Balrampur,Balrampur,Other,Pulses,21.50,2810,2840,2825,03 May 2017
Uttar Pradesh,Bareilly,Bareilly,White Peas,Pulses,16.00,2800,3000,2900,03 May 2017
Uttar Pradesh,Deoria,Devariya,White Peas,Pulses,3.50,2970,3000,2980,03 May 2017
Uttar Pradesh,Gonda,Gonda,White Peas,Pulses,23.50,2750,2850,2810,03 May 2017
Gujarat,Rajkot,Gondal,White Peas,Pulses,5.00,2005,4130,3380,04 May 2017
Madhya Pradesh,Raisen,Udaipura,Other,Pulses,17.00,2200,2700,2500,04 May 2017
Uttar Pradesh,Aligarh,Aligarh,White Peas,Pulses,30.00,3100,3200,3150,04 May 2017
Uttar Pradesh,Balrampur,Balrampur,Other,Pulses,17.50,2800,2830,2815,04 May 2017
Uttar Pradesh,Bareilly,Bareilly,White Peas,Pulses,26.00,2850,3000,2925,04 May 2017
Uttar Pradesh,Deoria,Devariya,White Peas,Pulses,3.00,2960,2975,2970,04 May 2017
Uttar Pradesh,Gautam Budh Nagar,Dadri,White Peas,Pulses,6.00,0,0,2960,04 May 2017
Uttar Pradesh,Gonda,Gonda,White Peas,Pulses,30.00,2750,2850,2800,04 May 2017
Gujarat,Rajkot,Gondal,White Peas,Pulses,3.00,1255,4255,3000,05 May 2017
Madhya Pradesh,Raisen,Udaipura,Other,Pulses,55.00,2500,2750,2660,05 May 2017
Uttar Pradesh,Aligarh,Aligarh,White Peas,Pulses,35.00,3050,3150,3100,05 May 2017
Uttar Pradesh,Bareilly,Bareilly,White Peas,Pulses,92.60,2850,3000,2925,05 May 2017
Uttar Pradesh,Gautam Budh Nagar,Dadri,White Peas,Pulses,5.00,0,0,2970,05 May 2017
Uttar Pradesh,Gonda,Gonda,White Peas,Pulses,31.50,2750,2860,2800,05 May 2017
Uttar Pradesh,Aligarh,Aligarh,White Peas,Pulses,30.00,3000,3100,3050,06 May 2017
Uttar Pradesh,Balrampur,Balrampur,Other,Pulses,18.00,2790,2825,2810,06 May 2017
Uttar Pradesh,Bareilly,Bareilly,White Peas,Pulses,51.00,2900,3000,2940,06 May 2017
Uttar Pradesh,Deoria,Devariya,White Peas,Pulses,2.50,2975,3000,2985,06 May 2017
Uttar Pradesh,Gonda,Gonda,White Peas,Pulses,32.50,2800,2880,2820,06 May 2017
Uttar Pradesh,Gautam Budh Nagar,Dadri,White Peas,Pulses,8.00,0,0,2950,07 May 2017
Gujarat,Rajkot,Gondal,White Peas,Pulses,2.70,1005,4380,3880,08 May 2017
Uttar Pradesh,Aligarh,Aligarh,White Peas,Pulses,40.00,2950,3050,3000,08 May 2017
Uttar Pradesh,Balrampur,Balrampur,Other,Pulses,21.50,2790,2825,2810,08 May 2017
Uttar Pradesh,Deoria,Devariya,White Peas,Pulses,2.00,2970,2995,2980,08 May 2017
Uttar Pradesh,Gonda,Gonda,White Peas,Pulses,28.00,2700,2850,2800,08 May 2017
Gujarat,Rajkot,Gondal,White Peas,Pulses,5.50,1380,4005,3255,09 May 2017
Madhya Pradesh,Raisen,Udaipura,Other,Pulses,26.00,2700,2830,2770,09 May 2017
Uttar Pradesh,Aligarh,Aligarh,White Peas,Pulses,30.00,3000,3100,3050,09 May 2017
Uttar Pradesh,Bareilly,Bareilly,White Peas,Pulses,61.00,2850,3100,2925,09 May 2017
Uttar Pradesh,Deoria,Devariya,White Peas,Pulses,2.50,2965,2995,2985,09 May 2017
Uttar Pradesh,Gautam Budh Nagar,Dadri,White Peas,Pulses,5.00,0,0,2980,09 May 2017
Uttar Pradesh,Gonda,Gonda,White Peas,Pulses,25.00,2750,2850,2800,09 May 2017
Uttar Pradesh,Deoria,Devariya,White Peas,Pulses,2.00,2980,3000,2990,10 May 2017
Uttar Pradesh,Gonda,Gonda,White Peas,Pulses,30.00,2700,2850,2800,10 May 2017
Gujarat,Rajkot,Gondal,White Peas,Pulses,6.20,1380,4380,3505,11 May 2017
Uttar Pradesh,Aligarh,Aligarh,White Peas,Pulses,25.00,3050,3150,3100,11 May 2017
Uttar Pradesh,Bareilly,Bareilly,White Peas,Pulses,46.00,2900,3000,2940,11 May 2017
Uttar Pradesh,Deoria,Devariya,White Peas,Pulses,2.00,2990,3020,3000,11 May 2017
Uttar Pradesh,Gonda,Gonda,White Peas,Pulses,27.00,2800,2820,2810,11 May 2017
Gujarat,Rajkot,Gondal,White Peas,Pulses,8.00,1255,4505,3380,12 May 2017
Gujarat,Rajkot,Gondal,White Peas,Pulses,5.00,1255,4380,2880,13 May 2017
Uttar Pradesh,Aligarh,Aligarh,White Peas,Pulses,35.00,2900,3000,2950,13 May 2017
Uttar Pradesh,Gautam Budh Nagar,Dadri,White Peas,Pulses,5.00,0,0,2960,13 May 2017
Uttar Pradesh,Gonda,Gonda,White Peas,Pulses,27.00,2780,2850,2810,13 May 2017
Gujarat,Rajkot,Gondal,White Peas,Pulses,7.50,1130,4380,3255,15 May 2017
Madhya Pradesh,Raisen,Udaipura,Other,Pulses,10.00,2750,2750,2750,15 May 2017
Uttar Pradesh,Aligarh,Aligarh,White Peas,Pulses,30.00,2950,3050,3000,15 May 2017
Uttar Pradesh,Bareilly,Bareilly,White Peas,Pulses,46.00,2900,3050,2975,15 May 2017
Uttar Pradesh,Gautam Budh Nagar,Dadri,White Peas,Pulses,6.00,0,0,2940,15 May 2017
Uttar Pradesh,Gonda,Gonda,White Peas,Pulses,32.00,2750,2850,2800,15 May 2017
Gujarat,Rajkot,Gondal,White Peas,Pulses,3.60,1255,4505,3255,16 May 2017
Madhya Pradesh,Narsinghpur,Gotegaon,Other,Pulses,223.00,1200,1275,1272,16 May 2017
Madhya Pradesh,Raisen,Udaipura,Other,Pulses,8.00,1600,2650,2500,16 May 2017
Uttar Pradesh,Aligarh,Aligarh,White Peas,Pulses,25.00,3050,3150,3100,16 May 2017
Uttar Pradesh,Bareilly,Bareilly,White Peas,Pulses,15.00,2900,3100,2960,16 May 2017
Uttar Pradesh,Gautam Budh Nagar,Dadri,White Peas,Pulses,5.00,0,0,2950,16 May 2017
Uttar Pradesh,Gonda,Gonda,White Peas,Pulses,31.00,2780,2830,2800,16 May 2017
Gujarat,Rajkot,Gondal,White Peas,Pulses,6.00,1255,4130,3380,17 May 2017
Madhya Pradesh,Raisen,Udaipura,Other,Pulses,36.00,2550,2625,2600,17 May 2017
Uttar Pradesh,Aligarh,Aligarh,White Peas,Pulses,20.00,3000,3100,3050,17 May 2017
Uttar Pradesh,Balrampur,Balrampur,Other,Pulses,25.00,2800,2825,2810,17 May 2017
Uttar Pradesh,Bareilly,Bareilly,White Peas,Pulses,62.00,2875,3050,2950,17 May 2017
Uttar Pradesh,Gonda,Gonda,White Peas,Pulses,29.00,2750,2850,2800,17 May 2017
Gujarat,Rajkot,Gondal,White Peas,Pulses,6.00,1505,4130,3380,18 May 2017
Madhya Pradesh,Raisen,Udaipura,Other,Pulses,10.00,2650,2650,2650,18 May 2017
Uttar Pradesh,Aligarh,Aligarh,White Peas,Pulses,30.00,2950,3050,3000,18 May 2017
Uttar Pradesh,Balrampur,Balrampur,Other,Pulses,21.00,2800,2835,2815,18 May 2017
Uttar Pradesh,Bareilly,Bareilly,White Peas,Pulses,10.00,2850,3000,2925,18 May 2017
Uttar Pradesh,Deoria,Devariya,White Peas,Pulses,3.00,3000,3020,3010,18 May 2017
Uttar Pradesh,Gautam Budh Nagar,Dadri,White Peas,Pulses,7.00,2850,3000,2940,18 May 2017
Uttar Pradesh,Gonda,Gonda,White Peas,Pulses,31.00,2750,2850,2800,18 May 2017
Madhya Pradesh,Raisen,Udaipura,Other,Pulses,27.00,2600,2600,2600,19 May 2017
Madhya Pradesh,Ujjain,Ujjain,White Peas,Pulses,11.20,660,1201,1120,19 May 2017
Uttar Pradesh,Aligarh,Aligarh,White Peas,Pulses,20.00,2950,3050,3000,19 May 2017
Uttar Pradesh,Balrampur,Balrampur,Other,Pulses,18.00,2800,2835,2815,19 May 2017
Uttar Pradesh,Bareilly,Bareilly,White Peas,Pulses,94.50,2825,2950,2900,19 May 2017
Uttar Pradesh,Deoria,Devariya,White Peas,Pulses,3.50,3000,3025,3015,19 May 2017
Uttar Pradesh,Gonda,Gonda,White Peas,Pulses,35.00,2700,2900,2800,19 May 2017
Gujarat,Rajkot,Gondal,White Peas,Pulses,2.70,1380,4005,2505,20 May 2017
Madhya Pradesh,Raisen,Udaipura,Other,Pulses,50.00,2700,2700,2700,20 May 2017
Orissa,Kalahandi,Kesinga,Other,Pulses,2.00,4000,5000,4500,20 May 2017
Uttar Pradesh,Balrampur,Balrampur,Other,Pulses,20.00,2800,2835,2815,20 May 2017
Uttar Pradesh,Bareilly,Bareilly,White Peas,Pulses,48.00,2825,3050,2900,20 May 2017
Uttar Pradesh,Deoria,Devariya,White Peas,Pulses,3.00,2980,3020,3000,20 May 2017
Uttar Pradesh,Gautam Budh Nagar,Dadri,White Peas,Pulses,5.00,2900,3050,2960,20 May 2017
Uttar Pradesh,Gonda,Gonda,White Peas,Pulses,32.50,2700,2900,2800,20 May 2017
Chattisgarh,Koria,Manendragarh,Other,Pulses,1.00,4000,4000,4000,22 May 2017
Gujarat,Rajkot,Gondal,White Peas,Pulses,5.20,1005,3630,3130,22 May 2017
Madhya Pradesh,Raisen,Udaipura,Other,Pulses,6.00,2490,2580,2500,22 May 2017
Uttar Pradesh,Aligarh,Aligarh,White Peas,Pulses,20.00,2950,3050,3000,22 May 2017
Uttar Pradesh,Balrampur,Balrampur,Other,Pulses,18.50,2800,2835,2815,22 May 2017
Uttar Pradesh,Bareilly,Bareilly,White Peas,Pulses,170.00,2800,2950,2875,22 May 2017
Uttar Pradesh,Deoria,Devariya,White Peas,Pulses,3.00,3000,3020,3010,22 May 2017
Uttar Pradesh,Gonda,Gonda,White Peas,Pulses,31.00,2800,2850,2825,22 May 2017
Gujarat,Rajkot,Gondal,White Peas,Pulses,3.20,1255,3630,2630,23 May 2017
Uttar Pradesh,Aligarh,Aligarh,White Peas,Pulses,30.00,3000,3100,3050,23 May 2017
Uttar Pradesh,Balrampur,Balrampur,Other,Pulses,22.50,2790,2825,2810,23 May 2017
Uttar Pradesh,Bareilly,Bareilly,White Peas,Pulses,21.00,2850,2950,2880,23 May 2017
Uttar Pradesh,Deoria,Devariya,White Peas,Pulses,3.50,2990,3010,3000,23 May 2017
Uttar Pradesh,Gautam Budh Nagar,Dadri,White Peas,Pulses,6.00,2900,3050,2960,23 May 2017
Gujarat,Rajkot,Gondal,White Peas,Pulses,3.50,1005,3380,2505,24 May 2017
Madhya Pradesh,Raisen,Udaipura,Other,Pulses,23.00,2300,2385,2385,24 May 2017
Uttar Pradesh,Aligarh,Aligarh,White Peas,Pulses,25.00,3050,3150,3100,24 May 2017
Uttar Pradesh,Balrampur,Balrampur,Other,Pulses,17.50,2790,2825,2810,24 May 2017
Uttar Pradesh,Deoria,Devariya,White Peas,Pulses,3.20,3000,3030,3015,24 May 2017
Uttar Pradesh,Gonda,Gonda,White Peas,Pulses,33.50,2770,2850,2830,24 May 2017
Uttar Pradesh,Bareilly,Bareilly,White Peas,Pulses,23.00,2800,3000,2875,25 May 2017
Uttar Pradesh,Deoria,Devariya,White Peas,Pulses,3.00,3000,3020,3010,25 May 2017
Uttar Pradesh,Gonda,Gonda,White Peas,Pulses,32.00,2800,2880,2850,25 May 2017
Madhya Pradesh,Raisen,Udaipura,Other,Pulses,15.00,1800,2600,2200,26 May 2017
Uttar Pradesh,Aligarh,Aligarh,White Peas,Pulses,30.00,2950,3050,3000,26 May 2017
Uttar Pradesh,Aligarh,Charra,White Peas,Pulses,120.00,3000,3100,3050,26 May 2017
Uttar Pradesh,Bareilly,Bareilly,White Peas,Pulses,31.00,2800,2925,2850,26 May 2017
Uttar Pradesh,Deoria,Devariya,White Peas,Pulses,3.00,3000,3020,3010,26 May 2017
Uttar Pradesh,Gautam Budh Nagar,Dadri,White Peas,Pulses,7.00,2900,3020,2950,26 May 2017
Uttar Pradesh,Gonda,Gonda,White Peas,Pulses,32.50,2800,2890,2860,26 May 2017
Gujarat,Rajkot,Gondal,White Peas,Pulses,2.10,1255,3630,3255,27 May 2017
Uttar Pradesh,Aligarh,Aligarh,White Peas,Pulses,25.00,3000,3100,3050,27 May 2017
Uttar Pradesh,Balrampur,Balrampur,Other,Pulses,20.00,2800,2835,2815,27 May 2017
Uttar Pradesh,Deoria,Devariya,White Peas,Pulses,3.50,3000,3020,3015,27 May 2017
Uttar Pradesh,Gonda,Gonda,White Peas,Pulses,33.00,2800,2900,2850,27 May 2017
Uttar Pradesh,Gautam Budh Nagar,Dadri,White Peas,Pulses,8.00,2880,3050,2940,28 May 2017
Gujarat,Rajkot,Gondal,White Peas,Pulses,3.90,1130,3880,2505,29 May 2017
Madhya Pradesh,Raisen,Udaipura,Other,Pulses,24.00,2350,2560,2400,29 May 2017
Uttar Pradesh,Aligarh,Aligarh,White Peas,Pulses,52.00,2950,3050,3000,29 May 2017
Uttar Pradesh,Balrampur,Balrampur,Other,Pulses,25.00,2800,2840,2825,29 May 2017
Uttar Pradesh,Bareilly,Bareilly,White Peas,Pulses,46.00,2800,2975,2900,29 May 2017
Uttar Pradesh,Deoria,Devariya,White Peas,Pulses,3.00,3000,3020,3010,29 May 2017
Uttar Pradesh,Gonda,Gonda,White Peas,Pulses,35.00,2750,2850,2800,29 May 2017
Gujarat,Rajkot,Gondal,White Peas,Pulses,3.50,1130,3755,2630,30 May 2017
Madhya Pradesh,Raisen,Udaipura,Other,Pulses,14.00,2450,2500,2475,30 May 2017
Uttar Pradesh,Aligarh,Aligarh,White Peas,Pulses,25.00,3000,3100,3050,30 May 2017
Uttar Pradesh,Balrampur,Balrampur,Other,Pulses,21.50,2800,2840,2825,30 May 2017
Uttar Pradesh,Bareilly,Bareilly,White Peas,Pulses,54.00,2800,3000,2875,30 May 2017
Uttar Pradesh,Deoria,Devariya,White Peas,Pulses,2.50,3015,3040,3025,30 May 2017
Uttar Pradesh,Gonda,Gonda,White Peas,Pulses,31.00,2780,2860,2825,30 May 2017
Chattisgarh,Koria,Manendragarh,Other,Pulses,4.30,3000,3000,3000,31 May 2017
Madhya Pradesh,Raisen,Udaipura,Other,Pulses,17.00,2380,2380,2380,31 May 2017
Uttar Pradesh,Balrampur,Balrampur,Other,Pulses,15.00,2815,2850,2835,31 May 2017
Uttar Pradesh,Bareilly,Bareilly,White Peas,Pulses,18.00,2800,2950,2875,31 May 2017
Uttar Pradesh,Gonda,Gonda,White Peas,Pulses,29.00,2750,2850,2800,31 May 2017
Gujarat,Rajkot,Gondal,White Peas,Pulses,5.00,1255,3755,2755,01 Jun 2017
Uttar Pradesh,Bareilly,Bareilly,White Peas,Pulses,8.00,2800,2900,2860,01 Jun 2017
Uttar Pradesh,Deoria,Devariya,White Peas,Pulses,3.00,3030,3060,3050,01 Jun 2017
Uttar Pradesh,Gautam Budh Nagar,Dadri,White Peas,Pulses,6.00,2900,3050,2950,01 Jun 2017
Uttar Pradesh,Gonda,Gonda,White Peas,Pulses,28.50,2750,2840,2800,01 Jun 2017
Gujarat,Rajkot,Gondal,White Peas,Pulses,2.30,1005,2505,2005,02 Jun 2017
Uttar Pradesh,Aligarh,Aligarh,White Peas,Pulses,30.00,3050,3150,3100,02 Jun 2017
Uttar Pradesh,Bareilly,Bareilly,White Peas,Pulses,41.00,2700,2925,2800,02 Jun 2017
Uttar Pradesh,Gautam Budh Nagar,Dadri,White Peas,Pulses,5.00,2920,3060,2980,02 Jun 2017
Gujarat,Rajkot,Gondal,White Peas,Pulses,1.70,1005,1880,1755,03 Jun 2017
Madhya Pradesh,Narsinghpur,Gotegaon,Other,Pulses,65.00,1101,1110,1101,03 Jun 2017
Uttar Pradesh,Aligarh,Aligarh,White Peas,Pulses,25.00,3100,3200,3150,03 Jun 2017
Uttar Pradesh,Deoria,Devariya,White Peas,Pulses,3.00,3030,3055,3040,03 Jun 2017
Uttar Pradesh,Gonda,Gonda,White Peas,Pulses,11.00,2780,2850,2820,03 Jun 2017
Madhya Pradesh,Panna,Panna,Other,Pulses,5.20,2100,2300,2200,04 Jun 2017
Uttar Pradesh,Bareilly,Bareilly,White Peas,Pulses,55.00,2775,2850,2805,05 Jun 2017
Uttar Pradesh,Deoria,Devariya,White Peas,Pulses,2.50,3040,3060,3055,05 Jun 2017
Uttar Pradesh,Gonda,Gonda,White Peas,Pulses,10.00,2800,2850,2820,05 Jun 2017
Gujarat,Rajkot,Gondal,White Peas,Pulses,2.70,1000,3255,2255,06 Jun 2017
Madhya Pradesh,Narsinghpur,Gotegaon,Other,Pulses,60.00,2700,2700,2700,06 Jun 2017
Uttar Pradesh,Aligarh,Aligarh,White Peas,Pulses,25.00,3100,3200,3150,06 Jun 2017
Uttar Pradesh,Bareilly,Bareilly,White Peas,Pulses,15.50,2800,2925,2850,06 Jun 2017
Uttar Pradesh,Deoria,Devariya,White Peas,Pulses,3.00,3035,3075,3050,06 Jun 2017
Uttar Pradesh,Gonda,Gonda,White Peas,Pulses,19.50,2800,2900,2825,06 Jun 2017
Gujarat,Rajkot,Gondal,White Peas,Pulses,7.20,1005,3880,2755,07 Jun 2017
Madhya Pradesh,Panna,Panna,Other,Pulses,9.50,1851,2163,2007,07 Jun 2017
Uttar Pradesh,Aligarh,Aligarh,White Peas,Pulses,30.00,3050,3150,3100,07 Jun 2017
Uttar Pradesh,Bareilly,Bareilly,White Peas,Pulses,5.00,2800,2925,2850,07 Jun 2017
Uttar Pradesh,Deoria,Devariya,White Peas,Pulses,3.50,3040,3080,3060,07 Jun 2017
Uttar Pradesh,Gonda,Gonda,White Peas,Pulses,9.00,2800,2850,2825,07 Jun 2017
Gujarat,Rajkot,Gondal,White Peas,Pulses,3.50,1105,3380,2255,08 Jun 2017
Madhya Pradesh,Panna,Panna,Other,Pulses,4.60,2064,3075,2095,08 Jun 2017
Uttar Pradesh,Aligarh,Aligarh,White Peas,Pulses,25.00,3000,3100,3050,08 Jun 2017
Uttar Pradesh,Bareilly,Bareilly,White Peas,Pulses,99.50,2800,2950,2875,08 Jun 2017
Uttar Pradesh,Deoria,Devariya,White Peas,Pulses,3.50,3040,3065,3055,08 Jun 2017
Uttar Pradesh,Gautam Budh Nagar,Dadri,White Peas,Pulses,8.00,2900,3080,3020,08 Jun 2017
Uttar Pradesh,Gonda,Gonda,White Peas,Pulses,10.50,2800,2850,2825,08 Jun 2017
Gujarat,Rajkot,Gondal,White Peas,Pulses,2.30,1005,3005,2505,09 Jun 2017
Madhya Pradesh,Panna,Panna,Other,Pulses,12.20,2021,2125,2032,09 Jun 2017
Uttar Pradesh,Aligarh,Aligarh,White Peas,Pulses,30.00,2950,3050,3000,09 Jun 2017
Uttar Pradesh,Bareilly,Bareilly,White Peas,Pulses,20.00,2800,2950,2875,09 Jun 2017
Uttar Pradesh,Deoria,Devariya,White Peas,Pulses,3.00,3040,3070,3060,09 Jun 2017
Uttar Pradesh,Gonda,Gonda,White Peas,Pulses,21.00,2700,2900,2800,09 Jun 2017
Gujarat,Rajkot,Gondal,White Peas,Pulses,1.40,1205,3505,2505,10 Jun 2017
Madhya Pradesh,Panna,Panna,Other,Pulses,1.50,2050,2090,2064,10 Jun 2017
Uttar Pradesh,Deoria,Devariya,White Peas,Pulses,3.50,3050,3065,3055,10 Jun 2017
Uttar Pradesh,Gautam Budh Nagar,Dadri,White Peas,Pulses,4.00,2920,3100,3025,10 Jun 2017
Uttar Pradesh,Gonda,Gonda,White Peas,Pulses,27.00,2700,2850,2800,10 Jun 2017
Madhya Pradesh,Panna,Panna,Other,Pulses,1.50,1900,2000,1950,11 Jun 2017
Gujarat,Rajkot,Gondal,White Peas,Pulses,1.40,1105,2755,1255,12 Jun 2017
Madhya Pradesh,Panna,Panna,Other,Pulses,11.60,2000,2100,2050,12 Jun 2017
Uttar Pradesh,Aligarh,Aligarh,White Peas,Pulses,20.00,3000,3100,3050,12 Jun 2017
Uttar Pradesh,Bareilly,Bareilly,White Peas,Pulses,36.00,2900,3100,2975,12 Jun 2017
Uttar Pradesh,Deoria,Devariya,White Peas,Pulses,3.00,3040,3065,3050,12 Jun 2017
Uttar Pradesh,Gautam Budh Nagar,Dadri,White Peas,Pulses,5.00,2920,3080,3020,12 Jun 2017
Gujarat,Rajkot,Gondal,White Peas,Pulses,10.00,1155,4005,3005,13 Jun 2017
Madhya Pradesh,Chhatarpur,LavKush Nagar(Laundi),Other,Pulses,34.70,2185,2250,2230,13 Jun 2017
Uttar Pradesh,Aligarh,Aligarh,White Peas,Pulses,25.00,2950,3050,3000,13 Jun 2017
Uttar Pradesh,Bareilly,Bareilly,White Peas,Pulses,61.00,2900,3000,2960,13 Jun 2017
Uttar Pradesh,Deoria,Devariya,White Peas,Pulses,3.50,3050,3070,3060,13 Jun 2017
Uttar Pradesh,Gonda,Gonda,White Peas,Pulses,25.00,2780,2830,2810,13 Jun 2017
Gujarat,Rajkot,Gondal,White Peas,Pulses,7.10,1005,3880,2880,14 Jun 2017
Madhya Pradesh,Panna,Panna,Other,Pulses,0.90,1820,2000,1905,14 Jun 2017
Uttar Pradesh,Aligarh,Aligarh,White Peas,Pulses,20.00,3000,3100,3050,14 Jun 2017
Uttar Pradesh,Bareilly,Bareilly,White Peas,Pulses,121.00,2900,3000,2950,14 Jun 2017
Uttar Pradesh,Deoria,Devariya,White Peas,Pulses,3.00,3050,3080,3065,14 Jun 2017
Uttar Pradesh,Gonda,Gonda,White Peas,Pulses,26.50,2750,2830,2800,14 Jun 2017
Madhya Pradesh,Panna,Panna,Other,Pulses,6.90,1965,2000,2000,15 Jun 2017
Uttar Pradesh,Aligarh,Aligarh,White Peas,Pulses,30.00,2950,3050,3000,15 Jun 2017
Uttar Pradesh,Bareilly,Bareilly,White Peas,Pulses,48.00,2900,2950,2930,15 Jun 2017
Uttar Pradesh,Gautam Budh Nagar,Dadri,White Peas,Pulses,6.00,2950,3100,3040,15 Jun 2017
Uttar Pradesh,Gonda,Gonda,White Peas,Pulses,28.00,2750,2850,2800,15 Jun 2017
Gujarat,Rajkot,Gondal,White Peas,Pulses,7.30,1005,3505,2630,16 Jun 2017
Madhya Pradesh,Panna,Panna,Other,Pulses,6.70,2010,2010,2010,16 Jun 2017
Uttar Pradesh,Aligarh,Aligarh,White Peas,Pulses,25.00,3000,3100,3050,16 Jun 2017
Uttar Pradesh,Bareilly,Bareilly,White Peas,Pulses,18.00,2900,2975,2925,16 Jun 2017
Uttar Pradesh,Deoria,Devariya,White Peas,Pulses,3.00,3040,3080,3060,16 Jun 2017
Uttar Pradesh,Gautam Budh Nagar,Dadri,White Peas,Pulses,8.00,2950,3080,3025,16 Jun 2017
Uttar Pradesh,Gonda,Gonda,White Peas,Pulses,26.00,2780,2830,2800,16 Jun 2017
Chattisgarh,Koria,Manendragarh,Other,Pulses,0.10,3375,3375,3375,17 Jun 2017
Gujarat,Rajkot,Gondal,White Peas,Pulses,2.80,1355,3880,2755,17 Jun 2017
Madhya Pradesh,Panna,Panna,Other,Pulses,4.90,1856,1974,1940,17 Jun 2017
Uttar Pradesh,Aligarh,Aligarh,White Peas,Pulses,20.00,2950,3050,3000,17 Jun 2017
Uttar Pradesh,Deoria,Devariya,White Peas,Pulses,3.50,3055,3075,3065,17 Jun 2017
Uttar Pradesh,Gonda,Gonda,White Peas,Pulses,24.00,2750,2900,2800,17 Jun 2017
Madhya Pradesh,Panna,Panna,Other,Pulses,4.00,2010,2100,2015,18 Jun 2017
Uttar Pradesh,Gautam Budh Nagar,Dadri,White Peas,Pulses,9.00,2900,3020,2960,18 Jun 2017
Gujarat,Rajkot,Gondal,White Peas,Pulses,1.30,1505,3755,2880,19 Jun 2017
Madhya Pradesh,Panna,Panna,Other,Pulses,5.80,1975,2005,1990,19 Jun 2017
Uttar Pradesh,Aligarh,Aligarh,White Peas,Pulses,30.00,3000,3100,3050,19 Jun 2017
Uttar Pradesh,Bareilly,Bareilly,White Peas,Pulses,129.20,2865,2925,2900,19 Jun 2017
Uttar Pradesh,Deoria,Devariya,White Peas,Pulses,3.50,2945,2975,2960,19 Jun 2017
Uttar Pradesh,Gonda,Gonda,White Peas,Pulses,25.00,2780,2850,2810,19 Jun 2017
Uttar Pradesh,Aligarh,Aligarh,White Peas,Pulses,25.00,3050,3150,3100,20 Jun 2017
Uttar Pradesh,Bareilly,Bareilly,White Peas,Pulses,86.00,2850,2960,2900,20 Jun 2017
Uttar Pradesh,Deoria,Devariya,White Peas,Pulses,3.60,2910,2935,2925,20 Jun 2017
Uttar Pradesh,Gonda,Gonda,White Peas,Pulses,23.50,2780,2830,2810,20 Jun 2017
Gujarat,Rajkot,Gondal,White Peas,Pulses,3.50,1055,3880,2755,21 Jun 2017
Madhya Pradesh,Panna,Panna,Other,Pulses,8.40,1799,2700,1900,21 Jun 2017
Uttar Pradesh,Aligarh,Aligarh,White Peas,Pulses,20.00,3000,3100,3050,21 Jun 2017
Uttar Pradesh,Bareilly,Bareilly,White Peas,Pulses,51.00,2850,3000,2910,21 Jun 2017
Uttar Pradesh,Gonda,Gonda,White Peas,Pulses,22.00,2750,2830,2800,21 Jun 2017
Uttar Pradesh,Aligarh,Aligarh,White Peas,Pulses,30.00,2950,3050,3000,22 Jun 2017
Uttar Pradesh,Bareilly,Bareilly,White Peas,Pulses,16.00,2850,3000,2925,22 Jun 2017
Uttar Pradesh,Deoria,Devariya,White Peas,Pulses,2.80,2870,2890,2880,22 Jun 2017
Uttar Pradesh,Gautam Budh Nagar,Dadri,White Peas,Pulses,8.00,2900,3020,2950,22 Jun 2017
Uttar Pradesh,Gonda,Gonda,White Peas,Pulses,21.00,2750,2850,2820,22 Jun 2017
