Madhya Pradesh,Jabalpur,Jabalpur,Other,Pulses,9,1300,2076,2076,9-Jul-14
Madhya Pradesh,Jabalpur,Jabalpur,Other,Pulses,0.1,1500,1500,1500,12-Jul-14
Madhya Pradesh,Jabalpur,Jabalpur,Other,Pulses,0.9,1138,1990,1990,14-Jul-14
Madhya Pradesh,Jabalpur,Jabalpur,Other,Pulses,1.9,1971,2200,2101,16-Jul-14
Madhya Pradesh,Jabalpur,Jabalpur,Other,Pulses,0.7,1975,1975,1975,17-Jul-14
Madhya Pradesh,Jabalpur,Jabalpur,Other,Pulses,1.4,1301,2426,2251,21-Jul-14
Madhya Pradesh,Chhatarpur,LavKush Nagar(Laundi),Other,Pulses,15,2300,2500,2400,22-Jul-14
Madhya Pradesh,Jabalpur,Jabalpur,Other,Pulses,0.6,1201,2202,2011,23-Jul-14
Madhya Pradesh,Jabalpur,Jabalpur,Other,Pulses,0.9,1726,2100,2100,24-Jul-14
Madhya Pradesh,Ujjain,Ujjain,White Peas,Pulses,0.1,1410,1415,1413,24-Jul-14
Madhya Pradesh,Jabalpur,Jabalpur,Other,Pulses,1.5,2100,2602,2201,25-Jul-14
Madhya Pradesh,Jabalpur,Jabalpur,Other,Pulses,0.5,3250,3250,3250,28-Jul-14
Madhya Pradesh,Ujjain,Ujjain,Other,Pulses,0.6,1600,1985,1776,28-Jul-14
Madhya Pradesh,Jabalpur,Jabalpur,Other,Pulses,0.5,2401,2401,2401,30-Jul-14
Madhya Pradesh,Ujjain,Ujjain,White Peas,Pulses,1.9,2146,2300,2251,30-Jul-14
Madhya Pradesh,Jabalpur,Jabalpur,Other,Pulses,0.1,2300,2300,2300,31-Jul-14
Madhya Pradesh,Ujjain,Ujjain,White Peas,Pulses,0.5,1725,1981,1891,31-Jul-14
Madhya Pradesh,Ujjain,Ujjain,White Peas,Pulses,0.1,1975,1975,1975,5-Aug-14
Madhya Pradesh,Ujjain,Ujjain,White Peas,Pulses,0.1,1870,1870,1870,7-Aug-14
Madhya Pradesh,Ujjain,Ujjain,White Peas,Pulses,0.1,2760,2760,2760,9-Aug-14
Madhya Pradesh,Ujjain,Ujjain,White Peas,Pulses,0.5,1850,2130,2130,13-Aug-14
Madhya Pradesh,Jabalpur,Jabalpur,Other,Pulses,0.3,2050,2050,2050,14-Aug-14
Madhya Pradesh,Jabalpur,Jabalpur,Other,Pulses,2.6,1702,2503,2421,16-Aug-14
Madhya Pradesh,Ujjain,Ujjain,White Peas,Pulses,0.1,1399,1399,1399,16-Aug-14
Madhya Pradesh,Jabalpur,Jabalpur,Other,Pulses,0.6,1951,3400,3400,20-Aug-14
Madhya Pradesh,Ujjain,Ujjain,White Peas,Pulses,0.1,2480,2480,2480,20-Aug-14
Madhya Pradesh,Ujjain,Ujjain,White Peas,Pulses,0.4,2041,2430,2430,22-Aug-14
Madhya Pradesh,Jabalpur,Jabalpur,Other,Pulses,1.2,3301,3301,3301,26-Aug-14
Madhya Pradesh,Ujjain,Ujjain,White Peas,Pulses,0.2,1300,2401,2401,26-Aug-14
Madhya Pradesh,Ujjain,Ujjain,White Peas,Pulses,0.3,2155,2155,2155,27-Aug-14
Madhya Pradesh,Ujjain,Ujjain,White Peas,Pulses,0.4,2500,2500,2500,28-Aug-14
Madhya Pradesh,Jabalpur,Jabalpur,Other,Pulses,0.9,1221,3181,2631,30-Aug-14
Madhya Pradesh,Jabalpur,Jabalpur,Other,Pulses,0.1,2102,2102,2102,2-Sep-14
Madhya Pradesh,Jabalpur,Jabalpur,Other,Pulses,1.9,2012,2270,2270,5-Sep-14
Madhya Pradesh,Chhatarpur,LavKush Nagar(Laundi),Other,Pulses,19.1,2450,2550,2500,6-Sep-14
Madhya Pradesh,Chhatarpur,LavKush Nagar(Laundi),Other,Pulses,11.6,2350,2430,2400,7-Sep-14
Madhya Pradesh,Jabalpur,Jabalpur,Other,Pulses,0.5,1102,1600,1600,10-Sep-14
Madhya Pradesh,Jabalpur,Jabalpur,Other,Pulses,0.2,3000,3000,3000,11-Sep-14
Madhya Pradesh,Chhatarpur,LavKush Nagar(Laundi),Other,Pulses,6,2400,2500,2450,12-Sep-14
Madhya Pradesh,Jabalpur,Jabalpur,Other,Pulses,0.8,1200,2790,1795,15-Sep-14
Madhya Pradesh,Jabalpur,Jabalpur,Other,Pulses,1.7,1419,1970,1970,17-Sep-14
Madhya Pradesh,Chhatarpur,LavKush Nagar(Laundi),Other,Pulses,15,2450,2500,2475,18-Sep-14
Madhya Pradesh,Chhatarpur,LavKush Nagar(Laundi),Other,Pulses,6,2475,2500,2490,19-Sep-14
Madhya Pradesh,Jabalpur,Jabalpur,Other,Pulses,1.5,1102,2600,2428,19-Sep-14
Madhya Pradesh,Ujjain,Ujjain,White Peas,Pulses,0.4,2001,3101,2700,19-Sep-14
Madhya Pradesh,Chhatarpur,LavKush Nagar(Laundi),Other,Pulses,3,2475,2500,2490,21-Sep-14
Madhya Pradesh,Jabalpur,Jabalpur,Other,Pulses,0.2,1803,1803,1803,24-Sep-14
Madhya Pradesh,Jabalpur,Jabalpur,Other,Pulses,0.6,1600,1730,1730,25-Sep-14
Madhya Pradesh,Jabalpur,Jabalpur,Other,Pulses,0.1,3850,3850,3850,26-Sep-14
Madhya Pradesh,Ujjain,Ujjain,White Peas,Pulses,0.2,2166,2800,2800,27-Sep-14
Madhya Pradesh,Chhatarpur,LavKush Nagar(Laundi),Other,Pulses,2.4,2450,2500,2480,28-Sep-14
Madhya Pradesh,Jabalpur,Jabalpur,Other,Pulses,0.1,1325,1325,1325,30-Sep-14
Madhya Pradesh,Jabalpur,Jabalpur,Other,Pulses,0.7,4625,4871,4871,1-Oct-14
Madhya Pradesh,Jabalpur,Jabalpur,Other,Pulses,0.1,1207,1207,1207,7-Oct-14
Madhya Pradesh,Jabalpur,Jabalpur,Other,Pulses,0.7,2051,3001,3001,9-Oct-14
Madhya Pradesh,Jabalpur,Jabalpur,Other,Pulses,0.8,1200,1850,1850,10-Oct-14
Madhya Pradesh,Jabalpur,Jabalpur,Other,Pulses,0.4,1300,1300,1300,11-Oct-14
Madhya Pradesh,Jabalpur,Jabalpur,Other,Pulses,0.7,1926,1926,1926,14-Oct-14
Madhya Pradesh,Jabalpur,Jabalpur,Other,Pulses,0.6,1000,1000,1000,15-Oct-14
Madhya Pradesh,Jabalpur,Jabalpur,Other,Pulses,0.6,1900,3425,2750,16-Oct-14
Madhya Pradesh,Jabalpur,Jabalpur,Other,Pulses,0.2,1305,1305,1305,17-Oct-14
Madhya Pradesh,Jabalpur,Jabalpur,Other,Pulses,1,1000,2000,1500,18-Oct-14
Madhya Pradesh,Jabalpur,Jabalpur,Other,Pulses,0.2,2801,3200,3200,27-Oct-14
Madhya Pradesh,Jabalpur,Jabalpur,Other,Pulses,0.1,1480,1480,1480,28-Oct-14
Madhya Pradesh,Panna,Panna,Other,Pulses,4.5,2199,2486,2343,29-Oct-14
Madhya Pradesh,Panna,Panna,Other,Pulses,2.9,2290,2389,2340,30-Oct-14
Madhya Pradesh,Ujjain,Ujjain,White Peas,Pulses,0.3,1900,1900,1900,19-Dec-14
Madhya Pradesh,Mandla,Nainpur,Other,Pulses,25,1800,1800,1800,27-Feb-15
Madhya Pradesh,Mandla,Nainpur,Other,Pulses,67,1800,1900,1900,2-Mar-15
Madhya Pradesh,Panna,Panna,Other,Pulses,5.6,1319,1330,1325,9-Mar-15
Madhya Pradesh,Panna,Panna,Other,Pulses,14.9,2620,2900,2760,10-Mar-15
Madhya Pradesh,Panna,Panna,Other,Pulses,101,2630,2900,2750,11-Mar-15
Madhya Pradesh,Chhatarpur,LavKush Nagar(Laundi),Other,Pulses,25.2,1700,1885,1800,12-Mar-15
Madhya Pradesh,Panna,Panna,Other,Pulses,20,2567,2798,2683,12-Mar-15
Madhya Pradesh,Panna,Panna,Other,Pulses,19.7,2611,2750,2681,13-Mar-15
Madhya Pradesh,Chhatarpur,LavKush Nagar(Laundi),Other,Pulses,30,1700,1804,1750,14-Mar-15
Madhya Pradesh,Panna,Panna,Other,Pulses,19.9,2526,2670,2598,14-Mar-15
Madhya Pradesh,Chhatarpur,LavKush Nagar(Laundi),Other,Pulses,33.7,1800,1920,1900,15-Mar-15
Madhya Pradesh,Panna,Panna,Other,Pulses,17.7,2670,2750,2710,16-Mar-15
Madhya Pradesh,Jabalpur,Jabalpur,Other,Pulses,0.2,1700,1700,1700,17-Mar-15
Madhya Pradesh,Panna,Panna,Other,Pulses,8.4,2301,3009,2655,17-Mar-15
Madhya Pradesh,Chhatarpur,LavKush Nagar(Laundi),Other,Pulses,50,1750,1950,1850,19-Mar-15
Madhya Pradesh,Jabalpur,Jabalpur,Other,Pulses,1,1426,1426,1426,19-Mar-15
Madhya Pradesh,Ujjain,Ujjain,White Peas,Pulses,0.2,2949,3240,3240,19-Mar-15
Madhya Pradesh,Chhatarpur,LavKush Nagar(Laundi),Other,Pulses,1.8,1700,1950,1800,20-Mar-15
Madhya Pradesh,Dhar,Manawar,Other,Pulses,10,3000,3250,3100,20-Mar-15
Madhya Pradesh,Panna,Panna,Other,Pulses,14.5,2500,2700,2650,21-Mar-15
Madhya Pradesh,Panna,Panna,Other,Pulses,6.7,2550,2642,2600,22-Mar-15
Madhya Pradesh,Chhatarpur,LavKush Nagar(Laundi),Other,Pulses,18,1900,2072,2000,23-Mar-15
Madhya Pradesh,Panna,Panna,Other,Pulses,10.4,2400,2600,2500,23-Mar-15
Madhya Pradesh,Panna,Panna,Other,Pulses,1.6,2099,2577,2338,24-Mar-15
Madhya Pradesh,Chhatarpur,LavKush Nagar(Laundi),Other,Pulses,8.3,1850,1910,1900,25-Mar-15
Madhya Pradesh,Jabalpur,Jabalpur,Other,Pulses,0.1,1000,1000,1000,25-Mar-15
Madhya Pradesh,Panna,Panna,Other,Pulses,11.8,2260,2400,2330,25-Mar-15
Madhya Pradesh,Chhatarpur,LavKush Nagar(Laundi),Other,Pulses,5.6,1900,2133,2000,26-Mar-15
Madhya Pradesh,Jabalpur,Jabalpur,Other,Pulses,0.4,1901,1901,1901,26-Mar-15
Madhya Pradesh,Panna,Panna,Other,Pulses,31.5,2340,2465,2400,26-Mar-15
Madhya Pradesh,Chhatarpur,LavKush Nagar(Laundi),Other,Pulses,53,2000,2200,2100,27-Mar-15
Madhya Pradesh,Panna,Panna,Other,Pulses,8.3,2351,2546,2449,27-Mar-15
Madhya Pradesh,Dhar,Manawar,Other,Pulses,5,4200,4225,4210,28-Mar-15
Madhya Pradesh,Panna,Panna,Other,Pulses,5.3,2090,2462,2276,28-Mar-15
Madhya Pradesh,Panna,Panna,Other,Pulses,2,2000,2089,2044,30-Mar-15
Madhya Pradesh,Ujjain,Ujjain,White Peas,Pulses,0.2,2901,2901,2901,19-May-15
Madhya Pradesh,Panna,Panna,Other,Pulses,4,2500,2500,2500,1-Jul-15
Madhya Pradesh,Chhatarpur,LavKush Nagar(Laundi),Other,Pulses,1.6,2150,2270,2175,2-Jul-15
Madhya Pradesh,Panna,Panna,Other,Pulses,9.1,2500,3686,3093,2-Jul-15
Madhya Pradesh,Chhatarpur,LavKush Nagar(Laundi),Other,Pulses,1,2180,2180,2180,3-Jul-15
Madhya Pradesh,Chhatarpur,LavKush Nagar(Laundi),White Peas,Pulses,7.1,2150,2225,2190,4-Jul-15
Madhya Pradesh,Chhatarpur,LavKush Nagar(Laundi),White Peas,Pulses,7.1,2200,2250,2225,6-Jul-15
Madhya Pradesh,Chhatarpur,LavKush Nagar(Laundi),Other,Pulses,10.1,2155,2275,2215,7-Jul-15
Madhya Pradesh,Chhatarpur,LavKush Nagar(Laundi),Other,Pulses,21,2075,2275,2175,8-Jul-15
Madhya Pradesh,Panna,Panna,Other,Pulses,0.5,2840,2840,2840,8-Jul-15
Madhya Pradesh,Ujjain,Ujjain,Other,Pulses,0.3,2401,2900,2761,8-Jul-15
Madhya Pradesh,Jabalpur,Jabalpur,Other,Pulses,0.6,2171,2171,2171,9-Jul-15
Madhya Pradesh,Panna,Panna,Other,Pulses,1.2,2700,2890,2795,9-Jul-15
Madhya Pradesh,Ujjain,Ujjain,White Peas,Pulses,0.3,2370,3201,2790,9-Jul-15
Madhya Pradesh,Panna,Panna,Other,Pulses,1.2,2750,2800,2775,10-Jul-15
Madhya Pradesh,Panna,Panna,Other,Pulses,3,2500,2600,2550,11-Jul-15
Madhya Pradesh,Panna,Panna,Other,Pulses,3,2500,2500,2500,12-Jul-15
Madhya Pradesh,Chhatarpur,LavKush Nagar(Laundi),Other,Pulses,2.5,2250,2295,2270,13-Jul-15
Madhya Pradesh,Panna,Panna,Other,Pulses,3.5,3000,3000,3000,13-Jul-15
Madhya Pradesh,Chhatarpur,LavKush Nagar(Laundi),Other,Pulses,1.9,2275,2280,2278,14-Jul-15
Madhya Pradesh,Ujjain,Ujjain,White Peas,Pulses,0.3,2400,3861,3651,14-Jul-15
Madhya Pradesh,Chhatarpur,LavKush Nagar(Laundi),Other,Pulses,16,2050,2250,2150,15-Jul-15
Madhya Pradesh,Chhatarpur,LavKush Nagar(Laundi),Other,Pulses,16.5,2200,2305,2250,16-Jul-15
Madhya Pradesh,Chhatarpur,LavKush Nagar(Laundi),Other,Pulses,6.5,2230,2230,2230,17-Jul-15
Madhya Pradesh,Chhatarpur,LavKush Nagar(Laundi),Other,Pulses,3,2240,2300,2270,18-Jul-15
Madhya Pradesh,Chhatarpur,LavKush Nagar(Laundi),Other,Pulses,8,2105,2340,2210,20-Jul-15
Madhya Pradesh,Panna,Panna,Other,Pulses,2.8,2790,2790,2790,20-Jul-15
Madhya Pradesh,Chhatarpur,LavKush Nagar(Laundi),Other,Pulses,10.2,2100,2375,2235,22-Jul-15
Madhya Pradesh,Panna,Panna,Other,Pulses,2.5,2800,3000,2900,22-Jul-15
Madhya Pradesh,Chhatarpur,LavKush Nagar(Laundi),Other,Pulses,20,2000,2350,2175,23-Jul-15
Madhya Pradesh,Panna,Panna,Other,Pulses,2.5,2800,3000,2900,23-Jul-15
Madhya Pradesh,Chhatarpur,LavKush Nagar(Laundi),White Peas,Pulses,3,2250,2300,2275,24-Jul-15
Madhya Pradesh,Panna,Panna,Other,Pulses,3.2,2800,2900,2850,24-Jul-15
Madhya Pradesh,Chhatarpur,LavKush Nagar(Laundi),Other,Pulses,2,2050,2050,2050,25-Jul-15
Madhya Pradesh,Panna,Panna,Other,Pulses,2.4,2900,3000,2950,25-Jul-15
Madhya Pradesh,Chhatarpur,LavKush Nagar(Laundi),Other,Pulses,19.3,2200,2325,2260,27-Jul-15
Madhya Pradesh,Panna,Panna,Other,Pulses,2.4,2900,3100,3000,27-Jul-15
Madhya Pradesh,Chhatarpur,LavKush Nagar(Laundi),Other,Pulses,2.1,2250,2275,2260,28-Jul-15
Madhya Pradesh,Ujjain,Ujjain,White Peas,Pulses,0.2,2252,2800,2800,28-Jul-15
Madhya Pradesh,Chhatarpur,LavKush Nagar(Laundi),Other,Pulses,19.8,2210,2275,2240,29-Jul-15
Madhya Pradesh,Panna,Panna,Other,Pulses,9.5,2600,3000,2800,29-Jul-15
Madhya Pradesh,Chhatarpur,LavKush Nagar(Laundi),Other,Pulses,11,2150,2280,2215,30-Jul-15
Madhya Pradesh,Panna,Panna,Other,Pulses,8.1,2950,3000,2975,30-Jul-15
Madhya Pradesh,Chhatarpur,LavKush Nagar(Laundi),Other,Pulses,5,2100,0,0,31-Jul-15
Madhya Pradesh,Chhatarpur,LavKush Nagar(Laundi),White Peas,Pulses,5,0,2100,2100,31-Jul-15
Madhya Pradesh,Panna,Panna,Other,Pulses,1.5,3050,3100,3075,31-Jul-15
Madhya Pradesh,Chhatarpur,LavKush Nagar(Laundi),Other,Pulses,5.4,2050,2300,2175,1-Aug-15
Madhya Pradesh,Panna,Panna,Other,Pulses,0.5,3050,3050,3050,1-Aug-15
Madhya Pradesh,Panna,Panna,Other,Pulses,1.4,2900,2950,2925,2-Aug-15
Madhya Pradesh,Chhatarpur,LavKush Nagar(Laundi),Other,Pulses,6.5,2150,2275,2210,3-Aug-15
Madhya Pradesh,Panna,Panna,Other,Pulses,0.5,2944,2944,2944,3-Aug-15
Madhya Pradesh,Chhatarpur,LavKush Nagar(Laundi),Other,Pulses,25.3,1995,2340,2160,4-Aug-15
Madhya Pradesh,Panna,Panna,Other,Pulses,2.6,2702,2702,2702,4-Aug-15
Madhya Pradesh,Panna,Panna,Other,Pulses,2,2913,3177,3045,5-Aug-15
Madhya Pradesh,Chhatarpur,LavKush Nagar(Laundi),Other,Pulses,15,2150,2325,2235,6-Aug-15
Madhya Pradesh,Panna,Panna,Other,Pulses,1,3000,3007,3004,6-Aug-15
Madhya Pradesh,Chhatarpur,LavKush Nagar(Laundi),White Peas,Pulses,2.2,2300,2300,2300,10-Aug-15
Madhya Pradesh,Chhatarpur,LavKush Nagar(Laundi),Other,Pulses,13.8,2050,2300,2175,11-Aug-15
Madhya Pradesh,Chhatarpur,LavKush Nagar(Laundi),Other,Pulses,13.2,2060,2300,2180,12-Aug-15
Madhya Pradesh,Chhatarpur,LavKush Nagar(Laundi),Other,Pulses,6.5,2000,2200,2100,13-Aug-15
Madhya Pradesh,Panna,Panna,Other,Pulses,1,3300,3300,3300,13-Aug-15
Madhya Pradesh,Ujjain,Ujjain,White Peas,Pulses,0.2,1651,4200,4200,13-Aug-15
Madhya Pradesh,Chhatarpur,LavKush Nagar(Laundi),Other,Pulses,5,2150,2160,2155,14-Aug-15
Madhya Pradesh,Panna,Panna,Other,Pulses,4.9,3300,3375,3338,14-Aug-15
Madhya Pradesh,Panna,Panna,Other,Pulses,4.2,3276,3500,3388,16-Aug-15
Madhya Pradesh,Chhatarpur,LavKush Nagar(Laundi),Other,Pulses,5,2050,2250,2150,17-Aug-15
Madhya Pradesh,Chhatarpur,Rajnagar,White Peas,Pulses,180,2000,2200,2100,17-Aug-15
Madhya Pradesh,Jabalpur,Jabalpur,Other,Pulses,0.4,1400,1400,1400,17-Aug-15
Madhya Pradesh,Chhatarpur,LavKush Nagar(Laundi),Other,Pulses,27.2,1975,2130,2050,18-Aug-15
Madhya Pradesh,Chhatarpur,LavKush Nagar(Laundi),Other,Pulses,31,2025,2250,2135,19-Aug-15
Madhya Pradesh,Chhatarpur,Rajnagar,White Peas,Pulses,180,2000,2200,2100,19-Aug-15
Madhya Pradesh,Panna,Panna,Other,Pulses,4.7,3200,3800,3500,19-Aug-15
Madhya Pradesh,Chhatarpur,LavKush Nagar(Laundi),Other,Pulses,22.5,2050,2150,2100,20-Aug-15
Madhya Pradesh,Ujjain,Ujjain,White Peas,Pulses,0.3,2450,3011,3011,20-Aug-15
Madhya Pradesh,Chhatarpur,LavKush Nagar(Laundi),Other,Pulses,16.8,2100,2500,2300,21-Aug-15
Madhya Pradesh,Chhatarpur,LavKush Nagar(Laundi),Other,Pulses,27,2140,2500,2300,22-Aug-15
Madhya Pradesh,Jabalpur,Jabalpur,Other,Pulses,3.5,2200,2200,2200,22-Aug-15
Madhya Pradesh,Ujjain,Ujjain,White Peas,Pulses,0.4,1651,3101,3101,22-Aug-15
Madhya Pradesh,Chhatarpur,LavKush Nagar(Laundi),Other,Pulses,9.9,2075,2350,2210,26-Aug-15
Madhya Pradesh,Panna,Panna,Other,Pulses,1.2,3500,3600,3550,26-Aug-15
Madhya Pradesh,Chhatarpur,LavKush Nagar(Laundi),Other,Pulses,6,2000,2200,2100,27-Aug-15
Madhya Pradesh,Panna,Panna,Other,Pulses,7.1,3500,3600,3550,27-Aug-15
Madhya Pradesh,Panna,Panna,Other,Pulses,6,3500,3550,3525,31-Aug-15
Madhya Pradesh,Chhatarpur,LavKush Nagar(Laundi),Other,Pulses,12,2005,2210,2105,1-Sep-15
Madhya Pradesh,Jabalpur,Jabalpur,Other,Pulses,0.8,2200,2200,2200,1-Sep-15
Madhya Pradesh,Chhatarpur,LavKush Nagar(Laundi),Other,Pulses,3.8,2100,2150,2125,2-Sep-15
Madhya Pradesh,Chhatarpur,LavKush Nagar(Laundi),Other,Pulses,9,2075,2200,2135,3-Sep-15
Madhya Pradesh,Panna,Panna,Other,Pulses,0.9,3000,3622,3311,3-Sep-15
Madhya Pradesh,Chhatarpur,LavKush Nagar(Laundi),Other,Pulses,8,2150,2220,2185,4-Sep-15
Madhya Pradesh,Panna,Panna,Other,Pulses,1,3000,3492,3246,4-Sep-15
Madhya Pradesh,Panna,Panna,Other,Pulses,9.2,3590,3640,3615,6-Sep-15
Madhya Pradesh,Chhatarpur,LavKush Nagar(Laundi),Other,Pulses,4.9,2205,2246,2220,7-Sep-15
Madhya Pradesh,Jabalpur,Jabalpur,Other,Pulses,0.3,1250,1250,1250,7-Sep-15
Madhya Pradesh,Panna,Panna,Other,Pulses,1,3700,3700,3700,7-Sep-15
Madhya Pradesh,Chhatarpur,LavKush Nagar(Laundi),Other,Pulses,6.5,2150,2210,2180,8-Sep-15
Madhya Pradesh,Panna,Panna,Other,Pulses,1.2,3590,3640,3615,9-Sep-15
Madhya Pradesh,Chhatarpur,LavKush Nagar(Laundi),Other,Pulses,2,2075,2130,2100,11-Sep-15
Madhya Pradesh,Chhatarpur,LavKush Nagar(Laundi),Other,Pulses,2,2005,2100,2050,14-Sep-15
Madhya Pradesh,Chhatarpur,LavKush Nagar(Laundi),Other,Pulses,10.5,2225,2250,2235,15-Sep-15
Madhya Pradesh,Ujjain,Ujjain,Other,Pulses,0.1,5225,5225,5225,15-Sep-15
Madhya Pradesh,Chhatarpur,LavKush Nagar(Laundi),Other,Pulses,2.8,2230,2230,2230,19-Sep-15
Madhya Pradesh,Panna,Panna,Other,Pulses,0.6,3400,3400,3400,19-Sep-15
Madhya Pradesh,Ujjain,Ujjain,White Peas,Pulses,0.2,4060,4060,4060,19-Sep-15
Madhya Pradesh,Chhatarpur,LavKush Nagar(Laundi),Other,Pulses,35,2080,2340,2210,24-Sep-15
Madhya Pradesh,Panna,Panna,Other,Pulses,0.5,3492,3492,3492,24-Sep-15
Madhya Pradesh,Chhatarpur,LavKush Nagar(Laundi),Other,Pulses,26.4,2150,2305,2225,25-Sep-15
Madhya Pradesh,Panna,Panna,Other,Pulses,0.5,3441,3441,3441,26-Sep-15
Madhya Pradesh,Chhatarpur,LavKush Nagar(Laundi),Other,Pulses,15.8,2075,2205,2140,28-Sep-15
Madhya Pradesh,Chhatarpur,LavKush Nagar(Laundi),Other,Pulses,13.5,2095,2210,2150,29-Sep-15
Madhya Pradesh,Panna,Panna,Other,Pulses,0.5,3511,3511,3511,30-Sep-15
Madhya Pradesh,Ujjain,Ujjain,Other,Pulses,0.2,4800,0,4800,30-Sep-15
Madhya Pradesh,Chhatarpur,LavKush Nagar(Laundi),Other,Pulses,6.5,2110,2125,2115,1-Oct-15
Madhya Pradesh,Ujjain,Ujjain,White Peas,Pulses,0.7,1251,4201,4201,1-Oct-15
Madhya Pradesh,Ujjain,Ujjain,White Peas,Pulses,0.4,2500,5000,5000,3-Oct-15
Madhya Pradesh,Chhatarpur,LavKush Nagar(Laundi),Other,Pulses,20,2095,2105,2100,5-Oct-15
Madhya Pradesh,Ujjain,Ujjain,White Peas,Pulses,0.4,2660,6701,3600,5-Oct-15
Madhya Pradesh,Ujjain,Ujjain,White Peas,Pulses,0.5,1801,3601,3301,6-Oct-15
Madhya Pradesh,Chhatarpur,LavKush Nagar(Laundi),Other,Pulses,19,2110,2210,2160,8-Oct-15
Madhya Pradesh,Ujjain,Ujjain,White Peas,Pulses,0.4,4325,6000,4925,8-Oct-15
Madhya Pradesh,Ujjain,Ujjain,White Peas,Pulses,0.2,2600,4300,4300,9-Oct-15
Madhya Pradesh,Chhatarpur,LavKush Nagar(Laundi),Other,Pulses,25.5,2110,2310,2210,10-Oct-15
Madhya Pradesh,Ujjain,Ujjain,White Peas,Pulses,0.7,2780,7700,6801,10-Oct-15
Madhya Pradesh,Chhatarpur,LavKush Nagar(Laundi),Other,Pulses,5,2120,2150,2135,13-Oct-15
Madhya Pradesh,Ujjain,Ujjain,White Peas,Pulses,0.5,2700,6052,3201,13-Oct-15
Madhya Pradesh,Chhatarpur,LavKush Nagar(Laundi),Other,Pulses,1,2190,2190,2190,14-Oct-15
Madhya Pradesh,Ujjain,Ujjain,White Peas,Pulses,0.1,3200,0,3200,14-Oct-15
Madhya Pradesh,Chhatarpur,LavKush Nagar(Laundi),Other,Pulses,6,2125,2125,2125,15-Oct-15
Madhya Pradesh,Ujjain,Ujjain,White Peas,Pulses,0.3,2401,7899,2800,15-Oct-15
Madhya Pradesh,Ujjain,Ujjain,White Peas,Pulses,0.1,3701,0,3701,16-Oct-15
Madhya Pradesh,Chhatarpur,LavKush Nagar(Laundi),Other,Pulses,13.7,2200,2400,2300,17-Oct-15
Madhya Pradesh,Ujjain,Ujjain,White Peas,Pulses,0.4,4501,6300,5950,19-Oct-15
Madhya Pradesh,Chhatarpur,LavKush Nagar(Laundi),Other,Pulses,2.2,2350,2360,2355,20-Oct-15
Madhya Pradesh,Ujjain,Ujjain,White Peas,Pulses,0.2,2000,5900,5900,20-Oct-15
Madhya Pradesh,Jabalpur,Jabalpur,Other,Pulses,0.1,6300,6300,6300,23-Oct-15
Madhya Pradesh,Panna,Panna,Other,Pulses,7,4511,4524,4518,23-Oct-15
Madhya Pradesh,Ujjain,Ujjain,White Peas,Pulses,0.2,3401,6862,6862,26-Oct-15
Madhya Pradesh,Ujjain,Ujjain,White Peas,Pulses,0.4,3261,3601,3601,28-Oct-15
Madhya Pradesh,Ujjain,Ujjain,White Peas,Pulses,0.3,4000,6100,4550,29-Oct-15
Madhya Pradesh,Chhatarpur,LavKush Nagar(Laundi),Other,Pulses,3,2200,2200,2200,31-Oct-15
Madhya Pradesh,Panna,Panna,Other,Pulses,1,3500,3500,3500,1-Feb-16
Madhya Pradesh,Panna,Panna,Other,Pulses,5,3300,3500,3400,3-Feb-16
Madhya Pradesh,Panna,Panna,Other,Pulses,0.5,3200,3300,3250,4-Feb-16
Madhya Pradesh,Panna,Panna,Other,Pulses,1.2,3200,3350,3275,5-Feb-16
Madhya Pradesh,Panna,Panna,Other,Pulses,7.4,3000,3536,3268,6-Feb-16
Madhya Pradesh,Panna,Panna,Other,Pulses,5,3252,3536,3339,7-Feb-16
Madhya Pradesh,Panna,Panna,Other,Pulses,7.8,3300,3461,3381,8-Feb-16
Madhya Pradesh,Chhatarpur,LavKush Nagar(Laundi),Other,Pulses,23.5,2095,2115,2105,9-Feb-16
Madhya Pradesh,Panna,Panna,Other,Pulses,16.2,3500,3525,3513,10-Feb-16
Madhya Pradesh,Chhatarpur,LavKush Nagar(Laundi),Other,Pulses,4.7,2105,2120,2113,11-Feb-16
Madhya Pradesh,Panna,Panna,Other,Pulses,8.3,3000,3580,3290,11-Feb-16
Madhya Pradesh,Chhatarpur,LavKush Nagar(Laundi),Other,Pulses,6.7,2120,2125,2123,12-Feb-16
Madhya Pradesh,Panna,Panna,Other,Pulses,14.5,3480,3560,3520,12-Feb-16
Madhya Pradesh,Panna,Panna,Other,Pulses,2.5,3400,3500,3450,13-Feb-16
Madhya Pradesh,Panna,Panna,Other,Pulses,9,3500,3580,3540,14-Feb-16
Madhya Pradesh,Panna,Panna,Other,Pulses,2.3,3560,3570,3565,15-Feb-16
Madhya Pradesh,Panna,Panna,Other,Pulses,19.3,3550,3600,3575,17-Feb-16
Madhya Pradesh,Chhatarpur,LavKush Nagar(Laundi),Other,Pulses,32.5,2150,2210,2180,18-Feb-16
Madhya Pradesh,Panna,Panna,Other,Pulses,22.5,3590,3600,3595,18-Feb-16
Madhya Pradesh,Chhatarpur,LavKush Nagar(Laundi),Other,Pulses,8.5,2205,2225,2215,19-Feb-16
Madhya Pradesh,Ujjain,Ujjain,White Peas,Pulses,0.3,3199,4913,4913,19-Feb-16
Madhya Pradesh,Panna,Panna,Other,Pulses,19.9,3500,3600,3550,20-Feb-16
Madhya Pradesh,Seoni,Ghansour,Other,Pulses,30,2400,2400,2400,20-Feb-16
Madhya Pradesh,Panna,Panna,Other,Pulses,3.5,3500,3600,3550,21-Feb-16
Madhya Pradesh,Panna,Panna,Other,Pulses,2,3596,3600,3598,22-Feb-16
Madhya Pradesh,Panna,Panna,Other,Pulses,10,3200,3350,3275,23-Feb-16
Madhya Pradesh,Panna,Panna,Other,Pulses,13.2,3300,3400,3350,24-Feb-16
Madhya Pradesh,Narsinghpur,Gotegaon,Other,Pulses,38,3800,3800,3800,25-Feb-16
Madhya Pradesh,Panna,Panna,Other,Pulses,9.3,3300,3450,3375,25-Feb-16
Madhya Pradesh,Panna,Panna,Other,Pulses,4,3400,3450,3425,26-Feb-16
Madhya Pradesh,Panna,Panna,Other,Pulses,15.4,3300,3425,3363,27-Feb-16
Madhya Pradesh,Panna,Panna,Other,Pulses,18.9,3370,3400,3385,28-Feb-16
Madhya Pradesh,Chhatarpur,LavKush Nagar(Laundi),Other,Pulses,2,2205,2205,2205,1-Mar-16
Madhya Pradesh,Panna,Panna,Other,Pulses,19.3,3350,3400,3375,1-Mar-16
Madhya Pradesh,Panna,Panna,Other,Pulses,26,2975,3363,3169,2-Mar-16
Madhya Pradesh,Panna,Panna,Other,Pulses,50.4,3250,3310,3280,3-Mar-16
Madhya Pradesh,Jabalpur,Jabalpur,Other,Pulses,4.4,1301,2251,2000,4-Mar-16
Madhya Pradesh,Narsinghpur,Gotegaon,Other,Pulses,40,3800,3800,3800,4-Mar-16
Madhya Pradesh,Panna,Panna,Other,Pulses,28.3,3200,3240,3220,4-Mar-16
Madhya Pradesh,Jabalpur,Jabalpur,Other,Pulses,14.4,2056,2501,2250,5-Mar-16
Madhya Pradesh,Panna,Panna,Other,Pulses,34.1,3200,3215,3208,5-Mar-16
Madhya Pradesh,Panna,Panna,Other,Pulses,15.7,3220,3290,3255,6-Mar-16
Madhya Pradesh,Panna,Panna,Other,Pulses,14.9,3192,3349,3271,7-Mar-16
Madhya Pradesh,Jabalpur,Jabalpur,Other,Pulses,26.4,1255,2522,2301,8-Mar-16
Madhya Pradesh,Jabalpur,Jabalpur,Other,Pulses,5.7,2075,2150,2150,9-Mar-16
Madhya Pradesh,Panna,Panna,Other,Pulses,17.3,3300,3400,3350,9-Mar-16
Madhya Pradesh,Panna,Panna,Other,Pulses,18,3100,3200,3150,10-Mar-16
Madhya Pradesh,Chhatarpur,LavKush Nagar(Laundi),Other,Pulses,1,2400,2400,2400,11-Mar-16
Madhya Pradesh,Panna,Panna,Other,Pulses,12.8,3300,3475,3388,11-Mar-16
Madhya Pradesh,Panna,Panna,Other,Pulses,19.1,3400,3500,3450,12-Mar-16
Madhya Pradesh,Panna,Panna,Other,Pulses,22.6,3400,3500,3450,13-Mar-16
Madhya Pradesh,Panna,Panna,Other,Pulses,41.3,3400,3600,3500,14-Mar-16
Madhya Pradesh,Jabalpur,Jabalpur,Other,Pulses,2.2,2501,2650,2650,15-Mar-16
Madhya Pradesh,Panna,Panna,Other,Pulses,18,3300,3580,3440,15-Mar-16
Madhya Pradesh,Jabalpur,Jabalpur,Other,Pulses,2,2371,2581,2450,16-Mar-16
Madhya Pradesh,Panna,Panna,Other,Pulses,10.8,3500,3550,3525,16-Mar-16
Madhya Pradesh,Jabalpur,Jabalpur,Other,Pulses,4.1,2335,3000,2600,17-Mar-16
Madhya Pradesh,Panna,Panna,Other,Pulses,22.6,3400,3500,3450,17-Mar-16
Madhya Pradesh,Dhar,Manawar,Other,Pulses,15,4200,4250,4225,18-Mar-16
Madhya Pradesh,Jabalpur,Jabalpur,Other,Pulses,8.2,2208,2625,2515,18-Mar-16
Madhya Pradesh,Ujjain,Ujjain,White Peas,Pulses,0.2,1951,1951,1951,19-Mar-16
Madhya Pradesh,Jabalpur,Jabalpur,Other,Pulses,10.5,2200,2621,2482,21-Mar-16
Madhya Pradesh,Jabalpur,Jabalpur,Other,Pulses,1,2401,2401,2401,22-Mar-16
Madhya Pradesh,Chhatarpur,LavKush Nagar(Laundi),Other,Pulses,10,2375,2450,2412,25-Mar-16
Madhya Pradesh,Chhatarpur,LavKush Nagar(Laundi),Other,Pulses,6.9,2400,2450,2425,26-Mar-16
Madhya Pradesh,Dhar,Manawar,Other,Pulses,15,4400,4400,4400,26-Mar-16
Madhya Pradesh,Panna,Panna,Other,Pulses,6,3300,3500,3400,26-Mar-16
Madhya Pradesh,Panna,Panna,Other,Pulses,5.1,3300,3450,3375,27-Mar-16
Madhya Pradesh,Jabalpur,Jabalpur,Other,Pulses,2.2,2400,2751,2701,28-Mar-16
Madhya Pradesh,Panna,Panna,Other,Pulses,19.1,3300,3500,3400,28-Mar-16
Madhya Pradesh,Chhatarpur,LavKush Nagar(Laundi),Other,Pulses,4.5,2500,2500,2500,29-Mar-16
Madhya Pradesh,Chhatarpur,LavKush Nagar(Laundi),Other,Pulses,43.5,2400,2700,2550,30-Mar-16
Madhya Pradesh,Jabalpur,Jabalpur,Other,Pulses,7.9,2400,2547,2500,30-Mar-16
Madhya Pradesh,Panna,Panna,Other,Pulses,12.8,3350,3550,3450,30-Mar-16
Madhya Pradesh,Chhatarpur,LavKush Nagar(Laundi),Other,Pulses,17,2455,2700,2478,31-Mar-16
Madhya Pradesh,Panna,Panna,Other,Pulses,20,3600,3700,3650,31-Mar-16
Madhya Pradesh,Narsinghpur,Gotegaon,Other,Pulses,8,4100,4100,4100,2-Apr-16
Madhya Pradesh,Chhatarpur,LavKush Nagar(Laundi),Other,Pulses,5,2720,2800,2750,3-Apr-16
Madhya Pradesh,Chhatarpur,LavKush Nagar(Laundi),Other,Pulses,8.5,2650,2805,2710,4-Apr-16
Madhya Pradesh,Narsinghpur,Gotegaon,Other,Pulses,7,4000,4101,4000,4-Apr-16
Madhya Pradesh,Narsinghpur,Gotegaon,Other,Pulses,13,3800,3850,3825,5-Apr-16
Madhya Pradesh,Chhatarpur,LavKush Nagar(Laundi),Other,Pulses,15,2650,2845,2720,6-Apr-16
Madhya Pradesh,Narsinghpur,Gotegaon,Other,Pulses,4,3800,4025,3900,6-Apr-16
Madhya Pradesh,Panna,Panna,Other,Pulses,2.7,3500,4000,3550,6-Apr-16
Madhya Pradesh,Jabalpur,Jabalpur,Other,Pulses,0.3,2450,2450,2450,7-Apr-16
Madhya Pradesh,Narsinghpur,Gotegaon,Other,Pulses,13,4100,4300,4200,7-Apr-16
Madhya Pradesh,Panna,Panna,Other,Pulses,1.5,3600,4000,3800,7-Apr-16
Madhya Pradesh,Jabalpur,Jabalpur,Other,Pulses,0.9,1500,2001,2001,8-Apr-16
Madhya Pradesh,Panna,Panna,Other,Pulses,3.6,3400,4000,3600,8-Apr-16
Madhya Pradesh,Panna,Panna,Other,Pulses,33.9,3400,3960,3680,9-Apr-16
Madhya Pradesh,Panna,Panna,Other,Pulses,17.5,3000,4060,3530,10-Apr-16
Madhya Pradesh,Jabalpur,Jabalpur,Other,Pulses,1.9,2100,2499,2499,11-Apr-16
Madhya Pradesh,Panna,Panna,Other,Pulses,10.4,3900,4000,3950,11-Apr-16
Madhya Pradesh,Panna,Panna,Other,Pulses,7,3710,3715,3713,12-Apr-16
Madhya Pradesh,Narsinghpur,Gotegaon,Other,Pulses,14,3800,4100,3950,13-Apr-16
Madhya Pradesh,Panna,Panna,Other,Pulses,11.4,3900,4014,3957,13-Apr-16
Madhya Pradesh,Mandla,Nainpur,Other,Pulses,"2,455.00",1525,1525,1525,14-Apr-16
Madhya Pradesh,Narsinghpur,Gotegaon,Other,Pulses,26,4000,4605,4400,14-Apr-16
Madhya Pradesh,Panna,Panna,Other,Pulses,12.4,3616,4541,4079,14-Apr-16
Madhya Pradesh,Mandla,Nainpur,Other,Pulses,569,1525,1525,1525,15-Apr-16
Madhya Pradesh,Narsinghpur,Gotegaon,Other,Pulses,6,4000,4000,4000,16-Apr-16
Madhya Pradesh,Panna,Panna,Other,Pulses,12.8,3650,3950,3800,16-Apr-16
Madhya Pradesh,Panna,Panna,Other,Pulses,5,4200,4680,4440,17-Apr-16
Madhya Pradesh,Jabalpur,Jabalpur,Other,Pulses,1.7,2100,2600,2600,18-Apr-16
Madhya Pradesh,Narsinghpur,Gotegaon,Other,Pulses,35,4350,4500,4400,18-Apr-16
Madhya Pradesh,Panna,Panna,Other,Pulses,18.7,3500,4450,3975,18-Apr-16
Madhya Pradesh,Panna,Panna,Other,Pulses,4.8,4016,4200,4108,20-Apr-16
Madhya Pradesh,Jabalpur,Jabalpur,Other,Pulses,0.8,2511,2511,2511,21-Apr-16
Madhya Pradesh,Panna,Panna,Other,Pulses,3,3999,4110,4050,21-Apr-16
Madhya Pradesh,Panna,Panna,Other,Pulses,1.7,4099,4131,4100,22-Apr-16
Madhya Pradesh,Panna,Panna,Other,Pulses,1.6,4281,4281,4281,23-Apr-16
Madhya Pradesh,Panna,Panna,Other,Pulses,1,4110,4237,4199,24-Apr-16
Madhya Pradesh,Jabalpur,Jabalpur,Other,Pulses,0.8,2200,2200,2200,25-Apr-16
Madhya Pradesh,Narsinghpur,Gotegaon,Other,Pulses,3,4330,4330,4330,25-Apr-16
Madhya Pradesh,Panna,Panna,Other,Pulses,2.6,4082,4186,4110,25-Apr-16
Madhya Pradesh,Narsinghpur,Gotegaon,Other,Pulses,8,4325,4351,4330,26-Apr-16
Madhya Pradesh,Raisen,Udaipura,Other,Pulses,11,4000,4175,4100,26-Apr-16
Madhya Pradesh,Narsinghpur,Gotegaon,Other,Pulses,3,4000,4100,4000,27-Apr-16
Madhya Pradesh,Panna,Panna,Other,Pulses,7.6,1469,1476,1472,27-Apr-16
Madhya Pradesh,Raisen,Udaipura,Other,Pulses,13,3660,3800,3700,27-Apr-16
Madhya Pradesh,Chhatarpur,LavKush Nagar(Laundi),Other,Pulses,20,2500,2940,2650,28-Apr-16
Madhya Pradesh,Panna,Panna,Other,Pulses,1,3900,4000,3950,28-Apr-16
Madhya Pradesh,Raisen,Udaipura,Other,Pulses,10,3600,4050,3800,28-Apr-16
Madhya Pradesh,Raisen,Udaipura,Other,Pulses,4,4000,4000,4000,29-Apr-16
Madhya Pradesh,Chhatarpur,LavKush Nagar(Laundi),Other,Pulses,40,2450,2780,2530,30-Apr-16
Madhya Pradesh,Raisen,Udaipura,Other,Pulses,9,4050,4440,4250,30-Apr-16
Madhya Pradesh,Narsinghpur,Gotegaon,Other,Pulses,7,4400,4425,4400,3-May-16
Madhya Pradesh,Narsinghpur,Gotegaon,Other,Pulses,15,4000,4000,4000,5-May-16
Madhya Pradesh,Panna,Panna,Other,Pulses,7.9,3702,3751,3714,10-May-16
Madhya Pradesh,Raisen,Udaipura,Other,Pulses,32,4200,4480,4300,10-May-16
Madhya Pradesh,Narsinghpur,Gotegaon,Other,Pulses,3,4110,4110,4110,11-May-16
Madhya Pradesh,Panna,Panna,Other,Pulses,22.5,3810,4141,4011,11-May-16
Madhya Pradesh,Raisen,Udaipura,Other,Pulses,64,4000,4450,4200,11-May-16
Madhya Pradesh,Jabalpur,Jabalpur,Other,Pulses,1.6,2591,2591,2591,12-May-16
Madhya Pradesh,Narsinghpur,Gotegaon,Other,Pulses,1,4085,4085,4085,12-May-16
Madhya Pradesh,Panna,Panna,Other,Pulses,24.3,3810,4050,3910,12-May-16
Madhya Pradesh,Raisen,Udaipura,Other,Pulses,42,4000,4445,4200,12-May-16
Madhya Pradesh,Raisen,Udaipura,Other,Pulses,30,4000,4350,4200,13-May-16
Madhya Pradesh,Narsinghpur,Gotegaon,Other,Pulses,17,4251,4600,4300,16-May-16
Madhya Pradesh,Jabalpur,Jabalpur,Other,Pulses,0.4,1800,1800,1800,17-May-16
Madhya Pradesh,Narsinghpur,Gotegaon,Other,Pulses,3,4300,4300,4300,17-May-16
Madhya Pradesh,Raisen,Udaipura,Other,Pulses,13,3950,4200,4150,17-May-16
Madhya Pradesh,Jabalpur,Jabalpur,Other,Pulses,0.1,2851,2851,2851,18-May-16
Madhya Pradesh,Narsinghpur,Gotegaon,Other,Pulses,8,4351,4465,4351,18-May-16
Madhya Pradesh,Raisen,Udaipura,Other,Pulses,34,3950,4300,4125,18-May-16
Madhya Pradesh,Narsinghpur,Gotegaon,Other,Pulses,3,4350,4350,4350,19-May-16
Madhya Pradesh,Raisen,Udaipura,Other,Pulses,45,4000,4300,4150,19-May-16
Madhya Pradesh,Jabalpur,Jabalpur,Other,Pulses,2,1580,1580,1580,20-May-16
Madhya Pradesh,Raisen,Udaipura,Other,Pulses,36,3950,4200,4000,20-May-16
Madhya Pradesh,Dhar,Dhamnod,Other,Pulses,2,8600,8600,8600,21-May-16
Madhya Pradesh,Jabalpur,Jabalpur,Other,Pulses,1.1,1270,2100,1500,23-May-16
Madhya Pradesh,Raisen,Udaipura,Other,Pulses,7,4000,4300,4150,23-May-16
Madhya Pradesh,Dhar,Dhamnod,Other,Pulses,5,7270,8705,7270,24-May-16
Madhya Pradesh,Raisen,Udaipura,Other,Pulses,26,4000,4275,4150,24-May-16
Madhya Pradesh,Dhar,Dhamnod,Other,Pulses,5,7270,8705,7270,25-May-16
Madhya Pradesh,Jabalpur,Jabalpur,Other,Pulses,1.4,2076,3200,2651,25-May-16
Madhya Pradesh,Raisen,Udaipura,Other,Pulses,20,3950,4200,4100,25-May-16
Madhya Pradesh,Dhar,Dhamnod,Other,Pulses,2,7600,7600,7600,26-May-16
Madhya Pradesh,Jabalpur,Jabalpur,Other,Pulses,1.5,1900,2036,2026,26-May-16
Madhya Pradesh,Raisen,Udaipura,Other,Pulses,28,3900,4100,4050,26-May-16
Madhya Pradesh,Raisen,Udaipura,Other,Pulses,4,3950,4100,4000,27-May-16
Madhya Pradesh,Dhar,Dhamnod,Other,Pulses,1,6810,7135,6810,28-May-16
Madhya Pradesh,Raisen,Udaipura,Other,Pulses,9,3900,3900,3900,30-May-16
Madhya Pradesh,Chhatarpur,LavKush Nagar(Laundi),Other,Pulses,10,2520,2600,2560,31-May-16
Madhya Pradesh,Raisen,Udaipura,Other,Pulses,14,3800,4050,3900,31-May-16
Madhya Pradesh,Narsinghpur,Gotegaon,Other,Pulses,2,4250,4250,4250,2-Jun-16
Madhya Pradesh,Dhar,Dhamnod,Other,Pulses,16,6330,7505,7505,7-Jun-16
Madhya Pradesh,Narsinghpur,Gotegaon,Other,Pulses,9,4550,4551,4550,7-Jun-16
Madhya Pradesh,Raisen,Udaipura,Other,Pulses,26,3950,4200,4060,7-Jun-16
Madhya Pradesh,Dhar,Dhamnod,Other,Pulses,6,5240,9085,6060,8-Jun-16
Madhya Pradesh,Raisen,Udaipura,Other,Pulses,4,4000,4200,4100,8-Jun-16
Madhya Pradesh,Narsinghpur,Gotegaon,Other,Pulses,3,4325,4325,4325,9-Jun-16
Madhya Pradesh,Raisen,Udaipura,Other,Pulses,5,3960,4180,4000,9-Jun-16
Madhya Pradesh,Chhatarpur,LavKush Nagar(Laundi),Other,Pulses,12.5,2560,2610,2590,10-Jun-16
Madhya Pradesh,Narsinghpur,Gotegaon,Other,Pulses,2,4250,4250,4250,10-Jun-16
Madhya Pradesh,Raisen,Udaipura,Other,Pulses,33,4200,4200,4200,10-Jun-16
Madhya Pradesh,Narsinghpur,Gotegaon,Other,Pulses,1,4200,4200,4200,11-Jun-16
Madhya Pradesh,Seoni,Ghansour,Other,Pulses,60,2600,2600,2600,11-Jun-16
Madhya Pradesh,Chhatarpur,LavKush Nagar(Laundi),Other,Pulses,14.5,2530,2645,2570,12-Jun-16
Madhya Pradesh,Jabalpur,Jabalpur,Other,Pulses,2.2,1900,2001,1991,13-Jun-16
Madhya Pradesh,Narsinghpur,Gotegaon,Other,Pulses,1,4000,4000,4000,13-Jun-16
Madhya Pradesh,Raisen,Udaipura,Other,Pulses,6,4000,4150,4100,13-Jun-16
Madhya Pradesh,Chhatarpur,LavKush Nagar(Laundi),Other,Pulses,12.5,2600,2610,2605,14-Jun-16
Madhya Pradesh,Raisen,Udaipura,Other,Pulses,11,4460,4900,4690,14-Jun-16
Madhya Pradesh,Chhatarpur,LavKush Nagar(Laundi),Other,Pulses,4,2540,2680,2608,15-Jun-16
Madhya Pradesh,Raisen,Udaipura,Other,Pulses,28,4200,4540,4460,15-Jun-16
Madhya Pradesh,Raisen,Udaipura,Other,Pulses,64,4460,4900,4750,16-Jun-16
Madhya Pradesh,Raisen,Udaipura,Other,Pulses,9,4350,4700,4560,17-Jun-16
Madhya Pradesh,Raisen,Udaipura,Other,Pulses,7,4360,4650,4500,18-Jun-16
Madhya Pradesh,Narsinghpur,Gotegaon,Other,Pulses,1,4500,4500,4500,22-Jun-16
Madhya Pradesh,Raisen,Udaipura,Other,Pulses,22,4150,4560,4300,22-Jun-16
Madhya Pradesh,Raisen,Udaipura,Other,Pulses,24,4150,4500,4360,23-Jun-16
Madhya Pradesh,Chhatarpur,LavKush Nagar(Laundi),Other,Pulses,5.5,2570,2705,2610,24-Jun-16
Madhya Pradesh,Chhatarpur,LavKush Nagar(Laundi),Other,Pulses,4.8,2680,2810,2690,25-Jun-16
Madhya Pradesh,Narsinghpur,Gotegaon,Other,Pulses,5,2800,2800,2800,25-Jun-16
Madhya Pradesh,Chhatarpur,LavKush Nagar(Laundi),Other,Pulses,12.5,2650,2845,2780,27-Jun-16
Madhya Pradesh,Raisen,Udaipura,Other,Pulses,37,4200,4790,4600,27-Jun-16
Madhya Pradesh,Chhatarpur,LavKush Nagar(Laundi),Other,Pulses,4.6,2645,2800,2750,28-Jun-16
Madhya Pradesh,Raisen,Udaipura,Other,Pulses,47,4760,5145,4960,28-Jun-16
Madhya Pradesh,Narsinghpur,Gotegaon,Other,Pulses,1,5060,5060,5060,29-Jun-16
Madhya Pradesh,Chhatarpur,LavKush Nagar(Laundi),Other,Pulses,23,2600,2680,2650,30-Jun-16
Madhya Pradesh,Raisen,Udaipura,Other,Pulses,51,5000,5225,5100,30-Jun-16
Madhya Pradesh,Narsinghpur,Gotegaon,Other,Pulses,9,4300,4625,4625,1-Jul-16
Madhya Pradesh,Panna,Panna,White Peas,Pulses,7,3800,3900,3850,1-Jul-16
Madhya Pradesh,Raisen,Udaipura,Other,Pulses,15,5000,5290,5200,1-Jul-16
Madhya Pradesh,Panna,Panna,White Peas,Pulses,3,4250,4343,4300,2-Jul-16
Madhya Pradesh,Raisen,Udaipura,Other,Pulses,118,5150,5460,5300,2-Jul-16
Madhya Pradesh,Panna,Panna,White Peas,Pulses,4.1,4250,5480,4300,3-Jul-16
Madhya Pradesh,Chhatarpur,LavKush Nagar(Laundi),Other,Pulses,9,2570,2780,2690,4-Jul-16
Madhya Pradesh,Panna,Panna,White Peas,Pulses,7.1,3826,3836,3830,5-Jul-16
Madhya Pradesh,Raisen,Udaipura,Other,Pulses,23,5200,5485,5400,5-Jul-16
Madhya Pradesh,Raisen,Udaipura,Other,Pulses,40,5160,5450,5340,8-Jul-16
Madhya Pradesh,Ujjain,Ujjain,White Peas,Pulses,0.3,1625,1691,1691,8-Jul-16
Madhya Pradesh,Panna,Panna,White Peas,Pulses,0.7,4769,4769,4769,11-Jul-16
Madhya Pradesh,Chhatarpur,LavKush Nagar(Laundi),Other,Pulses,4.5,2890,2900,2895,12-Jul-16
Madhya Pradesh,Panna,Panna,White Peas,Pulses,3,3880,3880,3880,12-Jul-16
Madhya Pradesh,Ujjain,Ujjain,White Peas,Pulses,0.2,1500,2100,2100,12-Jul-16
Madhya Pradesh,Panna,Panna,White Peas,Pulses,1.4,4763,4763,4763,13-Jul-16
Madhya Pradesh,Raisen,Udaipura,Other,Pulses,36,5200,5525,5360,13-Jul-16
Madhya Pradesh,Ujjain,Ujjain,White Peas,Pulses,0.2,1900,2351,2351,13-Jul-16
Madhya Pradesh,Raisen,Udaipura,Other,Pulses,9,5000,5250,5100,14-Jul-16
Madhya Pradesh,Ujjain,Ujjain,White Peas,Pulses,0.2,1900,2400,2400,14-Jul-16
Madhya Pradesh,Panna,Panna,White Peas,Pulses,1.8,4650,4650,4650,15-Jul-16
Madhya Pradesh,Raisen,Udaipura,Other,Pulses,38,5050,5360,5200,15-Jul-16
Madhya Pradesh,Ujjain,Ujjain,White Peas,Pulses,0.3,2025,2500,2500,15-Jul-16
Madhya Pradesh,Chhatarpur,LavKush Nagar(Laundi),Other,Pulses,6,2690,2700,2695,16-Jul-16
Madhya Pradesh,Raisen,Udaipura,Other,Pulses,16,5100,5260,5200,16-Jul-16
Madhya Pradesh,Ujjain,Ujjain,White Peas,Pulses,0.2,1711,1840,1840,16-Jul-16
Madhya Pradesh,Chhatarpur,LavKush Nagar(Laundi),Other,Pulses,3,2560,2680,2645,18-Jul-16
Madhya Pradesh,Narsinghpur,Gotegaon,Other,Pulses,100,5200,5210,5200,18-Jul-16
Madhya Pradesh,Panna,Panna,White Peas,Pulses,3,4600,4650,4630,18-Jul-16
Madhya Pradesh,Raisen,Udaipura,Other,Pulses,43,5000,5200,5100,18-Jul-16
Madhya Pradesh,Panna,Panna,White Peas,Pulses,5,4573,4872,4660,20-Jul-16
Madhya Pradesh,Raisen,Udaipura,Other,Pulses,59,5150,5400,5200,20-Jul-16
Madhya Pradesh,Ujjain,Ujjain,White Peas,Pulses,0.3,2100,0,2100,20-Jul-16
Madhya Pradesh,Panna,Panna,White Peas,Pulses,2.5,4646,4646,4646,21-Jul-16
Madhya Pradesh,Raisen,Udaipura,Other,Pulses,81,5150,5380,5200,21-Jul-16
Madhya Pradesh,Chhatarpur,LavKush Nagar(Laundi),Other,Pulses,4.5,2690,2780,2730,22-Jul-16
Madhya Pradesh,Raisen,Udaipura,Other,Pulses,28,5000,5200,5125,22-Jul-16
Madhya Pradesh,Ujjain,Ujjain,White Peas,Pulses,0.2,1560,0,1560,22-Jul-16
Madhya Pradesh,Chhatarpur,LavKush Nagar(Laundi),Other,Pulses,4.9,2650,2740,2680,23-Jul-16
Madhya Pradesh,Panna,Panna,White Peas,Pulses,3.5,4750,4750,4750,25-Jul-16
Madhya Pradesh,Raisen,Udaipura,Other,Pulses,39,5150,5360,5260,25-Jul-16
Madhya Pradesh,Dhar,Dhamnod,White Peas,Pulses,1,9530,9530,9530,26-Jul-16
Madhya Pradesh,Raisen,Udaipura,Other,Pulses,21,5100,5300,5200,26-Jul-16
Madhya Pradesh,Jabalpur,Jabalpur,Other,Pulses,5,2800,2850,2850,27-Jul-16
Madhya Pradesh,Panna,Panna,White Peas,Pulses,1,4600,4600,4600,27-Jul-16
Madhya Pradesh,Ujjain,Ujjain,White Peas,Pulses,0.1,2080,0,2080,27-Jul-16
Madhya Pradesh,Jabalpur,Jabalpur,Other,Pulses,0.3,2701,2701,2701,28-Jul-16
Madhya Pradesh,Panna,Panna,White Peas,Pulses,4.5,3300,3300,3300,28-Jul-16
Madhya Pradesh,Raisen,Udaipura,Other,Pulses,12,4460,4750,4600,29-Jul-16
Madhya Pradesh,Ujjain,Ujjain,White Peas,Pulses,0.2,1700,1701,1701,29-Jul-16
Madhya Pradesh,Ujjain,Ujjain,White Peas,Pulses,0.2,5700,0,5700,30-Jul-16
Madhya Pradesh,Ujjain,Ujjain,White Peas,Pulses,0.5,1900,2101,2101,1-Aug-16
Madhya Pradesh,Narsinghpur,Gotegaon,Other,Pulses,101,4850,5000,4900,3-Aug-16
Madhya Pradesh,Ujjain,Ujjain,White Peas,Pulses,0.1,2301,0,2301,4-Aug-16
Madhya Pradesh,Narsinghpur,Gotegaon,Other,Pulses,40,4375,4375,4375,6-Aug-16
Madhya Pradesh,Raisen,Udaipura,Other,Pulses,5,4700,4700,4700,6-Aug-16
Madhya Pradesh,Ujjain,Ujjain,White Peas,Pulses,0.1,1502,0,1502,8-Aug-16
Madhya Pradesh,Narsinghpur,Gotegaon,Other,Pulses,30,4500,4500,4500,10-Aug-16
Madhya Pradesh,Raisen,Udaipura,Other,Pulses,3,3800,4850,4500,10-Aug-16
Madhya Pradesh,Panna,Panna,White Peas,Pulses,2.5,4400,4500,4450,11-Aug-16
Madhya Pradesh,Raisen,Udaipura,Other,Pulses,32,4450,4680,4550,11-Aug-16
Madhya Pradesh,Panna,Panna,White Peas,Pulses,5,4200,4400,4300,12-Aug-16
Madhya Pradesh,Raisen,Udaipura,Other,Pulses,62,4570,4570,4570,12-Aug-16
Madhya Pradesh,Raisen,Udaipura,Other,Pulses,13,3900,4750,4450,16-Aug-16
Madhya Pradesh,Ujjain,Ujjain,White Peas,Pulses,0.1,2251,0,2251,16-Aug-16
Madhya Pradesh,Raisen,Udaipura,Other,Pulses,2,4700,4700,4700,17-Aug-16
Madhya Pradesh,Ujjain,Ujjain,White Peas,Pulses,0.1,1816,0,1816,17-Aug-16
Madhya Pradesh,Ujjain,Ujjain,White Peas,Pulses,0.2,3507,0,3507,19-Aug-16
Madhya Pradesh,Jabalpur,Jabalpur,White Peas,Pulses,0.2,1350,1350,1350,23-Aug-16
Madhya Pradesh,Raisen,Udaipura,Other,Pulses,1,3700,3700,3700,27-Aug-16
Madhya Pradesh,Raisen,Udaipura,Other,Pulses,1,3700,3700,3700,29-Aug-16
Madhya Pradesh,Ujjain,Ujjain,White Peas,Pulses,0.2,2653,2700,2700,30-Aug-16
Madhya Pradesh,Panna,Panna,White Peas,Pulses,4,3800,4000,3900,31-Aug-16
Madhya Pradesh,Chhatarpur,LavKush Nagar(Laundi),Other,Pulses,15,2160,2210,2185,2-Sep-16
Madhya Pradesh,Narsinghpur,Gotegaon,Other,Pulses,1,4400,4400,4400,3-Sep-16
Madhya Pradesh,Chhatarpur,LavKush Nagar(Laundi),Other,Pulses,16.5,2050,2245,2165,5-Sep-16
Madhya Pradesh,Raisen,Udaipura,Other,Pulses,2,4300,4300,4300,5-Sep-16
Madhya Pradesh,Raisen,Udaipura,Other,Pulses,5,4060,4600,4375,6-Sep-16
Madhya Pradesh,Chhatarpur,LavKush Nagar(Laundi),Other,Pulses,15,2050,2240,2130,7-Sep-16
Madhya Pradesh,Raisen,Udaipura,Other,Pulses,31,4000,4500,4250,9-Sep-16
Madhya Pradesh,Chhatarpur,LavKush Nagar(Laundi),Other,Pulses,5,2050,2240,2150,10-Sep-16
Madhya Pradesh,Chhatarpur,LavKush Nagar(Laundi),Other,Pulses,8,2040,2205,2110,13-Sep-16
Madhya Pradesh,Raisen,Udaipura,Other,Pulses,14,4400,4650,4500,17-Sep-16
Madhya Pradesh,Raisen,Udaipura,Other,Pulses,20,4650,4820,4750,19-Sep-16
Madhya Pradesh,Ujjain,Ujjain,White Peas,Pulses,0.6,1900,3014,2430,19-Sep-16
Madhya Pradesh,Raisen,Udaipura,Other,Pulses,83,4600,5000,4900,22-Sep-16
Madhya Pradesh,Raisen,Udaipura,Other,Pulses,9,4700,5000,4850,23-Sep-16
Madhya Pradesh,Narsinghpur,Gotegaon,Other,Pulses,2,4850,4850,4850,27-Sep-16
Madhya Pradesh,Raisen,Udaipura,Other,Pulses,27,4000,4500,4300,28-Sep-16
Madhya Pradesh,Raisen,Udaipura,Other,Pulses,68,4800,5200,5000,29-Sep-16
Madhya Pradesh,Ujjain,Ujjain,White Peas,Pulses,0.6,2175,2550,2550,1-Oct-16
Madhya Pradesh,Ujjain,Ujjain,White Peas,Pulses,0.3,1450,1901,1850,3-Oct-16
Madhya Pradesh,Raisen,Udaipura,Other,Pulses,17,4500,4950,4750,4-Oct-16
Madhya Pradesh,Ujjain,Ujjain,White Peas,Pulses,0.9,1201,2001,1951,4-Oct-16
Madhya Pradesh,Raisen,Udaipura,Other,Pulses,22,4200,4900,4700,5-Oct-16
Madhya Pradesh,Jabalpur,Jabalpur,White Peas,Pulses,0.6,1350,1451,1400,6-Oct-16
Madhya Pradesh,Raisen,Udaipura,Other,Pulses,30,4200,4600,4450,6-Oct-16
Madhya Pradesh,Jabalpur,Jabalpur,White Peas,Pulses,1.7,1200,1951,1500,7-Oct-16
Madhya Pradesh,Raisen,Udaipura,Other,Pulses,15,4560,4650,4650,10-Oct-16
Madhya Pradesh,Jabalpur,Jabalpur,White Peas,Pulses,2,1701,1701,1701,13-Oct-16
Madhya Pradesh,Panna,Panna,White Peas,Pulses,2.5,3800,3810,3801,13-Oct-16
Madhya Pradesh,Jabalpur,Jabalpur,White Peas,Pulses,0.9,1581,1581,1581,15-Oct-16
Madhya Pradesh,Ujjain,Ujjain,White Peas,Pulses,2,1112,1945,1360,15-Oct-16
Madhya Pradesh,Jabalpur,Jabalpur,White Peas,Pulses,0.3,1680,1680,1680,17-Oct-16
Madhya Pradesh,Raisen,Udaipura,Other,Pulses,11,4300,4750,4600,17-Oct-16
Madhya Pradesh,Ujjain,Ujjain,White Peas,Pulses,0.8,1000,2000,1400,17-Oct-16
Madhya Pradesh,Jabalpur,Jabalpur,White Peas,Pulses,0.6,1200,1200,1200,18-Oct-16
Madhya Pradesh,Raisen,Udaipura,Other,Pulses,35,4400,4750,4550,18-Oct-16
Madhya Pradesh,Ujjain,Ujjain,White Peas,Pulses,3.1,1100,2020,1676,18-Oct-16
Madhya Pradesh,Chhatarpur,LavKush Nagar(Laundi),White Peas,Pulses,3.4,2050,2360,2155,19-Oct-16
Madhya Pradesh,Jabalpur,Jabalpur,White Peas,Pulses,0.9,1400,1700,1700,19-Oct-16
Madhya Pradesh,Ujjain,Ujjain,White Peas,Pulses,2.1,1260,2300,1951,19-Oct-16
Madhya Pradesh,Jabalpur,Jabalpur,White Peas,Pulses,0.6,930,1010,1010,20-Oct-16
Madhya Pradesh,Raisen,Udaipura,Other,Pulses,5,4500,4750,4600,20-Oct-16
Madhya Pradesh,Ujjain,Ujjain,White Peas,Pulses,0.7,1401,1900,1800,20-Oct-16
Madhya Pradesh,Jabalpur,Jabalpur,White Peas,Pulses,0.7,1300,1500,1420,21-Oct-16
Madhya Pradesh,Raisen,Udaipura,Other,Pulses,45,4460,4800,4700,21-Oct-16
Madhya Pradesh,Ujjain,Ujjain,White Peas,Pulses,0.8,1000,1626,1200,21-Oct-16
Madhya Pradesh,Raisen,Udaipura,Other,Pulses,89,4500,4925,4680,24-Oct-16
Madhya Pradesh,Ujjain,Ujjain,White Peas,Pulses,1.1,1001,1275,1101,24-Oct-16
Madhya Pradesh,Jabalpur,Jabalpur,White Peas,Pulses,4.3,1200,2100,1311,25-Oct-16
Madhya Pradesh,Raisen,Udaipura,Other,Pulses,21,4400,4850,4600,25-Oct-16
Madhya Pradesh,Ujjain,Ujjain,White Peas,Pulses,0.4,1100,1500,1400,25-Oct-16
Madhya Pradesh,Raisen,Udaipura,Other,Pulses,90,4400,4760,4600,26-Oct-16
Madhya Pradesh,Ujjain,Ujjain,White Peas,Pulses,1.5,1000,1701,1200,26-Oct-16
Madhya Pradesh,Chhatarpur,LavKush Nagar(Laundi),White Peas,Pulses,15,2150,2690,2260,27-Oct-16
Madhya Pradesh,Jabalpur,Jabalpur,White Peas,Pulses,2.5,1100,1700,1501,27-Oct-16
Madhya Pradesh,Raisen,Udaipura,Other,Pulses,64,4650,5050,4800,27-Oct-16
Madhya Pradesh,Ujjain,Ujjain,White Peas,Pulses,1.8,900,1751,1650,27-Oct-16
Madhya Pradesh,Narsinghpur,Gotegaon,Other,Pulses,1,4500,4500,4500,3-Nov-16
Madhya Pradesh,Ujjain,Ujjain,White Peas,Pulses,0.1,1200,1200,1200,19-Nov-16
Madhya Pradesh,Ujjain,Ujjain,White Peas,Pulses,0.3,1782,1782,1782,19-Dec-16
Madhya Pradesh,Ujjain,Ujjain,White Peas,Pulses,0.1,1640,1640,1640,19-Jan-17
Madhya Pradesh,Narsinghpur,Gotegaon,Other,Pulses,11,3600,3600,3600,1-Feb-17
Madhya Pradesh,Raisen,Udaipura,Other,Pulses,3,3800,3800,3800,1-Feb-17
Madhya Pradesh,Panna,Panna,Other,Pulses,0.4,2685,2685,2685,3-Feb-17
Madhya Pradesh,Chhatarpur,LavKush Nagar(Laundi),Other,Pulses,4.5,2305,2350,2328,4-Feb-17
Madhya Pradesh,Panna,Panna,Other,Pulses,1.5,2401,3040,3000,4-Feb-17
Madhya Pradesh,Raisen,Udaipura,Other,Pulses,1,3700,3700,3700,4-Feb-17
Madhya Pradesh,Panna,Panna,Other,Pulses,5.6,2900,3300,3254,5-Feb-17
Madhya Pradesh,Panna,Panna,Other,Pulses,0.4,3189,3189,3189,6-Feb-17
Madhya Pradesh,Raisen,Udaipura,Other,Pulses,12,3450,3800,3600,6-Feb-17
Madhya Pradesh,Panna,Panna,Other,Pulses,9.3,2350,3250,3200,8-Feb-17
Madhya Pradesh,Panna,Panna,Other,Pulses,3.9,2800,4000,3099,9-Feb-17
Madhya Pradesh,Chhatarpur,LavKush Nagar(Laundi),Other,Pulses,8,1800,1800,1800,10-Feb-17
Madhya Pradesh,Panna,Panna,Other,Pulses,9.7,2900,3300,3000,10-Feb-17
Madhya Pradesh,Panna,Panna,Other,Pulses,3.8,3116,3500,3150,11-Feb-17
Madhya Pradesh,Panna,Panna,Other,Pulses,11.5,3063,3180,3174,12-Feb-17
Madhya Pradesh,Chhatarpur,LavKush Nagar(Laundi),Other,Pulses,2,1800,1900,1850,13-Feb-17
Madhya Pradesh,Panna,Panna,Other,Pulses,9,2899,4000,3096,13-Feb-17
Madhya Pradesh,Raisen,Udaipura,Other,Pulses,3,3200,3200,3200,13-Feb-17
Madhya Pradesh,Chhatarpur,LavKush Nagar(Laundi),Other,Pulses,1,1680,1800,1750,14-Feb-17
Madhya Pradesh,Panna,Panna,Other,Pulses,4.7,2974,3050,3021,15-Feb-17
Madhya Pradesh,Chhatarpur,LavKush Nagar(Laundi),Other,Pulses,2,1800,1980,1900,16-Feb-17
Madhya Pradesh,Panna,Panna,Other,Pulses,21.6,2910,2940,2933,16-Feb-17
Madhya Pradesh,Raisen,Udaipura,Other,Pulses,12,3125,3125,3125,16-Feb-17
Madhya Pradesh,Raisen,Udaipura,Other,Pulses,1,3060,3060,3060,17-Feb-17
Madhya Pradesh,Panna,Panna,Other,Pulses,6.5,2799,3000,2924,18-Feb-17
Madhya Pradesh,Panna,Panna,Other,Pulses,7.6,2390,2923,2500,19-Feb-17
Madhya Pradesh,Dhar,Dhamnod,Other,Pulses,"2,059.00",7500,9465,8800,20-Feb-17
Madhya Pradesh,Narsinghpur,Gotegaon,Other,Pulses,40,3200,3200,3200,20-Feb-17
Madhya Pradesh,Panna,Panna,Other,Pulses,35.6,2752,2850,2810,20-Feb-17
Madhya Pradesh,Chhatarpur,LavKush Nagar(Laundi),Other,Pulses,12.5,2080,2120,2100,21-Feb-17
Madhya Pradesh,Dhar,Dhamnod,Other,Pulses,"1,991.00",7505,9205,8850,21-Feb-17
Madhya Pradesh,Raisen,Udaipura,Other,Pulses,2,3500,3800,3700,21-Feb-17
Madhya Pradesh,Chhatarpur,LavKush Nagar(Laundi),Other,Pulses,11.6,2040,2120,2060,22-Feb-17
Madhya Pradesh,Panna,Panna,Other,Pulses,9.8,2513,2672,2572,22-Feb-17
Madhya Pradesh,Raisen,Udaipura,Other,Pulses,5,3100,3100,3100,22-Feb-17
Madhya Pradesh,Panna,Panna,Other,Pulses,7.2,2525,2610,2550,23-Feb-17
Madhya Pradesh,Panna,Panna,Other,Pulses,30.9,2418,2750,2584,24-Feb-17
Madhya Pradesh,Chhatarpur,LavKush Nagar(Laundi),Other,Pulses,12,1970,2120,2000,25-Feb-17
Madhya Pradesh,Panna,Panna,Other,Pulses,9.3,2400,2590,2540,25-Feb-17
Madhya Pradesh,Panna,Panna,Other,Pulses,12.7,2250,2600,2526,26-Feb-17
Madhya Pradesh,Panna,Panna,Other,Pulses,27.6,2561,2700,2671,27-Feb-17
Madhya Pradesh,Raisen,Udaipura,Other,Pulses,5,2800,0,2850,27-Feb-17
Madhya Pradesh,Panna,Panna,Other,Pulses,27.7,3678,3710,3709,28-Feb-17
Madhya Pradesh,Raisen,Udaipura,Other,Pulses,1,2900,2900,2900,28-Feb-17
Madhya Pradesh,Panna,Panna,Other,Pulses,11.4,2501,3000,2589,1-Mar-17
Madhya Pradesh,Dhar,Dhamnod,Other,Pulses,"6,485.00",8300,9300,9000,2-Mar-17
Madhya Pradesh,Raisen,Udaipura,Other,Pulses,15,3000,3000,3000,2-Mar-17
Madhya Pradesh,Chhatarpur,LavKush Nagar(Laundi),Other,Pulses,23.4,1980,2360,2340,3-Mar-17
Madhya Pradesh,Panna,Panna,Other,Pulses,36.8,2580,2702,2660,3-Mar-17
Madhya Pradesh,Raisen,Udaipura,Other,Pulses,7,2800,2800,2800,3-Mar-17
Madhya Pradesh,Chhatarpur,LavKush Nagar(Laundi),Other,Pulses,35.2,2000,2200,2120,4-Mar-17
Madhya Pradesh,Panna,Panna,Other,Pulses,23.9,2561,2581,2571,4-Mar-17
Madhya Pradesh,Raisen,Udaipura,Other,Pulses,12,3060,3060,3060,4-Mar-17
Madhya Pradesh,Panna,Panna,Other,Pulses,28.6,2635,2800,2731,5-Mar-17
Madhya Pradesh,Chhatarpur,LavKush Nagar(Laundi),Other,Pulses,17.7,2105,2200,2153,6-Mar-17
Madhya Pradesh,Panna,Panna,Other,Pulses,27.3,2630,2662,2640,6-Mar-17
Madhya Pradesh,Raisen,Udaipura,Other,Pulses,3,2995,2995,2995,6-Mar-17
Madhya Pradesh,Panna,Panna,Other,Pulses,2,2500,2510,2505,7-Mar-17
Madhya Pradesh,Chhatarpur,LavKush Nagar(Laundi),Other,Pulses,92.7,2050,2230,2140,9-Mar-17
Madhya Pradesh,Panna,Panna,Other,Pulses,16,2610,2800,2700,9-Mar-17
Madhya Pradesh,Raisen,Udaipura,Other,Pulses,8,3000,3000,3000,9-Mar-17
Madhya Pradesh,Panna,Panna,Other,Pulses,29.6,2620,2700,2640,10-Mar-17
Madhya Pradesh,Raisen,Udaipura,Other,Pulses,18,3370,3370,3370,10-Mar-17
Madhya Pradesh,Panna,Panna,Other,Pulses,12,2700,2800,2750,11-Mar-17
Madhya Pradesh,Panna,Panna,Other,Pulses,14.5,2716,2826,2760,14-Mar-17
Madhya Pradesh,Panna,Panna,Other,Pulses,0.5,2750,2760,2755,15-Mar-17
Madhya Pradesh,Panna,Panna,Other,Pulses,42.4,2650,2670,2660,16-Mar-17
Madhya Pradesh,Raisen,Udaipura,Other,Pulses,27,3365,3365,3365,16-Mar-17
Madhya Pradesh,Panna,Panna,Other,Pulses,28.8,2660,2690,2675,17-Mar-17
Madhya Pradesh,Panna,Panna,Other,Pulses,34.7,2690,2756,2723,18-Mar-17
Madhya Pradesh,Raisen,Udaipura,Other,Pulses,3,3385,3385,3385,18-Mar-17
Madhya Pradesh,Panna,Panna,Other,Pulses,27.5,2715,2725,2720,19-Mar-17
Madhya Pradesh,Narsinghpur,Gotegaon,Other,Pulses,2,3100,3100,3100,20-Mar-17
Madhya Pradesh,Raisen,Udaipura,Other,Pulses,28,2800,3565,3000,20-Mar-17
Madhya Pradesh,Narsinghpur,Gotegaon,Other,Pulses,14,2705,2880,2880,21-Mar-17
Madhya Pradesh,Raisen,Udaipura,Other,Pulses,37,3100,3550,3300,21-Mar-17
Madhya Pradesh,Panna,Panna,Other,Pulses,31.2,2841,2846,2845,22-Mar-17
Madhya Pradesh,Raisen,Udaipura,Other,Pulses,42,3100,3550,3300,22-Mar-17
Madhya Pradesh,Raisen,Udaipura,Other,Pulses,21,3300,3500,3400,23-Mar-17
Madhya Pradesh,Raisen,Udaipura,Other,Pulses,25,3100,3500,3300,24-Mar-17
Madhya Pradesh,Narsinghpur,Gotegaon,Other,Pulses,2,5200,5400,5250,27-Mar-17
Madhya Pradesh,Raisen,Udaipura,Other,Pulses,97,4450,4750,4500,27-Mar-17
Madhya Pradesh,Raisen,Udaipura,Other,Pulses,4,3400,3400,3400,30-Mar-17
Madhya Pradesh,Panna,Panna,Other,Pulses,34.3,2776,2776,2776,2-Apr-17
Madhya Pradesh,Chhatarpur,LavKush Nagar(Laundi),Other,Pulses,60.3,2100,2300,2215,6-Apr-17
Madhya Pradesh,Raisen,Udaipura,Other,Pulses,22,3400,3400,3400,6-Apr-17
Madhya Pradesh,Ujjain,Ujjain,Other,Pulses,3.8,1100,1781,1571,6-Apr-17
Madhya Pradesh,Raisen,Udaipura,Other,Pulses,61,3100,3350,3150,7-Apr-17
Madhya Pradesh,Narsinghpur,Gotegaon,Other,Pulses,7,2570,2800,2800,10-Apr-17
Madhya Pradesh,Raisen,Udaipura,Other,Pulses,164,3100,3300,3250,10-Apr-17
Madhya Pradesh,Panna,Panna,Other,Pulses,4,2300,2600,2550,12-Apr-17
Madhya Pradesh,Raisen,Udaipura,Other,Pulses,54,3000,3250,3100,12-Apr-17
Madhya Pradesh,Raisen,Udaipura,Other,Pulses,51,2700,3100,2900,13-Apr-17
Madhya Pradesh,Raisen,Udaipura,Other,Pulses,10,2900,3100,3000,17-Apr-17
Madhya Pradesh,Raisen,Udaipura,Other,Pulses,23,2900,3175,3060,18-Apr-17
Madhya Pradesh,Raisen,Udaipura,Other,Pulses,4,2800,3000,2900,19-Apr-17
Madhya Pradesh,Ujjain,Ujjain,White Peas,Pulses,6.4,1381,1574,1425,19-Apr-17
Madhya Pradesh,Raisen,Udaipura,Other,Pulses,13,2700,3035,2900,20-Apr-17
Madhya Pradesh,Raisen,Udaipura,Other,Pulses,12,2950,2950,2950,21-Apr-17
Madhya Pradesh,Raisen,Udaipura,Other,Pulses,27,2750,3000,2850,24-Apr-17
Madhya Pradesh,Raisen,Udaipura,Other,Pulses,5,2800,2900,2850,25-Apr-17
Madhya Pradesh,Raisen,Udaipura,Other,Pulses,23,2700,2700,2700,27-Apr-17
Madhya Pradesh,Raisen,Udaipura,Other,Pulses,1,2900,2900,2900,1-May-17
Madhya Pradesh,Raisen,Udaipura,Other,Pulses,5,2250,2500,2500,3-May-17
Madhya Pradesh,Raisen,Udaipura,Other,Pulses,17,2200,2700,2500,4-May-17
Madhya Pradesh,Raisen,Udaipura,Other,Pulses,55,2500,2750,2660,5-May-17
Madhya Pradesh,Raisen,Udaipura,Other,Pulses,26,2700,2830,2770,9-May-17
Madhya Pradesh,Raisen,Udaipura,Other,Pulses,10,2750,2750,2750,15-May-17
Madhya Pradesh,Narsinghpur,Gotegaon,Other,Pulses,223,1200,1275,1272,16-May-17
Madhya Pradesh,Raisen,Udaipura,Other,Pulses,8,1600,2650,2500,16-May-17
Madhya Pradesh,Raisen,Udaipura,Other,Pulses,36,2550,2625,2600,17-May-17
Madhya Pradesh,Raisen,Udaipura,Other,Pulses,10,2650,2650,2650,18-May-17
Madhya Pradesh,Raisen,Udaipura,Other,Pulses,27,2600,2600,2600,19-May-17
Madhya Pradesh,Ujjain,Ujjain,White Peas,Pulses,11.2,660,1201,1120,19-May-17
Madhya Pradesh,Raisen,Udaipura,Other,Pulses,50,2700,2700,2700,20-May-17
Madhya Pradesh,Raisen,Udaipura,Other,Pulses,6,2490,2580,2500,22-May-17
Madhya Pradesh,Raisen,Udaipura,Other,Pulses,23,2300,2385,2385,24-May-17
Madhya Pradesh,Raisen,Udaipura,Other,Pulses,15,1800,2600,2200,26-May-17
Madhya Pradesh,Raisen,Udaipura,Other,Pulses,24,2350,2560,2400,29-May-17
Madhya Pradesh,Raisen,Udaipura,Other,Pulses,14,2450,2500,2475,30-May-17
Madhya Pradesh,Raisen,Udaipura,Other,Pulses,17,2380,2380,2380,31-May-17
Madhya Pradesh,Narsinghpur,Gotegaon,Other,Pulses,65,1101,1110,1101,3-Jun-17
Madhya Pradesh,Panna,Panna,Other,Pulses,5.2,2100,2300,2200,4-Jun-17
Madhya Pradesh,Narsinghpur,Gotegaon,Other,Pulses,60,2700,2700,2700,6-Jun-17
Madhya Pradesh,Panna,Panna,Other,Pulses,9.5,1851,2163,2007,7-Jun-17
Madhya Pradesh,Panna,Panna,Other,Pulses,4.6,2064,3075,2095,8-Jun-17
Madhya Pradesh,Panna,Panna,Other,Pulses,12.2,2021,2125,2032,9-Jun-17
Madhya Pradesh,Panna,Panna,Other,Pulses,1.5,2050,2090,2064,10-Jun-17
Madhya Pradesh,Panna,Panna,Other,Pulses,1.5,1900,2000,1950,11-Jun-17
Madhya Pradesh,Panna,Panna,Other,Pulses,11.6,2000,2100,2050,12-Jun-17
Madhya Pradesh,Chhatarpur,LavKush Nagar(Laundi),Other,Pulses,34.7,2185,2250,2230,13-Jun-17
Madhya Pradesh,Panna,Panna,Other,Pulses,0.9,1820,2000,1905,14-Jun-17
Madhya Pradesh,Panna,Panna,Other,Pulses,6.9,1965,2000,2000,15-Jun-17
Madhya Pradesh,Panna,Panna,Other,Pulses,6.7,2010,2010,2010,16-Jun-17
Madhya Pradesh,Panna,Panna,Other,Pulses,4.9,1856,1974,1940,17-Jun-17
Madhya Pradesh,Panna,Panna,Other,Pulses,4,2010,2100,2015,18-Jun-17
Madhya Pradesh,Panna,Panna,Other,Pulses,5.8,1975,2005,1990,19-Jun-17
Madhya Pradesh,Panna,Panna,Other,Pulses,8.4,1799,2700,1900,21-Jun-17