Jammu and Kashmir,Jammu,Jammu (Grain Mandi),Other,Cereals,120,1200,1350,1275,7-Jan-08
Jammu and Kashmir,Jammu,Jammu (Grain Mandi),Other,Cereals,125,1200,1350,1275,8-Jan-08
Jammu and Kashmir,Jammu,Jammu (Grain Mandi),Other,Cereals,128,1300,1400,1350,9-Jan-08
Jammu and Kashmir,Jammu,Jammu (Grain Mandi),Other,Cereals,125,1300,1400,1350,14-Jan-08
Jammu and Kashmir,Jammu,Jammu (Grain Mandi),Other,Cereals,130,1300,1400,1350,15-Jan-08
Jammu and Kashmir,Jammu,Jammu (Grain Mandi),Other,Cereals,130,1300,1400,1350,18-Jan-08
Jammu and Kashmir,Jammu,Jammu (Grain Mandi),Other,Cereals,125,1300,1400,1350,19-Jan-08
Jammu and Kashmir,Jammu,Jammu (Grain Mandi),Other,Cereals,125,1300,1400,1350,23-Jan-08
Jammu and Kashmir,Jammu,Jammu (Grain Mandi),Other,Cereals,120,1300,1400,1350,25-Jan-08
Jammu and Kashmir,Jammu,Jammu (Grain Mandi),Other,Cereals,125,1300,1400,1350,28-Jan-08
Jammu and Kashmir,Jammu,Jammu (Grain Mandi),Other,Cereals,120,1300,1400,1350,29-Jan-08
Jammu and Kashmir,Jammu,Jammu (Grain Mandi),Other,Cereals,125,1300,1400,1350,30-Jan-08
Jammu and Kashmir,Jammu,Jammu (Grain Mandi),Other,Cereals,125,1300,1400,1350,2-Feb-08
Jammu and Kashmir,Jammu,Jammu (Grain Mandi),Other,Cereals,120,1300,1400,1350,5-Feb-08
Jammu and Kashmir,Jammu,Jammu (Grain Mandi),Other,Cereals,125,1300,1400,1350,6-Feb-08
Jammu and Kashmir,Jammu,Jammu (Grain Mandi),Other,Cereals,120,1300,1400,1350,7-Feb-08
Jammu and Kashmir,Jammu,Jammu (Grain Mandi),Other,Cereals,130,1300,1400,1350,8-Feb-08
Jammu and Kashmir,Jammu,Jammu (Grain Mandi),Other,Cereals,120,1300,1400,1350,9-Feb-08
Jammu and Kashmir,Jammu,Jammu (Grain Mandi),Other,Cereals,125,1300,1400,1350,11-Feb-08
Jammu and Kashmir,Jammu,Jammu (Grain Mandi),Other,Cereals,125,1300,1400,1350,13-Feb-08
Jammu and Kashmir,Jammu,Jammu (Grain Mandi),Other,Cereals,130,1300,1400,1350,14-Feb-08
Jammu and Kashmir,Jammu,Jammu (Grain Mandi),Other,Cereals,120,1300,1400,1350,16-Feb-08
Jammu and Kashmir,Jammu,Jammu (Grain Mandi),Other,Cereals,125,1300,1400,1350,18-Feb-08
Jammu and Kashmir,Jammu,Jammu (Grain Mandi),Other,Cereals,130,1300,1400,1350,19-Feb-08
Jammu and Kashmir,Jammu,Jammu (Grain Mandi),Other,Cereals,120,1300,1400,1350,20-Feb-08
Jammu and Kashmir,Jammu,Jammu (Grain Mandi),Other,Cereals,12,1300,1400,1350,22-Feb-08
Jammu and Kashmir,Jammu,Jammu (Grain Mandi),Other,Cereals,130,1300,1400,1350,25-Feb-08
Jammu and Kashmir,Jammu,Jammu (Grain Mandi),Other,Cereals,120,1300,1400,1350,26-Feb-08
Jammu and Kashmir,Jammu,Jammu (Grain Mandi),Other,Cereals,12,1300,1400,1350,1-Mar-08
Jammu and Kashmir,Jammu,Jammu (Grain Mandi),Other,Cereals,125,1300,1400,1350,3-Mar-08
Jammu and Kashmir,Jammu,Jammu (Grain Mandi),Other,Cereals,130,1300,1400,1350,4-Mar-08
Jammu and Kashmir,Jammu,Jammu (Grain Mandi),Other,Cereals,120,1300,1400,1350,5-Mar-08
Jammu and Kashmir,Jammu,Jammu (Grain Mandi),Other,Cereals,125,1300,1400,1350,7-Mar-08
Jammu and Kashmir,Jammu,Jammu (Grain Mandi),Other,Cereals,120,1300,1400,1350,12-Mar-08
Jammu and Kashmir,Jammu,Jammu (Grain Mandi),Other,Cereals,121,1300,1400,1350,13-Mar-08
Jammu and Kashmir,Jammu,Jammu (Grain Mandi),Other,Cereals,118,1300,1400,1350,22-Mar-08
Jammu and Kashmir,Jammu,Jammu (Grain Mandi),Other,Cereals,125,1300,1400,1350,24-Mar-08
Jammu and Kashmir,Jammu,Jammu (Grain Mandi),Other,Cereals,130,1300,1400,1350,29-Mar-08
Jammu and Kashmir,Jammu,Jammu (Grain Mandi),Other,Cereals,120,1300,1400,1350,31-Mar-08
Jammu and Kashmir,Jammu,Jammu (Grain Mandi),Other,Cereals,125,1300,1400,1350,1-Apr-08
Jammu and Kashmir,Jammu,Jammu (Grain Mandi),Other,Cereals,120,1300,1400,1350,2-Apr-08
Jammu and Kashmir,Jammu,Jammu (Grain Mandi),Other,Cereals,130,1300,1400,1350,3-Apr-08
Jammu and Kashmir,Jammu,Jammu (Grain Mandi),Other,Cereals,120,1300,1400,1350,4-Apr-08
Jammu and Kashmir,Jammu,Jammu (Grain Mandi),Other,Cereals,125,1300,1400,1350,5-Apr-08
Jammu and Kashmir,Jammu,Jammu (Grain Mandi),Other,Cereals,130,1300,1400,1350,7-Apr-08
Jammu and Kashmir,Jammu,Jammu (Grain Mandi),Other,Cereals,120,1300,1400,1350,8-Apr-08
Jammu and Kashmir,Jammu,Jammu (Grain Mandi),Other,Cereals,125,1300,1400,1350,10-Apr-08
Jammu and Kashmir,Jammu,Jammu (Grain Mandi),Other,Cereals,125,1300,1400,1350,12-Apr-08
Jammu and Kashmir,Jammu,Jammu (Grain Mandi),Other,Cereals,120,1300,1400,1350,15-Apr-08
Jammu and Kashmir,Jammu,Jammu (Grain Mandi),Other,Cereals,125,1300,1400,1350,16-Apr-08
Jammu and Kashmir,Jammu,Jammu (Grain Mandi),Other,Cereals,130,1300,1400,1350,17-Apr-08
Jammu and Kashmir,Jammu,Jammu (Grain Mandi),Other,Cereals,120,1300,1400,1350,19-Apr-08
Jammu and Kashmir,Jammu,Jammu (Grain Mandi),Other,Cereals,120,5400,5400,5400,22-Apr-08
Jammu and Kashmir,Jammu,Jammu (Grain Mandi),Basmatibar (Raw/New),Cereals,120,5300,5399,5300,14-May-08
Jammu and Kashmir,Jammu,Jammu (Grain Mandi),Basmatibar (Raw/Old),Cereals,120,5400,5400,5400,14-May-08
Jammu and Kashmir,Jammu,Jammu (Grain Mandi),Other,Cereals,120,3000,3000,3000,14-May-08
Jammu and Kashmir,Jammu,Jammu (Grain Mandi),Basmatibar (Raw/New),Cereals,120,5300,5300,5300,15-May-08
Jammu and Kashmir,Jammu,Jammu (Grain Mandi),Basmatibar (Raw/Old),Cereals,120,5400,5400,5400,15-May-08
Jammu and Kashmir,Jammu,Jammu (Grain Mandi),Other,Cereals,120,3000,3000,3000,15-May-08
Jammu and Kashmir,Jammu,Jammu (Grain Mandi),Basmatibar (Raw/New),Cereals,125,5400,5400,5400,16-May-08
Jammu and Kashmir,Jammu,Jammu (Grain Mandi),Basmatibar (Raw/New),Cereals,120,5300,5300,5300,17-May-08
Jammu and Kashmir,Jammu,Jammu (Grain Mandi),Basmatibar (Raw/Old),Cereals,120,5400,5400,5400,17-May-08
Jammu and Kashmir,Jammu,Jammu (Grain Mandi),Other,Cereals,120,3000,3000,3000,17-May-08
Jammu and Kashmir,Jammu,Jammu (Grain Mandi),Basmatibar (Raw/New),Cereals,125,5300,5300,5300,20-May-08
Jammu and Kashmir,Jammu,Jammu (Grain Mandi),Basmatibar (Raw/Old),Cereals,125,5400,5400,5400,20-May-08
Jammu and Kashmir,Jammu,Jammu (Grain Mandi),Other,Cereals,125,3000,3000,3000,20-May-08
Jammu and Kashmir,Jammu,Jammu (Grain Mandi),Basmatibar (Raw/Old),Cereals,115,3000,3000,3000,21-May-08
Jammu and Kashmir,Jammu,Jammu (Grain Mandi),Basmatibar (Raw/Old),Cereals,120,3000,3000,3000,22-May-08
Jammu and Kashmir,Jammu,Jammu (Grain Mandi),Basmatibar (Raw/New),Cereals,120,0,0,5300,24-May-08
Jammu and Kashmir,Jammu,Jammu (Grain Mandi),Basmatibar (Raw/Old),Cereals,120,0,0,5400,24-May-08
Jammu and Kashmir,Jammu,Jammu (Grain Mandi),Other,Cereals,120,0,0,3000,24-May-08
Jammu and Kashmir,Jammu,Jammu (Grain Mandi),Other,Cereals,115,3000,3000,3000,2-Jun-08
Jammu and Kashmir,Jammu,Jammu (Grain Mandi),Basmatibar (Raw/New),Cereals,125,0,0,5300,3-Jun-08
Jammu and Kashmir,Jammu,Jammu (Grain Mandi),Basmatibar (Raw/Old),Cereals,125,0,0,5400,3-Jun-08
Jammu and Kashmir,Jammu,Jammu (Grain Mandi),Other,Cereals,125,0,0,3000,3-Jun-08
Jammu and Kashmir,Jammu,Jammu (Grain Mandi),Basmatibar (Raw/New),Cereals,120,0,0,5300,4-Jun-08
Jammu and Kashmir,Jammu,Jammu (Grain Mandi),Basmatibar (Raw/Old),Cereals,120,0,0,5400,4-Jun-08
Jammu and Kashmir,Jammu,Jammu (Grain Mandi),Other,Cereals,120,0,0,3000,4-Jun-08
Jammu and Kashmir,Jammu,Jammu (Grain Mandi),Basmatibar (Raw/New),Cereals,115,0,0,5300,5-Jun-08
Jammu and Kashmir,Jammu,Jammu (Grain Mandi),Basmatibar (Raw/Old),Cereals,115,0,0,5400,5-Jun-08
Jammu and Kashmir,Jammu,Jammu (Grain Mandi),Other,Cereals,115,0,0,3000,5-Jun-08
Jammu and Kashmir,Jammu,Jammu (Grain Mandi),Basmatibar (Raw/Old),Cereals,125,3000,3000,3000,6-Jun-08
Jammu and Kashmir,Jammu,Jammu (Grain Mandi),Other,Cereals,125,3000,3000,3000,6-Jun-08
Jammu and Kashmir,Jammu,Jammu (Grain Mandi),Basmatibar (Raw/Old),Cereals,120,6000,6500,6250,7-Jun-08
Jammu and Kashmir,Jammu,Jammu (Grain Mandi),Other,Cereals,120,3000,3000,3000,7-Jun-08
Jammu and Kashmir,Jammu,Jammu (Grain Mandi),Basmatibar (Raw/Old),Cereals,125,3000,3000,3000,9-Jun-08
Jammu and Kashmir,Jammu,Jammu (Grain Mandi),Basmatibar (Raw/Old),Cereals,120,6000,6500,6250,10-Jun-08
Jammu and Kashmir,Jammu,Jammu (Grain Mandi),Other,Cereals,120,3000,3000,3000,10-Jun-08
Jammu and Kashmir,Jammu,Jammu (Grain Mandi),Other,Cereals,115,0,0,3250,11-Jun-08
Jammu and Kashmir,Jammu,Jammu (Grain Mandi),Other,Cereals,120,0,0,3250,12-Jun-08
Jammu and Kashmir,Jammu,Jammu (Grain Mandi),Other,Cereals,125,0,0,3250,13-Jun-08
Jammu and Kashmir,Jammu,Jammu (Grain Mandi),Basmatibar (Raw/Old),Cereals,115,0,0,3250,14-Jun-08
Jammu and Kashmir,Jammu,Jammu (Grain Mandi),Other,Cereals,115,0,0,3250,14-Jun-08
Jammu and Kashmir,Jammu,Jammu (Grain Mandi),Other,Cereals,125,0,0,3250,17-Jun-08
Jammu and Kashmir,Jammu,Jammu (Grain Mandi),Other,Cereals,120,0,0,3250,18-Jun-08
Jammu and Kashmir,Jammu,Jammu (Grain Mandi),Basmatibar (Raw/Old),Cereals,115,7900,8300,8100,20-Jun-08
Jammu and Kashmir,Jammu,Jammu (Grain Mandi),Other,Cereals,115,0,0,3250,20-Jun-08
Jammu and Kashmir,Jammu,Jammu (Grain Mandi),Other,Cereals,120,0,0,3250,21-Jun-08
Jammu and Kashmir,Jammu,Jammu (Grain Mandi),Other,Cereals,125,0,0,3250,24-Jun-08
Jammu and Kashmir,Jammu,Jammu (Grain Mandi),Basmatibar (Raw/New),Cereals,120,3250,3250,3250,28-Jun-08
Jammu and Kashmir,Jammu,Jammu (Grain Mandi),Other,Cereals,125,0,0,3250,30-Jun-08
Jammu and Kashmir,Jammu,Jammu (Grain Mandi),Other,Cereals,115,0,0,3250,10-Jul-08
Jammu and Kashmir,Jammu,Jammu (Grain Mandi),Other,Cereals,90,0,0,3250,11-Jul-08
Jammu and Kashmir,Jammu,Jammu (Grain Mandi),Other,Cereals,100,0,0,3250,12-Jul-08
Jammu and Kashmir,Jammu,Jammu (Grain Mandi),Other,Cereals,120,0,0,3250,14-Jul-08
Jammu and Kashmir,Jammu,Jammu (Grain Mandi),Other,Cereals,125,0,0,3250,15-Jul-08
Jammu and Kashmir,Jammu,Jammu (Grain Mandi),Other,Cereals,120,0,0,3250,17-Jul-08
Jammu and Kashmir,Jammu,Jammu (Grain Mandi),Other,Cereals,115,0,0,3250,18-Jul-08
Jammu and Kashmir,Jammu,Jammu (Grain Mandi),Other,Cereals,120,0,0,3250,19-Jul-08
Jammu and Kashmir,Jammu,Jammu (Grain Mandi),Basmatibar (Raw/Old),Cereals,115,3250,0,3250,21-Jul-08
Jammu and Kashmir,Jammu,Jammu (Grain Mandi),Other,Cereals,125,0,0,3250,22-Jul-08
Jammu and Kashmir,Jammu,Jammu (Grain Mandi),Other,Cereals,120,0,0,3250,23-Jul-08
Jammu and Kashmir,Jammu,Jammu (Grain Mandi),Other,Cereals,137,1800,1900,1850,30-Oct-08
Jammu and Kashmir,Jammu,Jammu (Grain Mandi),Other,Cereals,28,4500,4600,4550,1-Jan-10
Jammu and Kashmir,Jammu,Jammu (Grain Mandi),Other,Cereals,32,4500,4600,0,8-Jan-10
Jammu and Kashmir,Jammu,Jammu (Grain Mandi),Other,Cereals,15,4500,4600,4550,5-Feb-10
Jammu and Kashmir,Jammu,Jammu (Grain Mandi),Other,Cereals,15,5500,5600,5550,6-Feb-10
Jammu and Kashmir,Jammu,Jammu (Grain Mandi),Other,Cereals,15,5500,5600,5550,8-Feb-10
Jammu and Kashmir,Jammu,Jammu (Grain Mandi),Other,Cereals,15,5500,5600,5550,9-Feb-10
Jammu and Kashmir,Jammu,Jammu (Grain Mandi),Other,Cereals,15,5500,5600,5550,10-Feb-10
Jammu and Kashmir,Jammu,Jammu (Grain Mandi),Other,Cereals,14.8,5500,5600,5550,11-Feb-10
Jammu and Kashmir,Jammu,Jammu (Grain Mandi),Other,Cereals,15.1,5500,5600,5550,13-Feb-10
Jammu and Kashmir,Jammu,Jammu (Grain Mandi),Other,Cereals,15.1,5500,5600,5550,15-Feb-10
Jammu and Kashmir,Jammu,Jammu (Grain Mandi),Other,Cereals,15.3,5500,5600,5550,18-Feb-10
Jammu and Kashmir,Jammu,Jammu (Grain Mandi),Other,Cereals,15.9,5500,5600,5550,19-Feb-10
Jammu and Kashmir,Jammu,Jammu (Grain Mandi),Other,Cereals,16,5500,5600,5550,20-Feb-10
Jammu and Kashmir,Jammu,Jammu (Grain Mandi),Other,Cereals,16.5,5500,5600,5550,22-Feb-10
Jammu and Kashmir,Jammu,Jammu (Grain Mandi),Other,Cereals,15.4,5500,5600,5550,24-Feb-10
Jammu and Kashmir,Jammu,Jammu (Grain Mandi),Other,Cereals,15.7,5500,5600,5550,26-Feb-10
Jammu and Kashmir,Jammu,Jammu (Grain Mandi),Other,Cereals,16.1,5500,5600,5550,1-Mar-10
Jammu and Kashmir,Jammu,Jammu (Grain Mandi),Other,Cereals,15.9,5500,5600,5550,2-Mar-10
Jammu and Kashmir,Jammu,Jammu (Grain Mandi),Other,Cereals,15.9,5500,5600,5550,3-Mar-10
Jammu and Kashmir,Jammu,Jammu (Grain Mandi),Other,Cereals,15.9,5500,5600,5550,4-Mar-10
Jammu and Kashmir,Jammu,Jammu (Grain Mandi),Other,Cereals,15.9,5500,5600,5550,6-Mar-10
Jammu and Kashmir,Jammu,Jammu (Grain Mandi),Other,Cereals,16.5,5500,5600,5550,8-Mar-10
Jammu and Kashmir,Jammu,Jammu (Grain Mandi),Other,Cereals,17,5500,5600,5550,10-Mar-10
Jammu and Kashmir,Jammu,Jammu (Grain Mandi),Other,Cereals,17,5500,5600,5550,15-Mar-10
Jammu and Kashmir,Jammu,Jammu (Grain Mandi),Other,Cereals,16.8,5500,5600,5550,17-Mar-10
Jammu and Kashmir,Jammu,Jammu (Grain Mandi),Other,Cereals,17,4900,5000,4950,18-Mar-10
Jammu and Kashmir,Jammu,Jammu (Grain Mandi),Other,Cereals,17,4900,5000,4950,19-Mar-10
Jammu and Kashmir,Jammu,Jammu (Grain Mandi),Other,Cereals,17,4900,5000,4950,20-Mar-10
Jammu and Kashmir,Jammu,Jammu (Grain Mandi),Other,Cereals,17,4900,5000,4950,22-Mar-10
Jammu and Kashmir,Jammu,Jammu (Grain Mandi),Other,Cereals,16.9,4900,5000,4950,25-Mar-10
Jammu and Kashmir,Jammu,Jammu (Grain Mandi),Other,Cereals,17.2,4900,5000,4950,26-Mar-10
Jammu and Kashmir,Jammu,Jammu (Grain Mandi),Other,Cereals,17.4,4500,4800,4650,27-Mar-10
Jammu and Kashmir,Jammu,Jammu (Grain Mandi),Other,Cereals,17.7,4500,4800,4650,29-Mar-10
Jammu and Kashmir,Jammu,Jammu (Grain Mandi),Other,Cereals,18,4800,5000,4900,30-Mar-10
Jammu and Kashmir,Jammu,Jammu (Grain Mandi),Other,Cereals,17.9,4900,5000,4950,31-Mar-10
Jammu and Kashmir,Jammu,Jammu (Grain Mandi),Other,Cereals,18.3,4900,5000,4950,1-Apr-10
Jammu and Kashmir,Jammu,Jammu (Grain Mandi),Other,Cereals,17.2,4900,5000,4950,15-Apr-10
Jammu and Kashmir,Jammu,Jammu (Grain Mandi),Other,Cereals,18.2,4900,5000,4950,16-Apr-10
Jammu and Kashmir,Jammu,Jammu (Grain Mandi),Other,Cereals,18,4900,5000,4950,17-Apr-10
Jammu and Kashmir,Jammu,Jammu (Grain Mandi),Other,Cereals,18,4900,5000,4950,19-Apr-10
Jammu and Kashmir,Jammu,Jammu (Grain Mandi),Other,Cereals,17.9,4900,5000,4950,20-Apr-10
Jammu and Kashmir,Jammu,Jammu (Grain Mandi),Other,Cereals,18.2,4900,5000,4950,21-Apr-10
Jammu and Kashmir,Jammu,Jammu (Grain Mandi),Other,Cereals,18.2,4900,5000,4950,22-Apr-10
Jammu and Kashmir,Jammu,Jammu (Grain Mandi),Other,Cereals,17.9,4900,5000,4950,23-Apr-10
Jammu and Kashmir,Jammu,Jammu (Grain Mandi),Other,Cereals,18.1,4900,5000,4950,24-Apr-10
Jammu and Kashmir,Jammu,Jammu (Grain Mandi),Other,Cereals,18.1,4900,5000,4950,26-Apr-10
Jammu and Kashmir,Jammu,Jammu (Grain Mandi),Other,Cereals,17.9,4900,5000,4950,27-Apr-10
Jammu and Kashmir,Jammu,Jammu (Grain Mandi),Other,Cereals,18.2,4900,5000,4950,28-Apr-10
Jammu and Kashmir,Jammu,Jammu (Grain Mandi),Other,Cereals,18.2,4900,5000,4950,29-Apr-10
Jammu and Kashmir,Jammu,Jammu (Grain Mandi),Other,Cereals,18.2,4900,5000,4950,30-Apr-10
Jammu and Kashmir,Jammu,Jammu (Grain Mandi),Other,Cereals,17.9,4900,5000,4950,3-May-10
Jammu and Kashmir,Jammu,Jammu (Grain Mandi),Other,Cereals,17.9,4900,5000,4950,4-May-10
Jammu and Kashmir,Jammu,Jammu (Grain Mandi),Other,Cereals,17.8,4900,5000,4950,6-May-10
Jammu and Kashmir,Jammu,Jammu (Grain Mandi),Other,Cereals,18.1,4900,5000,4950,7-May-10
Jammu and Kashmir,Jammu,Jammu (Grain Mandi),Other,Cereals,17.5,4600,4800,4700,8-May-10
Jammu and Kashmir,Jammu,Jammu (Grain Mandi),Other,Cereals,17.1,4600,4800,4700,12-May-10
Jammu and Kashmir,Jammu,Jammu (Grain Mandi),Other,Cereals,16.8,4600,4800,4700,13-May-10
Jammu and Kashmir,Jammu,Jammu (Grain Mandi),Other,Cereals,17.1,4600,4800,4700,14-May-10
Jammu and Kashmir,Jammu,Jammu (Grain Mandi),Other,Cereals,16.5,4600,4800,4700,15-May-10
Jammu and Kashmir,Jammu,Jammu (Grain Mandi),Other,Cereals,16.8,4600,4800,4700,17-May-10
Jammu and Kashmir,Jammu,Jammu (Grain Mandi),Other,Cereals,17.1,4600,4800,4700,18-May-10
Jammu and Kashmir,Jammu,Jammu (Grain Mandi),Other,Cereals,16.9,4600,4800,4700,19-May-10
Jammu and Kashmir,Jammu,Jammu (Grain Mandi),Other,Cereals,17.1,4600,4800,4700,20-May-10
Jammu and Kashmir,Jammu,Jammu (Grain Mandi),Other,Cereals,17,4600,4800,4700,21-May-10
Jammu and Kashmir,Jammu,Jammu (Grain Mandi),Other,Cereals,17,4600,4800,4700,22-May-10
Jammu and Kashmir,Jammu,Jammu (Grain Mandi),Other,Cereals,16.5,4600,4800,4700,24-May-10
Jammu and Kashmir,Jammu,Jammu (Grain Mandi),Other,Cereals,16.9,4600,4800,4700,25-May-10
Jammu and Kashmir,Jammu,Jammu (Grain Mandi),Other,Cereals,17,4600,4800,4700,26-May-10
Jammu and Kashmir,Jammu,Jammu (Grain Mandi),Other,Cereals,17,4600,4800,4700,27-May-10
Jammu and Kashmir,Jammu,Jammu (Grain Mandi),Other,Cereals,16.8,4600,4800,4700,29-May-10
Jammu and Kashmir,Jammu,Jammu (Grain Mandi),Other,Cereals,16.8,4600,4800,4700,31-May-10
Jammu and Kashmir,Jammu,Jammu (Grain Mandi),Other,Cereals,17,4600,4800,4700,1-Jun-10
Jammu and Kashmir,Jammu,Jammu (Grain Mandi),Other,Cereals,17.1,4600,4800,4700,2-Jun-10
Jammu and Kashmir,Jammu,Jammu (Grain Mandi),Other,Cereals,16.9,4600,4800,4700,3-Jun-10
Jammu and Kashmir,Jammu,Jammu (Grain Mandi),Other,Cereals,17.2,4600,4800,4700,4-Jun-10
Jammu and Kashmir,Jammu,Jammu (Grain Mandi),Other,Cereals,16.9,4600,4800,4700,5-Jun-10
Jammu and Kashmir,Jammu,Jammu (Grain Mandi),Other,Cereals,17,4600,4800,4700,7-Jun-10
Jammu and Kashmir,Jammu,Jammu (Grain Mandi),Other,Cereals,17.2,4600,4800,4700,9-Jun-10
Jammu and Kashmir,Jammu,Jammu (Grain Mandi),Other,Cereals,17,4600,4800,4700,10-Jun-10
Jammu and Kashmir,Jammu,Jammu (Grain Mandi),Other,Cereals,17.1,4600,4800,4700,11-Jun-10
Jammu and Kashmir,Jammu,Jammu (Grain Mandi),Other,Cereals,16.9,4600,4800,4700,12-Jun-10
Jammu and Kashmir,Jammu,Jammu (Grain Mandi),Other,Cereals,17,4600,4800,4700,14-Jun-10
Jammu and Kashmir,Jammu,Jammu (Grain Mandi),Other,Cereals,16.9,4600,4800,4700,15-Jun-10
Jammu and Kashmir,Jammu,Jammu (Grain Mandi),Other,Cereals,17,4600,4800,4700,16-Jun-10
Jammu and Kashmir,Jammu,Jammu (Grain Mandi),Other,Cereals,16.8,4600,4800,4700,17-Jun-10
Jammu and Kashmir,Jammu,Jammu (Grain Mandi),Other,Cereals,17.2,4600,4800,4700,18-Jun-10
Jammu and Kashmir,Jammu,Jammu (Grain Mandi),Other,Cereals,17.2,4600,4800,4700,19-Jun-10
Jammu and Kashmir,Jammu,Jammu (Grain Mandi),Other,Cereals,17.2,4600,4800,4700,21-Jun-10
Jammu and Kashmir,Jammu,Jammu (Grain Mandi),Other,Cereals,17.4,4600,4800,4700,22-Jun-10
Jammu and Kashmir,Jammu,Jammu (Grain Mandi),Other,Cereals,17.1,4600,4800,4700,23-Jun-10
Jammu and Kashmir,Jammu,Jammu (Grain Mandi),Other,Cereals,16.8,4600,4800,4700,25-Jun-10
Jammu and Kashmir,Jammu,Jammu (Grain Mandi),Other,Cereals,17.2,4600,4800,4700,26-Jun-10
Jammu and Kashmir,Jammu,Jammu (Grain Mandi),Other,Cereals,16.5,4600,4800,4700,28-Jun-10
Jammu and Kashmir,Jammu,Jammu (Grain Mandi),Other,Cereals,16.5,4600,4800,4700,29-Jun-10
Jammu and Kashmir,Jammu,Jammu (Grain Mandi),Other,Cereals,17,4600,4800,4700,30-Jun-10
Jammu and Kashmir,Jammu,Jammu (Grain Mandi),Other,Cereals,16.8,4600,4800,4700,1-Jul-10
Jammu and Kashmir,Jammu,Jammu (Grain Mandi),Other,Cereals,16.4,4600,4800,4700,2-Jul-10
Jammu and Kashmir,Jammu,Jammu (Grain Mandi),Other,Cereals,16.3,4600,4800,4700,3-Jul-10
Jammu and Kashmir,Jammu,Jammu (Grain Mandi),Other,Cereals,16.3,4600,4800,4700,6-Jul-10
Jammu and Kashmir,Jammu,Jammu (Grain Mandi),Other,Cereals,16.3,4600,4800,4700,7-Jul-10
Jammu and Kashmir,Jammu,Jammu (Grain Mandi),Other,Cereals,16.4,4600,4800,4700,8-Jul-10
Jammu and Kashmir,Jammu,Jammu (Grain Mandi),Other,Cereals,16.5,4600,4800,4700,9-Jul-10
Jammu and Kashmir,Jammu,Jammu (Grain Mandi),Other,Cereals,16.5,4600,4800,4700,12-Jul-10
Jammu and Kashmir,Jammu,Jammu (Grain Mandi),Other,Cereals,16.8,4600,4800,4700,14-Jul-10
Jammu and Kashmir,Jammu,Jammu (Grain Mandi),Other,Cereals,16.8,4600,4800,4700,15-Jul-10
Jammu and Kashmir,Jammu,Jammu (Grain Mandi),Other,Cereals,16.9,4600,4800,4700,16-Jul-10
Jammu and Kashmir,Jammu,Jammu (Grain Mandi),Other,Cereals,16.9,4600,4800,4700,17-Jul-10
Jammu and Kashmir,Jammu,Jammu (Grain Mandi),Other,Cereals,17,4600,4800,4700,19-Jul-10
Jammu and Kashmir,Jammu,Jammu (Grain Mandi),Other,Cereals,16.7,4600,4800,4700,20-Jul-10
Jammu and Kashmir,Jammu,Jammu (Grain Mandi),Other,Cereals,16.9,4600,4800,4700,21-Jul-10
Jammu and Kashmir,Jammu,Jammu (Grain Mandi),Other,Cereals,16.9,4600,4800,4700,22-Jul-10
Jammu and Kashmir,Jammu,Jammu (Grain Mandi),Other,Cereals,16.8,4600,4800,4700,23-Jul-10
Jammu and Kashmir,Jammu,Jammu (Grain Mandi),Other,Cereals,16.8,4600,4800,4700,24-Jul-10
Jammu and Kashmir,Jammu,Jammu (Grain Mandi),Other,Cereals,16.9,4600,4800,4700,26-Jul-10
Jammu and Kashmir,Jammu,Jammu (Grain Mandi),Other,Cereals,16.9,4600,4800,4700,27-Jul-10
Jammu and Kashmir,Jammu,Jammu (Grain Mandi),Other,Cereals,16.9,4600,4800,4700,28-Jul-10
Jammu and Kashmir,Jammu,Jammu (Grain Mandi),Other,Cereals,16.8,4600,4800,4700,30-Jul-10
Jammu and Kashmir,Jammu,Jammu (Grain Mandi),Other,Cereals,17,4600,4800,4700,31-Jul-10
Jammu and Kashmir,Jammu,Jammu (Grain Mandi),Other,Cereals,16.5,4600,4800,4700,2-Aug-10
Jammu and Kashmir,Jammu,Jammu (Grain Mandi),Other,Cereals,16.8,4600,4800,4700,3-Aug-10
Jammu and Kashmir,Jammu,Jammu (Grain Mandi),Other,Cereals,16.9,4600,4800,4700,4-Aug-10
Jammu and Kashmir,Jammu,Jammu (Grain Mandi),Other,Cereals,16.8,2700,3400,3050,5-Aug-10
Jammu and Kashmir,Jammu,Jammu (Grain Mandi),Other,Cereals,16.8,4600,4800,4700,6-Aug-10
Jammu and Kashmir,Jammu,Jammu (Grain Mandi),Other,Cereals,16.8,4500,4700,4600,7-Aug-10
Jammu and Kashmir,Jammu,Jammu (Grain Mandi),Other,Cereals,16.7,4500,4700,4600,9-Aug-10
Jammu and Kashmir,Jammu,Jammu (Grain Mandi),Other,Cereals,16.5,4500,4700,4600,10-Aug-10
Jammu and Kashmir,Jammu,Jammu (Grain Mandi),Other,Cereals,16.7,4500,4700,4600,11-Aug-10
Jammu and Kashmir,Jammu,Jammu (Grain Mandi),Other,Cereals,16.8,4500,4700,4600,12-Aug-10
Jammu and Kashmir,Jammu,Jammu (Grain Mandi),Other,Cereals,16.5,4500,4700,4600,13-Aug-10
Jammu and Kashmir,Jammu,Jammu (Grain Mandi),Other,Cereals,16.8,4500,4700,4600,14-Aug-10
Jammu and Kashmir,Jammu,Jammu (Grain Mandi),Other,Cereals,16.5,4500,4700,4600,16-Aug-10
Jammu and Kashmir,Jammu,Jammu (Grain Mandi),Other,Cereals,16.4,4500,4700,4600,18-Aug-10
Jammu and Kashmir,Jammu,Jammu (Grain Mandi),Other,Cereals,16.6,4500,4700,4600,19-Aug-10
Jammu and Kashmir,Jammu,Jammu (Grain Mandi),Other,Cereals,16.7,4500,4700,4600,20-Aug-10
Jammu and Kashmir,Jammu,Jammu (Grain Mandi),Other,Cereals,16.7,4500,4700,4600,21-Aug-10
Jammu and Kashmir,Jammu,Jammu (Grain Mandi),Other,Cereals,16.9,4500,4700,4600,23-Aug-10
Jammu and Kashmir,Jammu,Jammu (Grain Mandi),Other,Cereals,17,4500,4700,4600,30-Aug-10
Jammu and Kashmir,Jammu,Jammu (Grain Mandi),Other,Cereals,16.8,4500,4700,4600,31-Aug-10
Jammu and Kashmir,Jammu,Jammu (Grain Mandi),Other,Cereals,17,4500,4700,4600,1-Sep-10
Jammu and Kashmir,Jammu,Jammu (Grain Mandi),Other,Cereals,16.8,4400,4600,4500,4-Sep-10
Jammu and Kashmir,Jammu,Jammu (Grain Mandi),Other,Cereals,16.9,4400,4600,4500,6-Sep-10
Jammu and Kashmir,Jammu,Jammu (Grain Mandi),Other,Cereals,17.1,4400,4600,4500,8-Sep-10
Jammu and Kashmir,Jammu,Jammu (Grain Mandi),Other,Cereals,16.5,4400,4600,4500,9-Sep-10
Jammu and Kashmir,Jammu,Jammu (Grain Mandi),Other,Cereals,16.7,4400,4600,4500,13-Sep-10
Jammu and Kashmir,Jammu,Jammu (Grain Mandi),Other,Cereals,16.9,4400,4600,4500,14-Sep-10
Jammu and Kashmir,Jammu,Jammu (Grain Mandi),Other,Cereals,17,4400,4600,4500,15-Sep-10
Jammu and Kashmir,Jammu,Jammu (Grain Mandi),Other,Cereals,17,4400,4600,4500,16-Sep-10
Jammu and Kashmir,Jammu,Jammu (Grain Mandi),Other,Cereals,17.2,4400,4600,4500,17-Sep-10
Jammu and Kashmir,Jammu,Jammu (Grain Mandi),Other,Cereals,17,4400,4600,4500,18-Sep-10
Jammu and Kashmir,Jammu,Jammu (Grain Mandi),Other,Cereals,16.8,4400,4600,4500,20-Sep-10
Jammu and Kashmir,Jammu,Jammu (Grain Mandi),Other,Cereals,16.8,4400,4600,4500,21-Sep-10
Jammu and Kashmir,Jammu,Jammu (Grain Mandi),Other,Cereals,17,4400,4600,4500,22-Sep-10
Jammu and Kashmir,Jammu,Jammu (Grain Mandi),Other,Cereals,16.8,4400,4600,4500,23-Sep-10
Jammu and Kashmir,Jammu,Jammu (Grain Mandi),Other,Cereals,16.8,4400,4600,4500,24-Sep-10
Jammu and Kashmir,Jammu,Jammu (Grain Mandi),Other,Cereals,17,4400,4600,4500,25-Sep-10
Jammu and Kashmir,Jammu,Jammu (Grain Mandi),Other,Cereals,16.6,4400,4600,4500,27-Sep-10
Jammu and Kashmir,Jammu,Jammu (Grain Mandi),Other,Cereals,16.9,4400,4600,4500,28-Sep-10
Jammu and Kashmir,Jammu,Jammu (Grain Mandi),Other,Cereals,17.1,4400,4600,4500,29-Sep-10
Jammu and Kashmir,Jammu,Jammu (Grain Mandi),Other,Cereals,16.9,4400,4600,4500,30-Sep-10
Jammu and Kashmir,Jammu,Jammu (Grain Mandi),Other,Cereals,16.9,4400,4600,4500,4-Oct-10
Jammu and Kashmir,Jammu,Jammu (Grain Mandi),Other,Cereals,16.9,4400,4600,4500,5-Oct-10
Jammu and Kashmir,Jammu,Jammu (Grain Mandi),Other,Cereals,17.2,4400,4600,4500,6-Oct-10
Jammu and Kashmir,Jammu,Jammu (Grain Mandi),Other,Cereals,17.1,4400,4600,4500,7-Oct-10
Jammu and Kashmir,Jammu,Jammu (Grain Mandi),Other,Cereals,17,4400,4600,4500,8-Oct-10
Jammu and Kashmir,Jammu,Jammu (Grain Mandi),Other,Cereals,17.2,4400,4600,4500,9-Oct-10
Jammu and Kashmir,Jammu,Jammu (Grain Mandi),Other,Cereals,16.9,4400,4600,4500,11-Oct-10
Jammu and Kashmir,Jammu,Jammu (Grain Mandi),Other,Cereals,17.1,4400,4600,4500,12-Oct-10
Jammu and Kashmir,Jammu,Jammu (Grain Mandi),Other,Cereals,17.1,4400,4600,4500,13-Oct-10
Jammu and Kashmir,Jammu,Jammu (Grain Mandi),Other,Cereals,17.1,4400,4600,4500,14-Oct-10
Jammu and Kashmir,Jammu,Jammu (Grain Mandi),Other,Cereals,16.8,4400,4600,4500,15-Oct-10
Jammu and Kashmir,Jammu,Jammu (Grain Mandi),Other,Cereals,17,4400,4600,4500,18-Oct-10
Jammu and Kashmir,Jammu,Jammu (Grain Mandi),Other,Cereals,16.9,4400,4600,4500,19-Oct-10
Jammu and Kashmir,Jammu,Jammu (Grain Mandi),Other,Cereals,17.1,4400,4600,4500,21-Oct-10
Jammu and Kashmir,Jammu,Jammu (Grain Mandi),Other,Cereals,17,4400,4600,4500,22-Oct-10
Jammu and Kashmir,Jammu,Jammu (Grain Mandi),Other,Cereals,17,4400,4600,4500,23-Oct-10
Jammu and Kashmir,Jammu,Jammu (Grain Mandi),Other,Cereals,17,4400,4600,4500,25-Oct-10
Jammu and Kashmir,Jammu,Jammu (Grain Mandi),Other,Cereals,16.8,4400,4600,4500,26-Oct-10
Jammu and Kashmir,Jammu,Jammu (Grain Mandi),Other,Cereals,17,4400,4600,4500,27-Oct-10
Jammu and Kashmir,Jammu,Jammu (Grain Mandi),Other,Cereals,17,4400,4600,4500,28-Oct-10
Jammu and Kashmir,Jammu,Jammu (Grain Mandi),Other,Cereals,16.8,4400,4600,4500,29-Oct-10
Jammu and Kashmir,Jammu,Jammu (Grain Mandi),Other,Cereals,19.8,4400,4600,4500,30-Oct-10
Jammu and Kashmir,Jammu,Jammu (Grain Mandi),Other,Cereals,16.8,4400,4600,4500,1-Nov-10
Jammu and Kashmir,Jammu,Jammu (Grain Mandi),Other,Cereals,17,4400,4600,4500,2-Nov-10
Jammu and Kashmir,Jammu,Jammu (Grain Mandi),Other,Cereals,17,4400,4600,4500,3-Nov-10
Jammu and Kashmir,Jammu,Jammu (Grain Mandi),Other,Cereals,16.5,4400,4600,4500,4-Nov-10
Jammu and Kashmir,Jammu,Jammu (Grain Mandi),Other,Cereals,16.9,4400,4600,4500,9-Nov-10
Jammu and Kashmir,Jammu,Jammu (Grain Mandi),Other,Cereals,17,4400,4600,4500,10-Nov-10
Jammu and Kashmir,Jammu,Jammu (Grain Mandi),Other,Cereals,17,4400,4600,4500,11-Nov-10
Jammu and Kashmir,Jammu,Jammu (Grain Mandi),Other,Cereals,16.7,4400,4600,4500,12-Nov-10
Jammu and Kashmir,Jammu,Jammu (Grain Mandi),Other,Cereals,16.9,4400,4600,4500,13-Nov-10
Jammu and Kashmir,Jammu,Jammu (Grain Mandi),Other,Cereals,16.7,4400,4600,4500,15-Nov-10
Jammu and Kashmir,Jammu,Jammu (Grain Mandi),Other,Cereals,16.5,4400,4500,4500,16-Nov-10
Jammu and Kashmir,Jammu,Jammu (Grain Mandi),Other,Cereals,16.8,4400,4600,4500,19-Nov-10
Jammu and Kashmir,Jammu,Jammu (Grain Mandi),Other,Cereals,16.9,4400,4600,4500,20-Nov-10
Jammu and Kashmir,Jammu,Jammu (Grain Mandi),Other,Cereals,16.6,4400,4600,4500,22-Nov-10
Jammu and Kashmir,Jammu,Jammu (Grain Mandi),Other,Cereals,16.5,4400,4600,4500,23-Nov-10
Jammu and Kashmir,Jammu,Jammu (Grain Mandi),Other,Cereals,16.4,4400,4600,4500,24-Nov-10
Jammu and Kashmir,Jammu,Jammu (Grain Mandi),Other,Cereals,16.6,4400,4600,4500,25-Nov-10
Jammu and Kashmir,Jammu,Jammu (Grain Mandi),Other,Cereals,16.9,4400,4600,4500,26-Nov-10
Jammu and Kashmir,Jammu,Jammu (Grain Mandi),Other,Cereals,16.9,4400,4600,4500,27-Nov-10
Jammu and Kashmir,Jammu,Jammu (Grain Mandi),Other,Cereals,16.8,4400,4600,4500,29-Nov-10
Jammu and Kashmir,Jammu,Jammu (Grain Mandi),Other,Cereals,16.8,4400,4600,4500,30-Nov-10
Jammu and Kashmir,Jammu,Jammu (Grain Mandi),Other,Cereals,17.2,4400,4600,4500,1-Dec-10
Jammu and Kashmir,Jammu,Jammu (Grain Mandi),Other,Cereals,17.2,4400,4600,4500,2-Dec-10
Jammu and Kashmir,Jammu,Jammu (Grain Mandi),Other,Cereals,17.2,4400,4600,4500,3-Dec-10
Jammu and Kashmir,Jammu,Jammu (Grain Mandi),Other,Cereals,16.9,4400,4600,4500,4-Dec-10
Jammu and Kashmir,Jammu,Jammu (Grain Mandi),Other,Cereals,16.9,4400,4600,4500,6-Dec-10
Jammu and Kashmir,Jammu,Jammu (Grain Mandi),Other,Cereals,17.1,4400,4600,4500,7-Dec-10
Jammu and Kashmir,Jammu,Jammu (Grain Mandi),Other,Cereals,16.8,5000,5200,5100,21-Dec-10
Jammu and Kashmir,Jammu,Jammu (Grain Mandi),Other,Cereals,16.8,5000,5200,5100,22-Dec-10
Jammu and Kashmir,Jammu,Jammu (Grain Mandi),Other,Cereals,16.8,5000,5200,5100,23-Dec-10
Jammu and Kashmir,Jammu,Jammu (Grain Mandi),Other,Cereals,17,5000,5200,5100,24-Dec-10
Jammu and Kashmir,Jammu,Jammu (Grain Mandi),Other,Cereals,169,5000,5200,0,27-Dec-10
Jammu and Kashmir,Jammu,Jammu (Grain Mandi),Other,Cereals,171,5000,5200,5100,28-Dec-10
Jammu and Kashmir,Jammu,Jammu (Grain Mandi),Other,Cereals,16.8,5000,5200,5100,29-Dec-10
Jammu and Kashmir,Jammu,Jammu (Grain Mandi),Other,Cereals,16.9,5000,5200,5100,30-Dec-10
Jammu and Kashmir,Jammu,Jammu (Grain Mandi),Other,Cereals,17.1,5000,5200,5100,31-Dec-10
Jammu and Kashmir,Jammu,Jammu (Grain Mandi),Other,Cereals,16.8,5000,5200,5100,1-Jan-11
Jammu and Kashmir,Jammu,Jammu (Grain Mandi),Other,Cereals,17,5000,5200,5100,3-Jan-11
Jammu and Kashmir,Jammu,Jammu (Grain Mandi),Other,Cereals,16.6,5000,5200,5100,4-Jan-11
Jammu and Kashmir,Jammu,Jammu (Grain Mandi),Other,Cereals,16.5,5000,5200,5100,5-Jan-11
Jammu and Kashmir,Jammu,Jammu (Grain Mandi),Other,Cereals,17,5000,5200,5100,6-Jan-11
Jammu and Kashmir,Jammu,Jammu (Grain Mandi),Other,Cereals,16.6,5000,7200,5100,7-Jan-11
Jammu and Kashmir,Jammu,Jammu (Grain Mandi),Other,Cereals,16.9,5000,5200,5100,8-Jan-11
Jammu and Kashmir,Jammu,Jammu (Grain Mandi),Other,Cereals,17,5000,5200,5100,10-Jan-11
Jammu and Kashmir,Jammu,Jammu (Grain Mandi),Other,Cereals,16.5,5000,5200,5100,12-Jan-11
Jammu and Kashmir,Jammu,Jammu (Grain Mandi),Other,Cereals,17,5000,5200,5100,14-Jan-11
Jammu and Kashmir,Jammu,Jammu (Grain Mandi),Other,Cereals,16.5,5000,5200,5100,15-Jan-11
Jammu and Kashmir,Jammu,Jammu (Grain Mandi),Other,Cereals,16.9,5000,5200,5100,17-Jan-11
Jammu and Kashmir,Jammu,Jammu (Grain Mandi),Other,Cereals,16.7,5100,5300,5200,18-Jan-11
Jammu and Kashmir,Jammu,Jammu (Grain Mandi),Other,Cereals,17,5100,5300,5200,19-Jan-11
Jammu and Kashmir,Jammu,Jammu (Grain Mandi),Other,Cereals,16.9,5100,5300,5200,20-Jan-11
Jammu and Kashmir,Jammu,Jammu (Grain Mandi),Other,Cereals,16.9,5100,5300,5200,22-Jan-11
Jammu and Kashmir,Jammu,Jammu (Grain Mandi),Other,Cereals,16.9,5100,5300,5200,24-Jan-11
Jammu and Kashmir,Jammu,Jammu (Grain Mandi),Other,Cereals,17,5100,5300,5200,25-Jan-11
Jammu and Kashmir,Jammu,Jammu (Grain Mandi),Other,Cereals,16.9,5100,5300,5200,27-Jan-11
Jammu and Kashmir,Jammu,Jammu (Grain Mandi),Other,Cereals,16.7,5100,5300,5200,28-Jan-11
Jammu and Kashmir,Jammu,Jammu (Grain Mandi),Other,Cereals,16.7,5100,5300,5200,29-Jan-11
Jammu and Kashmir,Jammu,Jammu (Grain Mandi),Other,Cereals,17,5100,5300,5200,31-Jan-11
Jammu and Kashmir,Jammu,Jammu (Grain Mandi),Other,Cereals,17,5100,5300,5200,1-Feb-11
Jammu and Kashmir,Jammu,Jammu (Grain Mandi),Other,Cereals,16.8,5100,5300,5200,2-Feb-11
Jammu and Kashmir,Jammu,Jammu (Grain Mandi),Other,Cereals,17,5100,5300,5200,3-Feb-11
Jammu and Kashmir,Jammu,Jammu (Grain Mandi),Other,Cereals,17.1,5100,5300,5200,4-Feb-11
Jammu and Kashmir,Jammu,Jammu (Grain Mandi),Other,Cereals,16.9,5100,5300,5200,5-Feb-11
Jammu and Kashmir,Jammu,Jammu (Grain Mandi),Other,Cereals,17,5100,5300,5200,7-Feb-11
Jammu and Kashmir,Jammu,Jammu (Grain Mandi),Other,Cereals,16.5,5100,5300,5200,8-Feb-11
Jammu and Kashmir,Jammu,Jammu (Grain Mandi),Other,Cereals,16.6,5100,5300,5200,9-Feb-11
Jammu and Kashmir,Jammu,Jammu (Grain Mandi),Other,Cereals,16.5,5100,5300,5200,10-Feb-11
Jammu and Kashmir,Jammu,Jammu (Grain Mandi),Other,Cereals,16.6,5100,5300,5200,11-Feb-11
Jammu and Kashmir,Jammu,Jammu (Grain Mandi),Other,Cereals,16.6,5100,5300,5200,12-Feb-11
Jammu and Kashmir,Jammu,Jammu (Grain Mandi),Other,Cereals,16.6,5100,5300,5200,14-Feb-11
Jammu and Kashmir,Jammu,Jammu (Grain Mandi),Other,Cereals,16,5100,5300,5200,15-Feb-11
Jammu and Kashmir,Jammu,Jammu (Grain Mandi),Other,Cereals,16.6,5100,5300,5200,17-Feb-11
Jammu and Kashmir,Jammu,Jammu (Grain Mandi),Other,Cereals,16,5100,5300,5200,19-Feb-11
Jammu and Kashmir,Jammu,Jammu (Grain Mandi),Other,Cereals,16.4,5100,5300,5200,21-Feb-11
Jammu and Kashmir,Jammu,Jammu (Grain Mandi),Other,Cereals,16.3,5100,5300,5200,22-Feb-11
Jammu and Kashmir,Jammu,Jammu (Grain Mandi),Other,Cereals,16.2,5100,5300,5200,23-Feb-11
Jammu and Kashmir,Jammu,Jammu (Grain Mandi),Other,Cereals,16.4,5100,5300,5200,24-Feb-11
Jammu and Kashmir,Jammu,Jammu (Grain Mandi),Other,Cereals,16.3,5300,5500,5400,25-Feb-11
Jammu and Kashmir,Jammu,Jammu (Grain Mandi),Other,Cereals,16.3,5300,5500,5400,26-Feb-11
Jammu and Kashmir,Jammu,Jammu (Grain Mandi),Other,Cereals,16.3,5300,5500,5400,28-Feb-11
Jammu and Kashmir,Jammu,Jammu (Grain Mandi),Other,Cereals,16.6,5300,5500,5400,1-Mar-11
Jammu and Kashmir,Jammu,Jammu (Grain Mandi),Other,Cereals,16.5,5300,5500,5400,4-Mar-11
Jammu and Kashmir,Jammu,Jammu (Grain Mandi),Other,Cereals,16.3,5300,5500,5400,5-Mar-11
Jammu and Kashmir,Jammu,Jammu (Grain Mandi),Other,Cereals,16.9,5300,5500,5400,7-Mar-11
Jammu and Kashmir,Jammu,Jammu (Grain Mandi),Other,Cereals,17,5300,5500,5400,8-Mar-11
Jammu and Kashmir,Jammu,Jammu (Grain Mandi),Other,Cereals,16.8,5300,5500,5400,9-Mar-11
Jammu and Kashmir,Jammu,Jammu (Grain Mandi),Other,Cereals,17,5300,5500,5400,10-Mar-11
Jammu and Kashmir,Jammu,Jammu (Grain Mandi),Other,Cereals,16.8,5300,5500,5400,11-Mar-11
Jammu and Kashmir,Jammu,Jammu (Grain Mandi),Other,Cereals,16.9,5300,5500,5400,12-Mar-11
Jammu and Kashmir,Jammu,Jammu (Grain Mandi),Other,Cereals,16.9,5300,5500,5400,14-Mar-11
Jammu and Kashmir,Jammu,Jammu (Grain Mandi),Other,Cereals,17.1,5300,5500,5400,15-Mar-11
Jammu and Kashmir,Jammu,Jammu (Grain Mandi),Other,Cereals,16.7,5300,5500,5400,16-Mar-11
Jammu and Kashmir,Jammu,Jammu (Grain Mandi),Other,Cereals,16.7,5300,5500,5400,17-Mar-11
Jammu and Kashmir,Jammu,Jammu (Grain Mandi),Other,Cereals,16.5,5300,5500,5400,18-Mar-11
Jammu and Kashmir,Jammu,Jammu (Grain Mandi),Other,Cereals,16.5,5300,5500,5400,22-Mar-11
Jammu and Kashmir,Jammu,Jammu (Grain Mandi),Other,Cereals,16.5,5300,5500,5400,23-Mar-11
Jammu and Kashmir,Jammu,Jammu (Grain Mandi),Other,Cereals,16.5,5300,5500,5400,24-Mar-11
Jammu and Kashmir,Jammu,Jammu (Grain Mandi),Other,Cereals,16.5,5300,5500,5400,25-Mar-11
Jammu and Kashmir,Jammu,Jammu (Grain Mandi),Other,Cereals,16.5,5300,5500,5400,26-Mar-11
Jammu and Kashmir,Jammu,Jammu (Grain Mandi),Other,Cereals,16.8,5300,5500,5400,28-Mar-11
Jammu and Kashmir,Jammu,Jammu (Grain Mandi),Other,Cereals,16.5,5300,5500,5400,29-Mar-11
Jammu and Kashmir,Jammu,Jammu (Grain Mandi),Other,Cereals,16.8,5300,5500,5400,30-Mar-11
Jammu and Kashmir,Jammu,Jammu (Grain Mandi),Other,Cereals,16.8,5300,5500,5400,31-Mar-11
Jammu and Kashmir,Jammu,Jammu (Grain Mandi),Other,Cereals,16.8,5300,5500,5400,1-Apr-11
Jammu and Kashmir,Jammu,Jammu (Grain Mandi),Other,Cereals,16.8,5300,5500,5400,2-Apr-11
Jammu and Kashmir,Jammu,Jammu (Grain Mandi),Other,Cereals,16.8,5300,5500,5400,5-Apr-11
Jammu and Kashmir,Jammu,Jammu (Grain Mandi),Other,Cereals,16.9,5300,5500,5400,6-Apr-11
Jammu and Kashmir,Jammu,Jammu (Grain Mandi),Other,Cereals,16.9,5600,5800,5700,7-Apr-11
Jammu and Kashmir,Jammu,Jammu (Grain Mandi),Other,Cereals,16.9,5600,5800,5700,8-Apr-11
Jammu and Kashmir,Jammu,Jammu (Grain Mandi),Other,Cereals,16.9,5600,5800,5700,9-Apr-11
Jammu and Kashmir,Jammu,Jammu (Grain Mandi),Other,Cereals,17,5600,5800,5700,13-Apr-11
Jammu and Kashmir,Jammu,Jammu (Grain Mandi),Other,Cereals,16.8,5600,5800,5700,15-Apr-11
Jammu and Kashmir,Jammu,Jammu (Grain Mandi),Other,Cereals,17,5600,5800,5700,18-Apr-11
Jammu and Kashmir,Jammu,Jammu (Grain Mandi),Other,Cereals,16.8,5600,5800,5700,19-Apr-11
Jammu and Kashmir,Jammu,Jammu (Grain Mandi),Other,Cereals,16.8,5600,5800,5700,20-Apr-11
Jammu and Kashmir,Jammu,Jammu (Grain Mandi),Other,Cereals,16.8,5600,5800,5700,21-Apr-11
Jammu and Kashmir,Jammu,Jammu (Grain Mandi),Other,Cereals,16.8,5600,5800,5700,23-Apr-11
Jammu and Kashmir,Jammu,Jammu (Grain Mandi),Other,Cereals,17,5600,5800,5700,25-Apr-11
Jammu and Kashmir,Jammu,Jammu (Grain Mandi),Other,Cereals,16.9,5600,5800,5700,26-Apr-11
Jammu and Kashmir,Jammu,Jammu (Grain Mandi),Other,Cereals,16.9,5600,5800,5700,27-Apr-11
Jammu and Kashmir,Jammu,Jammu (Grain Mandi),Other,Cereals,17.1,5600,5800,5700,28-Apr-11
Jammu and Kashmir,Jammu,Jammu (Grain Mandi),Other,Cereals,16.9,5600,5800,5700,29-Apr-11
Jammu and Kashmir,Jammu,Jammu (Grain Mandi),Other,Cereals,17,5600,5800,5700,30-Apr-11
Jammu and Kashmir,Jammu,Jammu (Grain Mandi),Other,Cereals,16.5,5600,5800,5700,2-May-11
Jammu and Kashmir,Jammu,Jammu (Grain Mandi),Other,Cereals,16.6,5600,5800,5700,3-May-11
Jammu and Kashmir,Jammu,Jammu (Grain Mandi),Other,Cereals,16.6,5600,5800,5700,4-May-11
Jammu and Kashmir,Jammu,Jammu (Grain Mandi),Other,Cereals,16.6,5600,5800,5700,5-May-11
Jammu and Kashmir,Jammu,Jammu (Grain Mandi),Other,Cereals,16.6,5600,5800,5700,9-May-11
Jammu and Kashmir,Jammu,Jammu (Grain Mandi),Other,Cereals,16.6,5600,5800,5700,10-May-11
Jammu and Kashmir,Jammu,Jammu (Grain Mandi),Other,Cereals,16.6,5600,5800,5700,11-May-11
Jammu and Kashmir,Jammu,Jammu (Grain Mandi),Other,Cereals,16.8,5600,5800,5700,12-May-11
Jammu and Kashmir,Jammu,Jammu (Grain Mandi),Other,Cereals,16.6,5600,5800,5700,13-May-11
Jammu and Kashmir,Jammu,Jammu (Grain Mandi),Other,Cereals,17.1,5600,5800,5700,14-May-11
Jammu and Kashmir,Jammu,Jammu (Grain Mandi),Other,Cereals,17.1,5600,5800,5700,16-May-11
Jammu and Kashmir,Jammu,Jammu (Grain Mandi),Other,Cereals,17.1,5600,5800,5700,18-May-11
Jammu and Kashmir,Jammu,Jammu (Grain Mandi),Other,Cereals,16.9,5600,5800,5700,19-May-11
Jammu and Kashmir,Jammu,Jammu (Grain Mandi),Other,Cereals,16.9,5600,5800,5700,20-May-11
Jammu and Kashmir,Jammu,Jammu (Grain Mandi),Other,Cereals,17.1,5600,5800,5700,21-May-11
Jammu and Kashmir,Jammu,Jammu (Grain Mandi),Other,Cereals,17.1,5600,5800,5700,23-May-11
Jammu and Kashmir,Jammu,Jammu (Grain Mandi),Other,Cereals,16.9,5600,5800,5700,24-May-11
Jammu and Kashmir,Jammu,Jammu (Grain Mandi),Other,Cereals,17.1,5600,5800,5700,25-May-11
Jammu and Kashmir,Jammu,Jammu (Grain Mandi),Other,Cereals,16.5,5600,5800,5700,26-May-11
Jammu and Kashmir,Jammu,Jammu (Grain Mandi),Other,Cereals,16.5,5600,5800,5700,27-May-11
Jammu and Kashmir,Jammu,Jammu (Grain Mandi),Other,Cereals,16.9,5600,5800,5700,28-May-11
Jammu and Kashmir,Jammu,Jammu (Grain Mandi),Other,Cereals,17,5600,5800,5700,30-May-11
Jammu and Kashmir,Jammu,Jammu (Grain Mandi),Other,Cereals,17,5600,5800,5700,31-May-11
Jammu and Kashmir,Jammu,Jammu (Grain Mandi),Other,Cereals,17,5600,5800,5700,1-Jun-11
Jammu and Kashmir,Jammu,Jammu (Grain Mandi),Other,Cereals,17,5600,5800,5700,2-Jun-11
Jammu and Kashmir,Jammu,Jammu (Grain Mandi),Other,Cereals,17,5600,5800,5700,3-Jun-11
Jammu and Kashmir,Jammu,Jammu (Grain Mandi),Other,Cereals,16.5,5600,5800,5700,4-Jun-11
Jammu and Kashmir,Jammu,Jammu (Grain Mandi),Other,Cereals,16.8,5600,5800,5700,6-Jun-11
Jammu and Kashmir,Jammu,Jammu (Grain Mandi),Other,Cereals,17,5600,5800,5700,7-Jun-11
Jammu and Kashmir,Jammu,Jammu (Grain Mandi),Other,Cereals,16.7,5600,5800,5700,8-Jun-11
Jammu and Kashmir,Jammu,Jammu (Grain Mandi),Other,Cereals,17,5600,5800,5700,9-Jun-11
Jammu and Kashmir,Jammu,Jammu (Grain Mandi),Other,Cereals,16.8,5600,5800,5700,10-Jun-11
Jammu and Kashmir,Jammu,Jammu (Grain Mandi),Other,Cereals,16.9,5600,5800,5700,11-Jun-11
Jammu and Kashmir,Jammu,Jammu (Grain Mandi),Other,Cereals,16.9,5600,5800,5700,16-Nov-11
Jammu and Kashmir,Jammu,Jammu (Grain Mandi),Other,Cereals,16.8,5600,5800,5700,17-Nov-11
Jammu and Kashmir,Jammu,Jammu (Grain Mandi),Other,Cereals,17,5600,5800,5700,18-Nov-11
Jammu and Kashmir,Jammu,Jammu (Grain Mandi),Other,Cereals,16.8,5600,5800,5700,19-Nov-11
Jammu and Kashmir,Jammu,Jammu (Grain Mandi),Other,Cereals,16.9,5600,5800,5700,21-Nov-11
Jammu and Kashmir,Jammu,Jammu (Grain Mandi),Other,Cereals,16.9,5600,5800,5700,22-Nov-11
Jammu and Kashmir,Jammu,Jammu (Grain Mandi),Other,Cereals,16.9,5600,5800,5700,23-Nov-11
Jammu and Kashmir,Jammu,Jammu (Grain Mandi),Other,Cereals,16.5,5600,5800,5700,24-Nov-11
Jammu and Kashmir,Jammu,Jammu (Grain Mandi),Other,Cereals,16.7,5600,5800,5700,25-Nov-11
Jammu and Kashmir,Jammu,Jammu (Grain Mandi),Other,Cereals,16.8,5600,5800,5700,26-Nov-11
Jammu and Kashmir,Jammu,Jammu (Grain Mandi),Other,Cereals,16.8,5600,5800,5700,28-Nov-11
Jammu and Kashmir,Jammu,Jammu (Grain Mandi),Other,Cereals,17,5600,5800,5700,29-Nov-11
Jammu and Kashmir,Jammu,Jammu (Grain Mandi),Other,Cereals,16.5,5600,5800,5700,30-Nov-11
Jammu and Kashmir,Jammu,Jammu (Grain Mandi),Other,Cereals,16.5,5600,5800,5700,1-Dec-11
Jammu and Kashmir,Jammu,Jammu (Grain Mandi),Other,Cereals,16.5,5600,5800,5700,2-Dec-11
Jammu and Kashmir,Jammu,Jammu (Grain Mandi),Other,Cereals,16.6,5600,5800,5700,3-Dec-11
Jammu and Kashmir,Jammu,Jammu (Grain Mandi),Other,Cereals,16.9,5600,5800,5700,7-Dec-11
Jammu and Kashmir,Jammu,Jammu (Grain Mandi),Other,Cereals,16.9,5600,5800,5700,8-Dec-11
Jammu and Kashmir,Jammu,Jammu (Grain Mandi),Other,Cereals,17,5600,5800,5700,9-Dec-11
Jammu and Kashmir,Jammu,Jammu (Grain Mandi),Other,Cereals,17,5600,5800,5700,10-Dec-11
Jammu and Kashmir,Jammu,Jammu (Grain Mandi),Other,Cereals,16.5,5600,5800,5700,13-Dec-11
Jammu and Kashmir,Jammu,Jammu (Grain Mandi),Other,Cereals,16.5,5600,5800,5700,14-Dec-11
Jammu and Kashmir,Jammu,Jammu (Grain Mandi),Other,Cereals,16.5,5600,5800,5700,15-Dec-11
Jammu and Kashmir,Jammu,Jammu (Grain Mandi),Other,Cereals,16.7,5600,5800,5700,16-Dec-11
Jammu and Kashmir,Jammu,Jammu (Grain Mandi),Other,Cereals,16.7,5600,5800,5700,17-Dec-11
Jammu and Kashmir,Jammu,Jammu (Grain Mandi),Other,Cereals,16.6,5600,5800,5700,19-Dec-11
Jammu and Kashmir,Jammu,Jammu (Grain Mandi),Other,Cereals,17.1,5600,5800,5700,21-Dec-11
Jammu and Kashmir,Jammu,Jammu (Grain Mandi),Other,Cereals,17.1,5600,5800,5700,22-Dec-11
Jammu and Kashmir,Jammu,Jammu (Grain Mandi),Other,Cereals,17.1,5600,5800,5700,23-Dec-11
Jammu and Kashmir,Jammu,Jammu (Grain Mandi),Other,Cereals,17.1,5600,5800,5700,24-Dec-11
Jammu and Kashmir,Jammu,Jammu (Grain Mandi),Other,Cereals,16.7,5600,5800,5700,26-Dec-11
Jammu and Kashmir,Jammu,Jammu (Grain Mandi),Other,Cereals,16.7,5600,5800,5700,27-Dec-11
Jammu and Kashmir,Jammu,Jammu (Grain Mandi),Other,Cereals,16.7,5600,5800,5700,28-Dec-11
Jammu and Kashmir,Jammu,Jammu (Grain Mandi),Other,Cereals,17.1,5600,5800,5700,2-Jan-12
Jammu and Kashmir,Jammu,Jammu (Grain Mandi),Other,Cereals,16.8,5600,5800,5700,7-Jan-12
Jammu and Kashmir,Jammu,Jammu (Grain Mandi),Other,Cereals,17.5,5000,5300,5150,9-Jan-12
Jammu and Kashmir,Jammu,Jammu (Grain Mandi),Other,Cereals,17.7,5000,5300,5150,10-Jan-12
Jammu and Kashmir,Jammu,Jammu (Grain Mandi),Other,Cereals,17.5,5000,5300,5150,11-Jan-12
Jammu and Kashmir,Jammu,Jammu (Grain Mandi),Other,Cereals,17.4,5400,5700,5550,12-Jan-12
Jammu and Kashmir,Jammu,Jammu (Grain Mandi),Other,Cereals,17.4,5400,5700,5550,14-Jan-12
Jammu and Kashmir,Jammu,Jammu (Grain Mandi),Other,Cereals,17.4,5400,5700,5550,16-Jan-12
Jammu and Kashmir,Jammu,Jammu (Grain Mandi),Other,Cereals,17.6,5400,5700,5550,17-Jan-12
Jammu and Kashmir,Jammu,Jammu (Grain Mandi),Other,Cereals,17.6,5400,5700,5550,18-Jan-12
Jammu and Kashmir,Jammu,Jammu (Grain Mandi),Other,Cereals,17.4,5400,5700,5550,19-Jan-12
Jammu and Kashmir,Jammu,Jammu (Grain Mandi),Other,Cereals,17.4,5400,5700,5550,20-Jan-12
Jammu and Kashmir,Jammu,Jammu (Grain Mandi),Other,Cereals,17.1,5400,5700,5550,21-Jan-12
Jammu and Kashmir,Jammu,Jammu (Grain Mandi),Other,Cereals,16,5400,5700,5550,23-Jan-12
Jammu and Kashmir,Jammu,Jammu (Grain Mandi),Other,Cereals,17,5400,5700,5550,24-Jan-12
Jammu and Kashmir,Jammu,Jammu (Grain Mandi),Other,Cereals,17.2,5400,5700,5550,25-Jan-12
Jammu and Kashmir,Jammu,Jammu (Grain Mandi),Other,Cereals,17.1,5400,5700,5550,27-Jan-12
Jammu and Kashmir,Jammu,Jammu (Grain Mandi),Other,Cereals,17.2,5400,5700,5550,28-Jan-12
Jammu and Kashmir,Jammu,Jammu (Grain Mandi),Other,Cereals,17,5400,5700,5550,30-Jan-12
Jammu and Kashmir,Jammu,Jammu (Grain Mandi),Other,Cereals,17.5,5400,5700,5550,31-Jan-12
Jammu and Kashmir,Jammu,Jammu (Grain Mandi),Other,Cereals,17.4,5400,5700,5550,1-Feb-12
Jammu and Kashmir,Jammu,Jammu (Grain Mandi),Other,Cereals,16.9,5400,5700,5550,2-Feb-12
Jammu and Kashmir,Jammu,Jammu (Grain Mandi),Other,Cereals,16.9,5400,5700,5550,3-Feb-12
Jammu and Kashmir,Jammu,Jammu (Grain Mandi),Other,Cereals,17.1,5400,5700,5550,8-Feb-12
Jammu and Kashmir,Jammu,Jammu (Grain Mandi),Other,Cereals,17,5400,5700,5550,9-Feb-12
Jammu and Kashmir,Jammu,Jammu (Grain Mandi),Other,Cereals,17.1,5400,5700,5550,11-Feb-12
Jammu and Kashmir,Jammu,Jammu (Grain Mandi),Other,Cereals,17.1,5400,5700,5550,13-Feb-12
Jammu and Kashmir,Jammu,Jammu (Grain Mandi),Other,Cereals,17.1,5400,5700,5550,14-Feb-12
Jammu and Kashmir,Jammu,Jammu (Grain Mandi),Other,Cereals,17.2,5400,5700,5550,15-Feb-12
Jammu and Kashmir,Jammu,Jammu (Grain Mandi),Other,Cereals,16.8,5400,5700,5550,16-Feb-12
Jammu and Kashmir,Jammu,Jammu (Grain Mandi),Other,Cereals,17,5400,5700,5550,17-Feb-12
Jammu and Kashmir,Jammu,Jammu (Grain Mandi),Other,Cereals,17,5400,5700,5550,18-Feb-12
Jammu and Kashmir,Jammu,Jammu (Grain Mandi),Other,Cereals,16.8,5400,5700,5550,21-Feb-12
Jammu and Kashmir,Jammu,Jammu (Grain Mandi),Other,Cereals,16.9,5400,5700,5550,22-Feb-12
Jammu and Kashmir,Jammu,Jammu (Grain Mandi),Other,Cereals,17.1,5400,5700,5550,23-Feb-12
Jammu and Kashmir,Jammu,Jammu (Grain Mandi),Other,Cereals,17.1,5400,5700,5550,24-Feb-12
Jammu and Kashmir,Jammu,Jammu (Grain Mandi),Other,Cereals,16.9,5400,5700,5550,27-Feb-12
Jammu and Kashmir,Jammu,Jammu (Grain Mandi),Other,Cereals,17.1,5400,5700,5550,28-Feb-12
Jammu and Kashmir,Jammu,Jammu (Grain Mandi),Other,Cereals,17.4,5400,5700,5550,1-Mar-12
Jammu and Kashmir,Jammu,Jammu (Grain Mandi),Other,Cereals,17.3,5400,5700,5550,2-Mar-12
Jammu and Kashmir,Jammu,Jammu (Grain Mandi),Other,Cereals,16.9,5400,5700,5550,3-Mar-12
Jammu and Kashmir,Jammu,Jammu (Grain Mandi),Other,Cereals,17.1,5400,5700,5550,10-Mar-12
Jammu and Kashmir,Jammu,Jammu (Grain Mandi),Other,Cereals,17.1,5400,5700,5550,12-Mar-12
Jammu and Kashmir,Jammu,Jammu (Grain Mandi),Other,Cereals,16.3,5400,5700,5550,13-Mar-12
Jammu and Kashmir,Jammu,Jammu (Grain Mandi),Other,Cereals,17.1,5400,5700,5550,14-Mar-12
Jammu and Kashmir,Jammu,Jammu (Grain Mandi),Other,Cereals,17.2,5400,5700,5550,15-Mar-12
Jammu and Kashmir,Jammu,Jammu (Grain Mandi),Other,Cereals,17,5400,5700,5550,19-Mar-12
Jammu and Kashmir,Jammu,Jammu (Grain Mandi),Other,Cereals,17,5400,5700,5550,20-Mar-12
Jammu and Kashmir,Jammu,Jammu (Grain Mandi),Other,Cereals,16.9,5400,5700,5550,22-Mar-12
Jammu and Kashmir,Jammu,Jammu (Grain Mandi),Other,Cereals,17.5,5000,5200,5100,2-Apr-12
Jammu and Kashmir,Jammu,Jammu (Grain Mandi),Other,Cereals,17.4,5000,5200,5100,3-Apr-12
Jammu and Kashmir,Jammu,Jammu (Grain Mandi),Other,Cereals,17.4,5000,5200,5100,4-Apr-12
Jammu and Kashmir,Jammu,Jammu (Grain Mandi),Other,Cereals,17.5,5000,5200,5100,7-Apr-12
Jammu and Kashmir,Jammu,Jammu (Grain Mandi),Other,Cereals,17.1,5000,5200,5100,9-Apr-12
Jammu and Kashmir,Jammu,Jammu (Grain Mandi),Other,Cereals,16.8,5000,5200,5100,10-Apr-12
Jammu and Kashmir,Jammu,Jammu (Grain Mandi),Other,Cereals,16.5,5000,5200,5100,11-Apr-12
Jammu and Kashmir,Jammu,Jammu (Grain Mandi),Other,Cereals,17.2,5000,5200,5100,12-Apr-12
Jammu and Kashmir,Jammu,Jammu (Grain Mandi),Other,Cereals,17,5000,5200,5100,16-Apr-12
Jammu and Kashmir,Jammu,Jammu (Grain Mandi),Other,Cereals,18,5800,6000,5900,17-Apr-12
Jammu and Kashmir,Jammu,Jammu (Grain Mandi),Other,Cereals,17.9,5800,6000,5900,18-Apr-12
Jammu and Kashmir,Jammu,Jammu (Grain Mandi),Other,Cereals,17.9,5800,6000,5900,19-Apr-12
Jammu and Kashmir,Jammu,Jammu (Grain Mandi),Other,Cereals,17.8,5800,6000,5900,20-Apr-12
Jammu and Kashmir,Jammu,Jammu (Grain Mandi),Other,Cereals,17.9,5800,6000,5900,21-Apr-12
Jammu and Kashmir,Jammu,Jammu (Grain Mandi),Other,Cereals,17.5,5800,6000,5900,23-Apr-12
Jammu and Kashmir,Jammu,Jammu (Grain Mandi),Other,Cereals,17,5800,6000,5900,24-Apr-12
Jammu and Kashmir,Jammu,Jammu (Grain Mandi),Other,Cereals,17,5800,6000,5900,25-Apr-12
Jammu and Kashmir,Jammu,Jammu (Grain Mandi),Other,Cereals,17,5800,6000,5900,26-Apr-12
Jammu and Kashmir,Jammu,Jammu (Grain Mandi),Other,Cereals,16.8,5800,6000,5900,27-Apr-12
Jammu and Kashmir,Jammu,Jammu (Grain Mandi),Other,Cereals,16.9,5800,6000,5900,28-Apr-12
Jammu and Kashmir,Jammu,Jammu (Grain Mandi),Other,Cereals,16.7,5800,6000,5900,30-Apr-12
Jammu and Kashmir,Jammu,Jammu (Grain Mandi),Other,Cereals,16.6,5800,6000,5900,1-May-12
Jammu and Kashmir,Jammu,Jammu (Grain Mandi),Other,Cereals,16.8,5800,6000,5900,2-May-12
Jammu and Kashmir,Jammu,Jammu (Grain Mandi),Other,Cereals,16.9,5800,6000,5900,3-May-12
Jammu and Kashmir,Jammu,Jammu (Grain Mandi),Other,Cereals,16.9,5800,6000,5900,4-May-12
Jammu and Kashmir,Jammu,Jammu (Grain Mandi),Other,Cereals,17.2,5800,6000,5900,5-May-12
Jammu and Kashmir,Jammu,Jammu (Grain Mandi),Other,Cereals,17.1,5800,6000,5900,7-May-12
Jammu and Kashmir,Jammu,Jammu (Grain Mandi),Other,Cereals,16.9,5800,6000,5900,8-May-12
Jammu and Kashmir,Jammu,Jammu (Grain Mandi),Other,Cereals,17,5800,6000,5900,9-May-12
Jammu and Kashmir,Jammu,Jammu (Grain Mandi),Other,Cereals,16.9,5800,6000,5900,12-May-12
Jammu and Kashmir,Jammu,Jammu (Grain Mandi),Super Fine,Cereals,16.9,2900,3000,2950,12-May-12
Jammu and Kashmir,Jammu,Jammu (Grain Mandi),Other,Cereals,16.9,5800,6000,5900,14-May-12
Jammu and Kashmir,Jammu,Jammu (Grain Mandi),Super Fine,Cereals,16.9,2900,3000,2950,14-May-12
Jammu and Kashmir,Jammu,Jammu (Grain Mandi),Other,Cereals,16.9,5800,6000,5900,16-May-12
Jammu and Kashmir,Jammu,Jammu (Grain Mandi),Super Fine,Cereals,16.9,2900,3000,2950,16-May-12
Jammu and Kashmir,Jammu,Jammu (Grain Mandi),Other,Cereals,16.8,5800,6000,5900,17-May-12
Jammu and Kashmir,Jammu,Jammu (Grain Mandi),Super Fine,Cereals,16.8,2900,3000,2950,17-May-12
Jammu and Kashmir,Jammu,Jammu (Grain Mandi),Other,Cereals,16.9,5800,6000,5900,18-May-12
Jammu and Kashmir,Jammu,Jammu (Grain Mandi),Super Fine,Cereals,16.9,2900,3000,2950,18-May-12
Jammu and Kashmir,Jammu,Jammu (Grain Mandi),Other,Cereals,17,6200,6400,6300,19-May-12
Jammu and Kashmir,Jammu,Jammu (Grain Mandi),Super Fine,Cereals,17,3200,3300,3250,19-May-12
Jammu and Kashmir,Jammu,Jammu (Grain Mandi),Other,Cereals,17,6200,6400,6300,21-May-12
Jammu and Kashmir,Jammu,Jammu (Grain Mandi),Super Fine,Cereals,17,3200,3300,3250,21-May-12
Jammu and Kashmir,Jammu,Jammu (Grain Mandi),Super Fine,Cereals,17,3200,3300,3250,22-May-12
Jammu and Kashmir,Jammu,Jammu (Grain Mandi),Other,Cereals,16.5,6200,6400,6300,23-May-12
Jammu and Kashmir,Jammu,Jammu (Grain Mandi),Super Fine,Cereals,16.5,3200,3300,3250,23-May-12
Jammu and Kashmir,Jammu,Jammu (Grain Mandi),Other,Cereals,16.4,6200,6400,6300,24-May-12
Jammu and Kashmir,Jammu,Jammu (Grain Mandi),Super Fine,Cereals,16.4,3000,3100,3050,24-May-12
Jammu and Kashmir,Jammu,Jammu (Grain Mandi),Other,Cereals,16.4,6200,6400,6300,25-May-12
Jammu and Kashmir,Jammu,Jammu (Grain Mandi),Super Fine,Cereals,16.4,3200,3300,3250,25-May-12
Jammu and Kashmir,Jammu,Jammu (Grain Mandi),Other,Cereals,16.4,6200,6400,6300,26-May-12
Jammu and Kashmir,Jammu,Jammu (Grain Mandi),Super Fine,Cereals,16.4,3200,3300,3250,26-May-12
Jammu and Kashmir,Jammu,Jammu (Grain Mandi),Other,Cereals,16.4,3200,3300,3250,28-May-12
Jammu and Kashmir,Jammu,Jammu (Grain Mandi),Super Fine,Cereals,16.4,6200,6400,6300,28-May-12
Jammu and Kashmir,Jammu,Jammu (Grain Mandi),Other,Cereals,16.4,3200,3300,3250,29-May-12
Jammu and Kashmir,Jammu,Jammu (Grain Mandi),Super Fine,Cereals,16.4,6200,6400,6300,29-May-12
Jammu and Kashmir,Jammu,Jammu (Grain Mandi),Other,Cereals,17.1,3200,3300,3250,31-May-12
Jammu and Kashmir,Jammu,Jammu (Grain Mandi),Super Fine,Cereals,17.1,6200,6400,6300,31-May-12
Jammu and Kashmir,Jammu,Jammu (Grain Mandi),Other,Cereals,16.4,3200,3300,3250,1-Jun-12
Jammu and Kashmir,Jammu,Jammu (Grain Mandi),Super Fine,Cereals,16.4,3200,3300,3250,1-Jun-12
Jammu and Kashmir,Jammu,Jammu (Grain Mandi),Other,Cereals,17,5700,5900,5800,2-Jun-12
Jammu and Kashmir,Jammu,Jammu (Grain Mandi),Super Fine,Cereals,17,3200,3300,3250,2-Jun-12
Jammu and Kashmir,Jammu,Jammu (Grain Mandi),Other,Cereals,16.9,3200,3300,3250,5-Jun-12
Jammu and Kashmir,Jammu,Jammu (Grain Mandi),Super Fine,Cereals,16.9,3200,3300,3250,5-Jun-12
Jammu and Kashmir,Jammu,Jammu (Grain Mandi),Other,Cereals,17,3200,3300,3250,6-Jun-12
Jammu and Kashmir,Jammu,Jammu (Grain Mandi),Other,Cereals,16.9,3200,3300,3250,7-Jun-12
Jammu and Kashmir,Jammu,Jammu (Grain Mandi),Super Fine,Cereals,16.9,3200,3300,3250,7-Jun-12
Jammu and Kashmir,Jammu,Jammu (Grain Mandi),Other,Cereals,17.1,3200,3300,3250,8-Jun-12
Jammu and Kashmir,Jammu,Jammu (Grain Mandi),Super Fine,Cereals,17.1,3200,3300,3250,8-Jun-12
Jammu and Kashmir,Jammu,Jammu (Grain Mandi),Other,Cereals,16.9,3200,3300,3250,13-Jun-12
Jammu and Kashmir,Jammu,Jammu (Grain Mandi),Super Fine,Cereals,16.9,6200,6400,6300,13-Jun-12
Jammu and Kashmir,Jammu,Jammu (Grain Mandi),Other,Cereals,16.9,3200,3300,3250,14-Jun-12
Jammu and Kashmir,Jammu,Jammu (Grain Mandi),Super Fine,Cereals,16.9,6200,6400,6300,14-Jun-12
Jammu and Kashmir,Jammu,Jammu (Grain Mandi),Other,Cereals,17,3200,3300,3250,15-Jun-12
Jammu and Kashmir,Jammu,Jammu (Grain Mandi),Super Fine,Cereals,17,6200,6400,6300,15-Jun-12
Jammu and Kashmir,Jammu,Jammu (Grain Mandi),Other,Cereals,17,3200,3300,3250,16-Jun-12
Jammu and Kashmir,Jammu,Jammu (Grain Mandi),Super Fine,Cereals,17,6200,6400,6300,16-Jun-12
Jammu and Kashmir,Jammu,Jammu (Grain Mandi),Super Fine,Cereals,17.1,3200,3300,3250,1-Jul-12
Jammu and Kashmir,Jammu,Jammu (Grain Mandi),Super Fine,Cereals,16.9,3200,3300,3250,3-Jul-12
Jammu and Kashmir,Jammu,Jammu (Grain Mandi),Super Fine,Cereals,16.9,3200,3300,3250,6-Jul-12
Jammu and Kashmir,Jammu,Jammu (Grain Mandi),Super Fine,Cereals,17.1,3200,3300,3250,7-Jul-12
Jammu and Kashmir,Jammu,Jammu (Grain Mandi),Super Fine,Cereals,17.1,3200,3300,3250,9-Jul-12
Jammu and Kashmir,Jammu,Jammu (Grain Mandi),Super Fine,Cereals,17.1,3200,3300,3250,10-Jul-12
Jammu and Kashmir,Jammu,Jammu (Grain Mandi),Super Fine,Cereals,17.1,3200,3300,3250,11-Jul-12
Jammu and Kashmir,Jammu,Jammu (Grain Mandi),Super Fine,Cereals,17.1,3200,3300,3250,12-Jul-12
Jammu and Kashmir,Jammu,Jammu (Grain Mandi),Super Fine,Cereals,17.1,3200,3300,3250,14-Jul-12
Jammu and Kashmir,Jammu,Jammu (Grain Mandi),Super Fine,Cereals,17.1,3200,3300,3250,16-Jul-12
Jammu and Kashmir,Jammu,Jammu (Grain Mandi),Super Fine,Cereals,17.1,3200,3300,3250,17-Jul-12
Jammu and Kashmir,Jammu,Jammu (Grain Mandi),Super Fine,Cereals,17.1,3200,3300,3250,18-Jul-12
Jammu and Kashmir,Jammu,Jammu (Grain Mandi),Super Fine,Cereals,17.1,3250,3300,3250,19-Jul-12
Jammu and Kashmir,Jammu,Jammu (Grain Mandi),Super Fine,Cereals,17.1,3200,3300,3250,20-Jul-12
Jammu and Kashmir,Jammu,Jammu (Grain Mandi),Super Fine,Cereals,17.1,3200,3300,3250,21-Jul-12
Jammu and Kashmir,Jammu,Jammu (Grain Mandi),Super Fine,Cereals,16.9,2800,3000,2900,23-Jul-12
Jammu and Kashmir,Jammu,Jammu (Grain Mandi),Super Fine,Cereals,16.9,2800,3000,2900,24-Jul-12
Jammu and Kashmir,Jammu,Jammu (Grain Mandi),Super Fine,Cereals,16.9,2800,3000,2900,25-Jul-12
Jammu and Kashmir,Jammu,Jammu (Grain Mandi),Super Fine,Cereals,17,2800,3000,2900,26-Jul-12
Jammu and Kashmir,Jammu,Jammu (Grain Mandi),Super Fine,Cereals,17,2800,3000,2900,28-Jul-12
Jammu and Kashmir,Jammu,Jammu (Grain Mandi),Super Fine,Cereals,17,2800,3000,2900,30-Jul-12
Jammu and Kashmir,Jammu,Jammu (Grain Mandi),Super Fine,Cereals,17,2800,3000,2900,31-Jul-12
Jammu and Kashmir,Jammu,Jammu (Grain Mandi),Basmatibar (Raw/Old),Cereals,17,5800,6000,5900,1-Aug-12
Jammu and Kashmir,Jammu,Jammu (Grain Mandi),Super Fine,Cereals,17,2800,3000,2900,1-Aug-12
Jammu and Kashmir,Jammu,Jammu (Grain Mandi),Basmatibar (Raw/Old),Cereals,17,5800,6000,5900,3-Aug-12
Jammu and Kashmir,Jammu,Jammu (Grain Mandi),Super Fine,Cereals,17,2800,3000,2900,3-Aug-12
Jammu and Kashmir,Jammu,Jammu (Grain Mandi),Basmatibar (Raw/Old),Cereals,17,5800,6000,5900,5-Aug-12
Jammu and Kashmir,Jammu,Jammu (Grain Mandi),Super Fine,Cereals,17,2800,3000,2900,5-Aug-12
Jammu and Kashmir,Jammu,Jammu (Grain Mandi),Basmatibar (Raw/Old),Cereals,17,5800,6000,5900,6-Aug-12
Jammu and Kashmir,Jammu,Jammu (Grain Mandi),Super Fine,Cereals,17,2800,3000,2900,6-Aug-12
Jammu and Kashmir,Jammu,Jammu (Grain Mandi),Basmatibar (Raw/Old),Cereals,17,5800,6000,5900,7-Aug-12
Jammu and Kashmir,Jammu,Jammu (Grain Mandi),Super Fine,Cereals,17,2800,3000,2900,7-Aug-12
Jammu and Kashmir,Jammu,Jammu (Grain Mandi),Basmatibar (Raw/Old),Cereals,17,5800,6000,5900,8-Aug-12
Jammu and Kashmir,Jammu,Jammu (Grain Mandi),Super Fine,Cereals,17,2800,3000,2900,8-Aug-12
Jammu and Kashmir,Jammu,Jammu (Grain Mandi),Basmatibar (Raw/Old),Cereals,17,5800,6000,5900,9-Aug-12
Jammu and Kashmir,Jammu,Jammu (Grain Mandi),Super Fine,Cereals,17,2800,3000,2900,9-Aug-12
Jammu and Kashmir,Jammu,Jammu (Grain Mandi),Basmatibar (Raw/Old),Cereals,16.9,5800,6000,5900,11-Aug-12
Jammu and Kashmir,Jammu,Jammu (Grain Mandi),Super Fine,Cereals,16.9,2800,3000,2900,11-Aug-12
Jammu and Kashmir,Jammu,Jammu (Grain Mandi),Basmatibar (Raw/Old),Cereals,17,6000,6200,6100,13-Aug-12
Jammu and Kashmir,Jammu,Jammu (Grain Mandi),Super Fine,Cereals,17,3300,3400,3350,13-Aug-12
Jammu and Kashmir,Jammu,Jammu (Grain Mandi),Basmatibar (Raw/Old),Cereals,17,6000,6200,6100,14-Aug-12
Jammu and Kashmir,Jammu,Jammu (Grain Mandi),Super Fine,Cereals,17,3300,3400,3350,14-Aug-12
Jammu and Kashmir,Jammu,Jammu (Grain Mandi),Basmatibar (Raw/Old),Cereals,17,6000,6200,6100,18-Aug-12
Jammu and Kashmir,Jammu,Jammu (Grain Mandi),Super Fine,Cereals,17,3300,3400,3350,18-Aug-12
Jammu and Kashmir,Jammu,Jammu (Grain Mandi),Basmatibar (Raw/Old),Cereals,17,6000,6200,6100,23-Aug-12
Jammu and Kashmir,Jammu,Jammu (Grain Mandi),Super Fine,Cereals,17,3300,3400,3350,23-Aug-12
Jammu and Kashmir,Jammu,Jammu (Grain Mandi),Basmatibar (Raw/Old),Cereals,17,6000,6200,6100,24-Aug-12
Jammu and Kashmir,Jammu,Jammu (Grain Mandi),Super Fine,Cereals,17,3300,3400,3350,24-Aug-12
Jammu and Kashmir,Jammu,Jammu (Grain Mandi),Basmatibar (Raw/Old),Cereals,17,6000,6200,6100,25-Aug-12
Jammu and Kashmir,Jammu,Jammu (Grain Mandi),Super Fine,Cereals,17,3300,3400,3350,25-Aug-12
Jammu and Kashmir,Jammu,Jammu (Grain Mandi),Basmatibar (Raw/Old),Cereals,17,6000,6200,6100,27-Aug-12
Jammu and Kashmir,Jammu,Jammu (Grain Mandi),Super Fine,Cereals,17,3300,3400,3350,27-Aug-12
Jammu and Kashmir,Jammu,Jammu (Grain Mandi),Basmatibar (Raw/Old),Cereals,17,6000,6200,6100,28-Aug-12
Jammu and Kashmir,Jammu,Jammu (Grain Mandi),Super Fine,Cereals,17,3300,3400,3350,28-Aug-12
Jammu and Kashmir,Jammu,Jammu (Grain Mandi),Basmatibar (Raw/Old),Cereals,17,6000,6200,6100,29-Aug-12
Jammu and Kashmir,Jammu,Jammu (Grain Mandi),Super Fine,Cereals,17,3300,3400,3350,29-Aug-12
Jammu and Kashmir,Jammu,Jammu (Grain Mandi),Basmatibar (Raw/Old),Cereals,17,6000,6200,6100,30-Aug-12
Jammu and Kashmir,Jammu,Jammu (Grain Mandi),Super Fine,Cereals,17,3300,3400,3350,30-Aug-12
Jammu and Kashmir,Jammu,Jammu (Grain Mandi),Basmatibar (Raw/Old),Cereals,17,6000,6200,6100,31-Aug-12
Jammu and Kashmir,Jammu,Jammu (Grain Mandi),Super Fine,Cereals,17,3300,3400,3350,31-Aug-12
Jammu and Kashmir,Jammu,Jammu (Grain Mandi),Basmatibar (Raw/Old),Cereals,17,6000,6200,6100,1-Sep-12
Jammu and Kashmir,Jammu,Jammu (Grain Mandi),Super Fine,Cereals,17,3300,3400,3350,1-Sep-12
Jammu and Kashmir,Jammu,Jammu (Grain Mandi),Basmatibar (Raw/Old),Cereals,17,6000,6200,6100,3-Sep-12
Jammu and Kashmir,Jammu,Jammu (Grain Mandi),Super Fine,Cereals,17,3300,3400,3350,3-Sep-12
Jammu and Kashmir,Jammu,Jammu (Grain Mandi),Basmatibar (Raw/Old),Cereals,17,6000,6200,6100,4-Sep-12
Jammu and Kashmir,Jammu,Jammu (Grain Mandi),Super Fine,Cereals,17,3300,3400,3350,4-Sep-12
Jammu and Kashmir,Jammu,Jammu (Grain Mandi),Basmatibar (Raw/Old),Cereals,17,6000,6200,6100,5-Sep-12
Jammu and Kashmir,Jammu,Jammu (Grain Mandi),Super Fine,Cereals,17,3300,3400,3350,5-Sep-12
Jammu and Kashmir,Jammu,Jammu (Grain Mandi),Basmatibar (Raw/Old),Cereals,17,6000,6200,6100,6-Sep-12
Jammu and Kashmir,Jammu,Jammu (Grain Mandi),Super Fine,Cereals,17,3300,3400,3350,6-Sep-12
Jammu and Kashmir,Jammu,Jammu (Grain Mandi),Basmatibar (Raw/Old),Cereals,17,6000,6200,6100,8-Sep-12
Jammu and Kashmir,Jammu,Jammu (Grain Mandi),Super Fine,Cereals,17,3300,3400,3350,8-Sep-12
Jammu and Kashmir,Jammu,Jammu (Grain Mandi),Basmatibar (Raw/Old),Cereals,17,6000,6200,6100,10-Sep-12
Jammu and Kashmir,Jammu,Jammu (Grain Mandi),Super Fine,Cereals,17,3300,3400,3350,10-Sep-12
Jammu and Kashmir,Jammu,Jammu (Grain Mandi),Basmatibar (Raw/Old),Cereals,17,6000,6200,6100,11-Sep-12
Jammu and Kashmir,Jammu,Jammu (Grain Mandi),Super Fine,Cereals,17,3300,3400,3350,11-Sep-12
Jammu and Kashmir,Jammu,Jammu (Grain Mandi),Basmatibar (Raw/Old),Cereals,17,6000,6200,6100,12-Sep-12
Jammu and Kashmir,Jammu,Jammu (Grain Mandi),Super Fine,Cereals,17,3300,3400,3350,12-Sep-12
Jammu and Kashmir,Jammu,Jammu (Grain Mandi),Basmatibar (Raw/Old),Cereals,17,6000,6200,6100,13-Sep-12
Jammu and Kashmir,Jammu,Jammu (Grain Mandi),Super Fine,Cereals,17,3300,3400,3350,13-Sep-12
Jammu and Kashmir,Jammu,Jammu (Grain Mandi),Basmatibar (Raw/Old),Cereals,17,6000,6200,6100,14-Sep-12
Jammu and Kashmir,Jammu,Jammu (Grain Mandi),Super Fine,Cereals,17,3300,3400,3350,14-Sep-12
Jammu and Kashmir,Jammu,Jammu (Grain Mandi),Basmatibar (Raw/Old),Cereals,17,6000,6200,6100,17-Sep-12
Jammu and Kashmir,Jammu,Jammu (Grain Mandi),Super Fine,Cereals,17,3300,3400,3350,17-Sep-12
Jammu and Kashmir,Jammu,Jammu (Grain Mandi),Basmatibar (Raw/Old),Cereals,17,6000,6200,6100,18-Sep-12
Jammu and Kashmir,Jammu,Jammu (Grain Mandi),Super Fine,Cereals,17,3300,3400,3350,18-Sep-12
Jammu and Kashmir,Jammu,Jammu (Grain Mandi),Basmatibar (Raw/Old),Cereals,17,6000,6200,6100,19-Sep-12
Jammu and Kashmir,Jammu,Jammu (Grain Mandi),Super Fine,Cereals,17,3300,3400,3350,19-Sep-12
Jammu and Kashmir,Jammu,Jammu (Grain Mandi),Basmatibar (Raw/Old),Cereals,17,6000,6200,6100,20-Sep-12
Jammu and Kashmir,Jammu,Jammu (Grain Mandi),Super Fine,Cereals,17,3300,3400,3350,20-Sep-12
Jammu and Kashmir,Jammu,Jammu (Grain Mandi),Basmatibar (Raw/Old),Cereals,17,6000,6200,6100,21-Sep-12
Jammu and Kashmir,Jammu,Jammu (Grain Mandi),Super Fine,Cereals,17,3300,3400,3350,21-Sep-12
Jammu and Kashmir,Jammu,Jammu (Grain Mandi),Basmatibar (Raw/Old),Cereals,17,6000,6200,6100,22-Sep-12
Jammu and Kashmir,Jammu,Jammu (Grain Mandi),Super Fine,Cereals,17,3300,3400,3350,22-Sep-12
Jammu and Kashmir,Jammu,Jammu (Grain Mandi),Basmatibar (Raw/Old),Cereals,17,6000,6200,6100,24-Sep-12
Jammu and Kashmir,Jammu,Jammu (Grain Mandi),Super Fine,Cereals,17,3300,3400,3350,24-Sep-12
Jammu and Kashmir,Jammu,Jammu (Grain Mandi),Basmatibar (Raw/Old),Cereals,17,6000,6200,6100,25-Sep-12
Jammu and Kashmir,Jammu,Jammu (Grain Mandi),Super Fine,Cereals,17,3300,3400,3350,25-Sep-12
Jammu and Kashmir,Jammu,Jammu (Grain Mandi),Basmatibar (Raw/Old),Cereals,17,6000,6200,6100,26-Sep-12
Jammu and Kashmir,Jammu,Jammu (Grain Mandi),Super Fine,Cereals,17,3300,3400,3350,26-Sep-12
Jammu and Kashmir,Jammu,Jammu (Grain Mandi),Basmatibar (Raw/Old),Cereals,17,6000,6200,6100,27-Sep-12
Jammu and Kashmir,Jammu,Jammu (Grain Mandi),Super Fine,Cereals,17,3300,3400,3350,27-Sep-12
Jammu and Kashmir,Jammu,Jammu (Grain Mandi),Basmatibar (Raw/Old),Cereals,17,6000,6200,6100,28-Sep-12
Jammu and Kashmir,Jammu,Jammu (Grain Mandi),Super Fine,Cereals,17,3300,3400,3350,28-Sep-12
Jammu and Kashmir,Jammu,Jammu (Grain Mandi),Super Fine,Cereals,17,3300,3400,3350,29-Sep-12
Jammu and Kashmir,Jammu,Jammu (Grain Mandi),Basmatibar (Raw/Old),Cereals,17,6000,6200,6100,1-Oct-12
Jammu and Kashmir,Jammu,Jammu (Grain Mandi),Super Fine,Cereals,17,3300,3400,3350,1-Oct-12
Jammu and Kashmir,Jammu,Jammu (Grain Mandi),Basmatibar (Raw/Old),Cereals,17,6000,6200,6100,3-Oct-12
Jammu and Kashmir,Jammu,Jammu (Grain Mandi),Super Fine,Cereals,17,3300,3400,3350,3-Oct-12
Jammu and Kashmir,Jammu,Jammu (Grain Mandi),Basmatibar (Raw/Old),Cereals,17,6000,6200,6100,4-Oct-12
Jammu and Kashmir,Jammu,Jammu (Grain Mandi),Super Fine,Cereals,17,3300,3400,3350,4-Oct-12
Jammu and Kashmir,Jammu,Jammu (Grain Mandi),Basmatibar (Raw/Old),Cereals,17,5800,6000,5900,5-Oct-12
Jammu and Kashmir,Jammu,Jammu (Grain Mandi),Super Fine,Cereals,17,3200,3300,3250,5-Oct-12
Jammu and Kashmir,Jammu,Jammu (Grain Mandi),Basmatibar (Raw/Old),Cereals,17,5800,6000,5900,6-Oct-12
Jammu and Kashmir,Jammu,Jammu (Grain Mandi),Super Fine,Cereals,17,3200,3300,3250,6-Oct-12
Jammu and Kashmir,Jammu,Jammu (Grain Mandi),Basmatibar (Raw/Old),Cereals,17,5800,6000,5900,8-Oct-12
Jammu and Kashmir,Jammu,Jammu (Grain Mandi),Super Fine,Cereals,17,3200,3300,3250,8-Oct-12
Jammu and Kashmir,Jammu,Jammu (Grain Mandi),Basmatibar (Raw/Old),Cereals,17,5800,6000,5900,9-Oct-12
Jammu and Kashmir,Jammu,Jammu (Grain Mandi),Super Fine,Cereals,17,3200,3300,3250,9-Oct-12
Jammu and Kashmir,Jammu,Jammu (Grain Mandi),Basmatibar (Raw/Old),Cereals,17,5800,6000,5900,10-Oct-12
Jammu and Kashmir,Jammu,Jammu (Grain Mandi),Super Fine,Cereals,17,3200,3300,3250,10-Oct-12
Jammu and Kashmir,Jammu,Jammu (Grain Mandi),Super Fine,Cereals,17,3200,3300,3250,11-Oct-12
Jammu and Kashmir,Jammu,Jammu (Grain Mandi),Basmatibar (Raw/Old),Cereals,17,5800,6000,5900,12-Oct-12
Jammu and Kashmir,Jammu,Jammu (Grain Mandi),Super Fine,Cereals,17,3200,3300,3250,12-Oct-12
Jammu and Kashmir,Jammu,Jammu (Grain Mandi),Basmatibar (Raw/Old),Cereals,17,5800,6000,5900,13-Oct-12
Jammu and Kashmir,Jammu,Jammu (Grain Mandi),Super Fine,Cereals,17,3200,3300,3250,13-Oct-12
Jammu and Kashmir,Jammu,Jammu (Grain Mandi),Basmatibar (Raw/Old),Cereals,17,5800,6000,5900,15-Oct-12
Jammu and Kashmir,Jammu,Jammu (Grain Mandi),Super Fine,Cereals,17,3200,3300,3250,15-Oct-12
Jammu and Kashmir,Jammu,Jammu (Grain Mandi),Basmatibar (Raw/Old),Cereals,17,5800,6000,5900,16-Oct-12
Jammu and Kashmir,Jammu,Jammu (Grain Mandi),Super Fine,Cereals,17,3200,3300,3250,16-Oct-12
Jammu and Kashmir,Jammu,Jammu (Grain Mandi),Basmatibar (Raw/Old),Cereals,17,5800,6000,5900,17-Oct-12
Jammu and Kashmir,Jammu,Jammu (Grain Mandi),Super Fine,Cereals,17,3200,3300,3250,17-Oct-12
Jammu and Kashmir,Jammu,Jammu (Grain Mandi),Basmatibar (Raw/Old),Cereals,17,5800,6000,5900,18-Oct-12
Jammu and Kashmir,Jammu,Jammu (Grain Mandi),Super Fine,Cereals,17,3200,3300,3250,18-Oct-12
Jammu and Kashmir,Jammu,Jammu (Grain Mandi),Basmatibar (Raw/Old),Cereals,17,5800,6000,5900,19-Oct-12
Jammu and Kashmir,Jammu,Jammu (Grain Mandi),Super Fine,Cereals,17,3200,3300,3250,19-Oct-12
Jammu and Kashmir,Jammu,Jammu (Grain Mandi),Basmatibar (Raw/Old),Cereals,17,5800,6000,5900,20-Oct-12
Jammu and Kashmir,Jammu,Jammu (Grain Mandi),Super Fine,Cereals,17,3200,3300,3250,20-Oct-12
Jammu and Kashmir,Jammu,Jammu (Grain Mandi),Basmatibar (Raw/Old),Cereals,17,5800,6000,5900,22-Oct-12
Jammu and Kashmir,Jammu,Jammu (Grain Mandi),Super Fine,Cereals,17,3200,3300,3250,22-Oct-12
Jammu and Kashmir,Jammu,Jammu (Grain Mandi),Basmatibar (Raw/Old),Cereals,17,5800,6000,5900,25-Oct-12
Jammu and Kashmir,Jammu,Jammu (Grain Mandi),Super Fine,Cereals,17,3200,3300,3250,25-Oct-12
Jammu and Kashmir,Jammu,Jammu (Grain Mandi),Basmatibar (Raw/Old),Cereals,17,5800,6000,5900,26-Oct-12
Jammu and Kashmir,Jammu,Jammu (Grain Mandi),Super Fine,Cereals,17,3200,3300,3250,26-Oct-12
Jammu and Kashmir,Jammu,Jammu (Grain Mandi),Basmatibar (Raw/Old),Cereals,17,5800,6000,5900,29-Oct-12
Jammu and Kashmir,Jammu,Jammu (Grain Mandi),Super Fine,Cereals,17,3200,3300,3250,29-Oct-12
Jammu and Kashmir,Jammu,Jammu (Grain Mandi),Basmatibar (Raw/Old),Cereals,17,3200,3300,3250,30-Oct-12
Jammu and Kashmir,Jammu,Jammu (Grain Mandi),Super Fine,Cereals,17,3100,3200,3150,30-Oct-12
Jammu and Kashmir,Jammu,Jammu (Grain Mandi),Basmatibar (Raw/Old),Cereals,17,5800,6000,5900,31-Oct-12
Jammu and Kashmir,Jammu,Jammu (Grain Mandi),Super Fine,Cereals,17,3200,3300,3250,31-Oct-12
Jammu and Kashmir,Jammu,Jammu (Grain Mandi),Basmatibar (Raw/Old),Cereals,17,5800,6000,5900,1-Nov-12
Jammu and Kashmir,Jammu,Jammu (Grain Mandi),Super Fine,Cereals,17,3200,3300,3250,1-Nov-12
Jammu and Kashmir,Jammu,Jammu (Grain Mandi),Basmatibar (Raw/Old),Cereals,17,5800,6000,5900,2-Nov-12
Jammu and Kashmir,Jammu,Jammu (Grain Mandi),Super Fine,Cereals,17,3200,3300,3250,2-Nov-12
Jammu and Kashmir,Jammu,Jammu (Grain Mandi),Basmatibar (Raw/Old),Cereals,17,5800,6000,5900,3-Nov-12
Jammu and Kashmir,Jammu,Jammu (Grain Mandi),Super Fine,Cereals,17,3200,3300,3250,3-Nov-12
Jammu and Kashmir,Jammu,Jammu (Grain Mandi),Basmatibar (Raw/Old),Cereals,17,5800,6000,5900,5-Nov-12
Jammu and Kashmir,Jammu,Jammu (Grain Mandi),Super Fine,Cereals,17,3200,3300,3250,5-Nov-12
Jammu and Kashmir,Jammu,Jammu (Grain Mandi),Basmatibar (Raw/Old),Cereals,17,5800,6000,5900,6-Nov-12
Jammu and Kashmir,Jammu,Jammu (Grain Mandi),Super Fine,Cereals,17,3200,3300,3250,6-Nov-12
Jammu and Kashmir,Jammu,Jammu (Grain Mandi),Basmatibar (Raw/Old),Cereals,17,5800,6000,5900,7-Nov-12
Jammu and Kashmir,Jammu,Jammu (Grain Mandi),Super Fine,Cereals,17,3200,3300,3250,7-Nov-12
Jammu and Kashmir,Jammu,Jammu (Grain Mandi),Basmatibar (Raw/Old),Cereals,17,5800,6000,5900,8-Nov-12
Jammu and Kashmir,Jammu,Jammu (Grain Mandi),Super Fine,Cereals,17,3200,3300,3250,8-Nov-12
Jammu and Kashmir,Jammu,Jammu (Grain Mandi),Basmatibar (Raw/Old),Cereals,17,5800,6000,5900,9-Nov-12
Jammu and Kashmir,Jammu,Jammu (Grain Mandi),Super Fine,Cereals,17,3200,3300,3250,9-Nov-12
Jammu and Kashmir,Jammu,Jammu (Grain Mandi),Basmatibar (Raw/Old),Cereals,17,5800,6000,5900,10-Nov-12
Jammu and Kashmir,Jammu,Jammu (Grain Mandi),Super Fine,Cereals,17,3200,3300,3250,10-Nov-12
Jammu and Kashmir,Jammu,Jammu (Grain Mandi),Basmatibar (Raw/Old),Cereals,17,5800,6000,5900,12-Nov-12
Jammu and Kashmir,Jammu,Jammu (Grain Mandi),Super Fine,Cereals,17,3200,3300,3250,12-Nov-12
Jammu and Kashmir,Jammu,Jammu (Grain Mandi),Basmatibar (Raw/Old),Cereals,17,5800,6000,5900,14-Nov-12
Jammu and Kashmir,Jammu,Jammu (Grain Mandi),Super Fine,Cereals,17,3200,3300,3250,14-Nov-12
Jammu and Kashmir,Jammu,Jammu (Grain Mandi),Basmatibar (Raw/Old),Cereals,17,5800,6000,5900,15-Nov-12
Jammu and Kashmir,Jammu,Jammu (Grain Mandi),Super Fine,Cereals,17,3200,3300,3250,15-Nov-12
Jammu and Kashmir,Jammu,Jammu (Grain Mandi),Basmatibar (Raw/Old),Cereals,17,5800,6000,5900,16-Nov-12
Jammu and Kashmir,Jammu,Jammu (Grain Mandi),Super Fine,Cereals,17,3200,3300,3250,16-Nov-12
Jammu and Kashmir,Jammu,Jammu (Grain Mandi),Basmatibar (Raw/Old),Cereals,17,5800,6000,5900,17-Nov-12
Jammu and Kashmir,Jammu,Jammu (Grain Mandi),Super Fine,Cereals,17,3200,3300,3250,17-Nov-12
Jammu and Kashmir,Jammu,Jammu (Grain Mandi),Basmatibar (Raw/Old),Cereals,17,5800,6000,5900,19-Nov-12
Jammu and Kashmir,Jammu,Jammu (Grain Mandi),Super Fine,Cereals,17,3200,3300,3250,19-Nov-12
Jammu and Kashmir,Jammu,Jammu (Grain Mandi),Basmatibar (Raw/Old),Cereals,17,5800,6000,5900,26-Nov-12
Jammu and Kashmir,Jammu,Jammu (Grain Mandi),Super Fine,Cereals,17,3200,3300,3250,26-Nov-12
Jammu and Kashmir,Jammu,Jammu (Grain Mandi),Basmatibar (Raw/Old),Cereals,17,5800,6000,5900,27-Nov-12
Jammu and Kashmir,Jammu,Jammu (Grain Mandi),Super Fine,Cereals,17,3200,3300,3250,27-Nov-12
Jammu and Kashmir,Jammu,Jammu (Grain Mandi),Basmatibar (Raw/Old),Cereals,17,5800,6000,5900,29-Nov-12
Jammu and Kashmir,Jammu,Jammu (Grain Mandi),Super Fine,Cereals,17,3200,3300,3250,29-Nov-12
Jammu and Kashmir,Jammu,Jammu (Grain Mandi),Basmatibar (Raw/Old),Cereals,17,5800,6000,5900,30-Nov-12
Jammu and Kashmir,Jammu,Jammu (Grain Mandi),Super Fine,Cereals,17,3200,3300,3250,30-Nov-12
Jammu and Kashmir,Jammu,Jammu (Grain Mandi),Basmatibar (Raw/Old),Cereals,17,5800,6000,5900,3-Dec-12
Jammu and Kashmir,Jammu,Jammu (Grain Mandi),Super Fine,Cereals,17,3200,3300,3250,3-Dec-12
Jammu and Kashmir,Jammu,Jammu (Grain Mandi),Basmatibar (Raw/Old),Cereals,17,5800,6000,5900,4-Dec-12
Jammu and Kashmir,Jammu,Jammu (Grain Mandi),Super Fine,Cereals,17,3200,3300,3250,4-Dec-12
Jammu and Kashmir,Jammu,Jammu (Grain Mandi),Basmatibar (Raw/Old),Cereals,17,5800,6000,5900,6-Dec-12
Jammu and Kashmir,Jammu,Jammu (Grain Mandi),Super Fine,Cereals,17,3200,3300,3250,6-Dec-12
Jammu and Kashmir,Jammu,Jammu (Grain Mandi),Basmatibar (Raw/Old),Cereals,17,5800,6000,5900,7-Dec-12
Jammu and Kashmir,Jammu,Jammu (Grain Mandi),Super Fine,Cereals,17,3200,3300,3250,7-Dec-12
Jammu and Kashmir,Jammu,Jammu (Grain Mandi),Basmatibar (Raw/Old),Cereals,17,5800,6000,5900,8-Dec-12
Jammu and Kashmir,Jammu,Jammu (Grain Mandi),Super Fine,Cereals,17,3200,3300,3250,8-Dec-12
Jammu and Kashmir,Jammu,Jammu (Grain Mandi),Basmatibar (Raw/Old),Cereals,17,5800,6000,5900,10-Dec-12
Jammu and Kashmir,Jammu,Jammu (Grain Mandi),Super Fine,Cereals,17,3200,3300,3250,10-Dec-12
Jammu and Kashmir,Jammu,Jammu (Grain Mandi),Basmatibar (Raw/Old),Cereals,17,6100,6300,6200,11-Dec-12
Jammu and Kashmir,Jammu,Jammu (Grain Mandi),Super Fine,Cereals,17,3200,3300,3250,11-Dec-12
Jammu and Kashmir,Jammu,Jammu (Grain Mandi),Basmatibar (Raw/Old),Cereals,17,6100,6300,6200,12-Dec-12
Jammu and Kashmir,Jammu,Jammu (Grain Mandi),Super Fine,Cereals,17,3200,3300,3250,12-Dec-12
Jammu and Kashmir,Jammu,Jammu (Grain Mandi),Basmatibar (Raw/Old),Cereals,17,6100,6300,6200,13-Dec-12
Jammu and Kashmir,Jammu,Jammu (Grain Mandi),Super Fine,Cereals,17,3200,3300,3250,13-Dec-12
Jammu and Kashmir,Jammu,Jammu (Grain Mandi),Basmatibar (Raw/Old),Cereals,17,6100,6300,6200,14-Dec-12
Jammu and Kashmir,Jammu,Jammu (Grain Mandi),Super Fine,Cereals,17,3200,3300,3250,14-Dec-12
Jammu and Kashmir,Jammu,Jammu (Grain Mandi),Basmatibar (Raw/Old),Cereals,17,6100,6300,6200,15-Dec-12
Jammu and Kashmir,Jammu,Jammu (Grain Mandi),Super Fine,Cereals,17,3200,3300,3250,15-Dec-12
Jammu and Kashmir,Jammu,Jammu (Grain Mandi),Basmatibar (Raw/Old),Cereals,17,6100,6300,6200,17-Dec-12
Jammu and Kashmir,Jammu,Jammu (Grain Mandi),Basmatibar (Raw/Old),Cereals,17,6100,6300,6200,18-Dec-12
Jammu and Kashmir,Jammu,Jammu (Grain Mandi),Super Fine,Cereals,17,3200,3300,3250,18-Dec-12
Jammu and Kashmir,Jammu,Jammu (Grain Mandi),Basmatibar (Raw/Old),Cereals,17,6100,6300,6200,19-Dec-12
Jammu and Kashmir,Jammu,Jammu (Grain Mandi),Super Fine,Cereals,17,3200,3300,3250,19-Dec-12
Jammu and Kashmir,Jammu,Jammu (Grain Mandi),Basmatibar (Raw/Old),Cereals,170,6100,6300,6200,20-Dec-12
Jammu and Kashmir,Jammu,Jammu (Grain Mandi),Super Fine,Cereals,170,3100,3200,3150,20-Dec-12
Jammu and Kashmir,Jammu,Jammu (Grain Mandi),Basmatibar (Raw/Old),Cereals,170,6100,6300,6200,21-Dec-12
Jammu and Kashmir,Jammu,Jammu (Grain Mandi),Super Fine,Cereals,170,3100,3200,3150,21-Dec-12
Jammu and Kashmir,Jammu,Jammu (Grain Mandi),Basmatibar (Raw/Old),Cereals,17,6100,6300,6200,22-Dec-12
Jammu and Kashmir,Jammu,Jammu (Grain Mandi),Super Fine,Cereals,17,3100,3200,3150,22-Dec-12
Jammu and Kashmir,Jammu,Jammu (Grain Mandi),Basmatibar (Raw/Old),Cereals,17,3200,3300,3250,25-Dec-12
Jammu and Kashmir,Jammu,Jammu (Grain Mandi),Super Fine,Cereals,17,3100,3200,3150,25-Dec-12
Jammu and Kashmir,Jammu,Jammu (Grain Mandi),Basmatibar (Raw/Old),Cereals,17,3200,3300,3250,26-Dec-12
Jammu and Kashmir,Jammu,Jammu (Grain Mandi),Super Fine,Cereals,17,3100,3200,3150,26-Dec-12
Jammu and Kashmir,Jammu,Jammu (Grain Mandi),Basmatibar (Raw/Old),Cereals,17,3200,3300,3250,27-Dec-12
Jammu and Kashmir,Jammu,Jammu (Grain Mandi),Super Fine,Cereals,17,3100,3200,3150,27-Dec-12
Jammu and Kashmir,Jammu,Jammu (Grain Mandi),Basmatibar (Raw/Old),Cereals,17,3200,3300,3250,28-Dec-12
Jammu and Kashmir,Jammu,Jammu (Grain Mandi),Super Fine,Cereals,17,3100,3200,3150,28-Dec-12
Jammu and Kashmir,Jammu,Jammu (Grain Mandi),Super Fine,Cereals,17,3100,3200,3150,29-Dec-12
Jammu and Kashmir,Jammu,Jammu (Grain Mandi),Basmatibar (Raw/Old),Cereals,17,6100,6300,6200,31-Dec-12
Jammu and Kashmir,Jammu,Jammu (Grain Mandi),Super Fine,Cereals,17,3100,3200,3150,31-Dec-12
Jammu and Kashmir,Jammu,Jammu (Grain Mandi),Basmatibar (Raw/Old),Cereals,17,6100,6300,6200,2-Jan-13
Jammu and Kashmir,Jammu,Jammu (Grain Mandi),Super Fine,Cereals,17,3200,3300,3250,2-Jan-13
Jammu and Kashmir,Jammu,Jammu (Grain Mandi),Basmatibar (Raw/Old),Cereals,17,6100,6300,6200,4-Jan-13
Jammu and Kashmir,Jammu,Jammu (Grain Mandi),Super Fine,Cereals,17,3200,3300,3250,4-Jan-13
Jammu and Kashmir,Jammu,Jammu (Grain Mandi),Basmatibar (Raw/Old),Cereals,17,6100,6300,6200,7-Jan-13
Jammu and Kashmir,Jammu,Jammu (Grain Mandi),Super Fine,Cereals,17,3200,3300,3250,7-Jan-13
Jammu and Kashmir,Jammu,Jammu (Grain Mandi),Basmatibar (Raw/Old),Cereals,17,6400,6700,6550,9-Jan-13
Jammu and Kashmir,Jammu,Jammu (Grain Mandi),Super Fine,Cereals,17,3200,3300,3250,9-Jan-13
Jammu and Kashmir,Jammu,Jammu (Grain Mandi),Basmatibar (Raw/Old),Cereals,17,6100,6300,6200,10-Jan-13
Jammu and Kashmir,Jammu,Jammu (Grain Mandi),Super Fine,Cereals,17,3200,3300,3250,10-Jan-13
Jammu and Kashmir,Jammu,Jammu (Grain Mandi),Basmatibar (Raw/Old),Cereals,17,6400,6700,6550,11-Jan-13
Jammu and Kashmir,Jammu,Jammu (Grain Mandi),Super Fine,Cereals,17,3200,3300,3250,11-Jan-13
Jammu and Kashmir,Jammu,Jammu (Grain Mandi),Basmatibar (Raw/Old),Cereals,17,6400,6700,6550,14-Jan-13
Jammu and Kashmir,Jammu,Jammu (Grain Mandi),Super Fine,Cereals,17,3200,3300,3250,14-Jan-13
Jammu and Kashmir,Jammu,Jammu (Grain Mandi),Basmatibar (Raw/Old),Cereals,17,6400,6700,6550,15-Jan-13
Jammu and Kashmir,Jammu,Jammu (Grain Mandi),Super Fine,Cereals,17,3200,3300,3250,15-Jan-13
Jammu and Kashmir,Jammu,Jammu (Grain Mandi),Basmatibar (Raw/Old),Cereals,17,6400,6700,6550,16-Jan-13
Jammu and Kashmir,Jammu,Jammu (Grain Mandi),Super Fine,Cereals,17,3200,3300,3250,16-Jan-13
Jammu and Kashmir,Jammu,Jammu (Grain Mandi),Basmatibar (Raw/Old),Cereals,17,6400,6700,6550,17-Jan-13
Jammu and Kashmir,Jammu,Jammu (Grain Mandi),Super Fine,Cereals,17,3200,3300,3250,17-Jan-13
Jammu and Kashmir,Jammu,Jammu (Grain Mandi),Basmatibar (Raw/Old),Cereals,17,6400,6700,6550,19-Jan-13
Jammu and Kashmir,Jammu,Jammu (Grain Mandi),Super Fine,Cereals,17,3200,3300,3250,19-Jan-13
Jammu and Kashmir,Jammu,Jammu (Grain Mandi),Basmatibar (Raw/Old),Cereals,17,6400,6700,6550,7-Feb-13
Jammu and Kashmir,Jammu,Jammu (Grain Mandi),Super Fine,Cereals,17,3100,3200,3150,7-Feb-13
Jammu and Kashmir,Jammu,Jammu (Grain Mandi),Basmatibar (Raw/Old),Cereals,17,3200,3300,3250,8-Feb-13
Jammu and Kashmir,Jammu,Jammu (Grain Mandi),Super Fine,Cereals,17,3100,3200,3150,8-Feb-13
Jammu and Kashmir,Jammu,Jammu (Grain Mandi),Basmatibar (Raw/Old),Cereals,17,6400,6700,6550,11-Feb-13
Jammu and Kashmir,Jammu,Jammu (Grain Mandi),Super Fine,Cereals,17,3200,3300,3250,11-Feb-13
Jammu and Kashmir,Jammu,Jammu (Grain Mandi),Basmatibar (Raw/Old),Cereals,445,4400,4500,4450,23-May-15