Jharkhand,Giridih,Giridih,Green (Whole),Pulses,1,2200,2300,2300,01-Jan-08
Jharkhand,Giridih,Giridih,Green (Whole),Pulses,1,2300,2400,2400,02-Jan-08
Jharkhand,Giridih,Giridih,Green (Whole),Pulses,1,2300,2400,0,03-Jan-08
Jharkhand,Giridih,Giridih,Green (Whole),Pulses,1,2200,2300,2300,04-Jan-08
Jharkhand,Giridih,Giridih,Green (Whole),Pulses,1,2300,2400,2400,05-Jan-08
Jharkhand,Giridih,Giridih,Green (Whole),Pulses,1,2300,2400,2400,07-Jan-08
Jharkhand,Giridih,Giridih,Green (Whole),Pulses,1,2300,2400,0,08-Jan-08
Jharkhand,Giridih,Giridih,Green (Whole),Pulses,1,2300,2400,2400,10-Jan-08
Jharkhand,Giridih,Giridih,Green (Whole),Pulses,1,2300,2400,2400,11-Jan-08
Jharkhand,Giridih,Giridih,Green (Whole),Pulses,1,2300,2400,2400,12-Jan-08
Jharkhand,Giridih,Giridih,Green (Whole),Pulses,1,2300,2400,2400,13-Jan-08
Jharkhand,Giridih,Giridih,Green (Whole),Pulses,1,2200,2300,2300,15-Jan-08
Jharkhand,Giridih,Giridih,Green (Whole),Pulses,1,2200,2300,0,16-Jan-08
Jharkhand,Giridih,Giridih,Green (Whole),Pulses,1,2200,2300,0,17-Jan-08
Jharkhand,Giridih,Giridih,Green (Whole),Pulses,1,2200,2300,2300,19-Jan-08
Jharkhand,Giridih,Giridih,Green (Whole),Pulses,1,2200,2300,2300,21-Jan-08
Jharkhand,Giridih,Giridih,Green (Whole),Pulses,1,2200,2300,2300,22-Jan-08
Jharkhand,Giridih,Giridih,Green (Whole),Pulses,1,2200,2300,2300,23-Jan-08
Jharkhand,Giridih,Giridih,Green (Whole),Pulses,1,2200,2300,2300,24-Jan-08
Jharkhand,Giridih,Giridih,Green (Whole),Pulses,1,2200,2300,2300,25-Jan-08
Jharkhand,Giridih,Giridih,Green (Whole),Pulses,1,2200,2300,0,28-Jan-08
Jharkhand,Giridih,Giridih,Green (Whole),Pulses,1,2200,2300,2300,29-Jan-08
Jharkhand,Giridih,Giridih,Green (Whole),Pulses,1,1750,1800,1800,30-Jan-08
Jharkhand,Giridih,Giridih,Green (Whole),Pulses,1,2200,2300,0,31-Jan-08
Jharkhand,Giridih,Giridih,Green (Whole),Pulses,1,2200,2300,2300,01-Feb-08
Jharkhand,Giridih,Giridih,Green (Whole),Pulses,1,2200,2300,2300,02-Feb-08
Jharkhand,Giridih,Giridih,Green (Whole),Pulses,1,2200,2300,2300,03-Feb-08
Jharkhand,Giridih,Giridih,Green (Whole),Pulses,1,2200,2300,2300,04-Feb-08
Jharkhand,Giridih,Giridih,Green (Whole),Pulses,1,2100,2300,2300,05-Feb-08
Jharkhand,Giridih,Giridih,Green (Whole),Pulses,1,2100,2300,2300,06-Feb-08
Jharkhand,Giridih,Giridih,Green (Whole),Pulses,1,2100,2300,2300,07-Feb-08
Jharkhand,Giridih,Giridih,Green (Whole),Pulses,1,2100,2300,2300,08-Feb-08
Jharkhand,Giridih,Giridih,Green (Whole),Pulses,1,2100,2300,2300,09-Feb-08
Jharkhand,Giridih,Giridih,Green (Whole),Pulses,1,2100,2300,2300,11-Feb-08
Jharkhand,Giridih,Giridih,Green (Whole),Pulses,1,2200,2300,2300,12-Feb-08
Jharkhand,Giridih,Giridih,Green (Whole),Pulses,1,2400,2500,2500,13-Feb-08
Jharkhand,Giridih,Giridih,Green (Whole),Pulses,1,2700,2900,2900,14-Feb-08
Jharkhand,Giridih,Giridih,Green (Whole),Pulses,1,2300,2400,2400,15-Feb-08
Jharkhand,Giridih,Giridih,Green (Whole),Pulses,1,2300,2400,2400,16-Feb-08
Jharkhand,Giridih,Giridih,Green (Whole),Pulses,1,2500,2600,2600,17-Feb-08
Jharkhand,Giridih,Giridih,Green (Whole),Pulses,1,2500,2600,2600,18-Feb-08
Jharkhand,Giridih,Giridih,Green (Whole),Pulses,1,2500,2600,2600,19-Feb-08
Jharkhand,Giridih,Giridih,Green (Whole),Pulses,1,2500,2600,2600,20-Feb-08
Jharkhand,Giridih,Giridih,Green (Whole),Pulses,1,2500,2600,2600,21-Feb-08
Jharkhand,Giridih,Giridih,Green (Whole),Pulses,1,2300,2400,2400,22-Feb-08
Jharkhand,Giridih,Giridih,Green (Whole),Pulses,1,2300,2400,2400,23-Feb-08
Jharkhand,Giridih,Giridih,Green (Whole),Pulses,1,2300,2400,2400,25-Feb-08
Jharkhand,Giridih,Giridih,Green (Whole),Pulses,1,3200,3400,3400,26-Feb-08
Jharkhand,Giridih,Giridih,Green (Whole),Pulses,1,2800,3000,3000,27-Feb-08
Jharkhand,Giridih,Giridih,Green (Whole),Pulses,1,2700,2900,2900,28-Feb-08
Jharkhand,Giridih,Giridih,Green (Whole),Pulses,1,2800,3000,3000,01-Mar-08
Jharkhand,Giridih,Giridih,Green (Whole),Pulses,1,2800,3000,3000,02-Mar-08
Jharkhand,Giridih,Giridih,Green (Whole),Pulses,1,2800,3000,3000,03-Mar-08
Jharkhand,Giridih,Giridih,Green (Whole),Pulses,1,2900,3000,3000,04-Mar-08
Jharkhand,Koderma,Koderma,Other,Pulses,0.5,3200,3400,3300,04-Mar-08
Jharkhand,Giridih,Giridih,Green (Whole),Pulses,1,2900,3000,3000,05-Mar-08
Jharkhand,Giridih,Giridih,Green (Whole),Pulses,1,2900,3000,3000,06-Mar-08
Jharkhand,Koderma,Koderma,Other,Pulses,0.5,3000,3200,3100,06-Mar-08
Jharkhand,Giridih,Giridih,Green (Whole),Pulses,1,2800,3000,3000,07-Mar-08
Jharkhand,Giridih,Giridih,Green (Whole),Pulses,1,2800,3000,3000,08-Mar-08
Jharkhand,Koderma,Koderma,Other,Pulses,0.75,3000,3200,3100,08-Mar-08
Jharkhand,Giridih,Giridih,Green (Whole),Pulses,1,3200,3400,3400,10-Mar-08
Jharkhand,Giridih,Giridih,Green (Whole),Pulses,1,2800,2900,2900,11-Mar-08
Jharkhand,Koderma,Koderma,Other,Pulses,1,2600,2800,2700,11-Mar-08
Jharkhand,Giridih,Giridih,Green (Whole),Pulses,1,2800,2900,2900,12-Mar-08
Jharkhand,Giridih,Giridih,Green (Whole),Pulses,1,2800,3000,3000,13-Mar-08
Jharkhand,Giridih,Giridih,Green (Whole),Pulses,1,2900,3000,3000,14-Mar-08
Jharkhand,Giridih,Giridih,Green (Whole),Pulses,1,1800,1900,1900,15-Mar-08
Jharkhand,Koderma,Koderma,Other,Pulses,0.5,2800,3000,2900,15-Mar-08
Jharkhand,Giridih,Giridih,Green (Whole),Pulses,1,2800,3000,3000,16-Mar-08
Jharkhand,Giridih,Giridih,Green (Whole),Pulses,1,2900,3000,3000,17-Mar-08
Jharkhand,Giridih,Giridih,Green (Whole),Pulses,1,2900,3000,3000,18-Mar-08
Jharkhand,Giridih,Giridih,Green (Whole),Pulses,1,2900,3000,3000,19-Mar-08
Jharkhand,Giridih,Giridih,Green (Whole),Pulses,1,2800,3000,3000,20-Mar-08
Jharkhand,Giridih,Giridih,Green (Whole),Pulses,1,2900,3000,3000,21-Mar-08
Jharkhand,Giridih,Giridih,Green (Whole),Pulses,1,2900,3000,3000,22-Mar-08
Jharkhand,Giridih,Giridih,Green (Whole),Pulses,1,2900,3000,3000,23-Mar-08
Jharkhand,Giridih,Giridih,Green (Whole),Pulses,1,2900,3000,3000,24-Mar-08
Jharkhand,Giridih,Giridih,Green (Whole),Pulses,1,2900,3000,3000,25-Mar-08
Jharkhand,Giridih,Giridih,Green (Whole),Pulses,1,2900,3000,3000,26-Mar-08
Jharkhand,Giridih,Giridih,Green (Whole),Pulses,1,2800,2900,2900,27-Mar-08
Jharkhand,Giridih,Giridih,Green (Whole),Pulses,1,2800,2900,2900,28-Mar-08
Jharkhand,Giridih,Giridih,Green (Whole),Pulses,1,2900,3000,3000,29-Mar-08
Jharkhand,Giridih,Giridih,Green (Whole),Pulses,1,2900,3000,3000,31-Mar-08
Jharkhand,Giridih,Giridih,Green (Whole),Pulses,1,2800,2900,2900,01-Apr-08
Jharkhand,Giridih,Giridih,Green (Whole),Pulses,1,2800,2900,2900,02-Apr-08
Jharkhand,Koderma,Koderma,Other,Pulses,1,3300,3500,3400,02-Apr-08
Jharkhand,Giridih,Giridih,Green (Whole),Pulses,1,2800,2900,2900,04-Apr-08
Jharkhand,Giridih,Giridih,Green (Whole),Pulses,1,2800,2900,2900,05-Apr-08
Jharkhand,Giridih,Giridih,Green (Whole),Pulses,1,2700,2800,2800,06-Apr-08
Jharkhand,Giridih,Giridih,Green (Whole),Pulses,1,2700,2800,2800,07-Apr-08
Jharkhand,Giridih,Giridih,Green (Whole),Pulses,1,2700,2800,2800,08-Apr-08
Jharkhand,Koderma,Koderma,Other,Pulses,1,3000,3200,3100,08-Apr-08
Jharkhand,Giridih,Giridih,Green (Whole),Pulses,1,2700,2800,2800,09-Apr-08
Jharkhand,Giridih,Giridih,Green (Whole),Pulses,1,2700,2800,2800,10-Apr-08
Jharkhand,Giridih,Giridih,Green (Whole),Pulses,1,2600,2700,2700,11-Apr-08
Jharkhand,Giridih,Giridih,Green (Whole),Pulses,1,2600,2700,2700,12-Apr-08
Jharkhand,Giridih,Giridih,Green (Whole),Pulses,1,2600,2700,2700,13-Apr-08
Jharkhand,Giridih,Giridih,Green (Whole),Pulses,1,2600,2700,2700,14-Apr-08
Jharkhand,Giridih,Giridih,Green (Whole),Pulses,1,2600,2700,2700,15-Apr-08
Jharkhand,Giridih,Giridih,Green (Whole),Pulses,1,2500,2600,2600,16-Apr-08
Jharkhand,Koderma,Koderma,Other,Pulses,1,3200,3400,3300,16-Apr-08
Jharkhand,Giridih,Giridih,Green (Whole),Pulses,1,2500,2600,2600,17-Apr-08
Jharkhand,Giridih,Giridih,Green (Whole),Pulses,1,2500,2600,2600,18-Apr-08
Jharkhand,Giridih,Giridih,Green (Whole),Pulses,1,2500,2600,2600,19-Apr-08
Jharkhand,Giridih,Giridih,Green (Whole),Pulses,1,2300,2400,2400,20-Apr-08
Jharkhand,Giridih,Giridih,Green (Whole),Pulses,1,2400,2500,2500,21-Apr-08
Jharkhand,Giridih,Giridih,Green (Whole),Pulses,1,2500,2600,2600,22-Apr-08
Jharkhand,Giridih,Giridih,Green (Whole),Pulses,1,2500,2600,2600,23-Apr-08
Jharkhand,Giridih,Giridih,Green (Whole),Pulses,1,2500,2600,2600,24-Apr-08
Jharkhand,Giridih,Giridih,Green (Whole),Pulses,1,2500,2600,2600,25-Apr-08
Jharkhand,Giridih,Giridih,Green (Whole),Pulses,1,2500,2600,2600,26-Apr-08
Jharkhand,Giridih,Giridih,Green (Whole),Pulses,1,2600,2700,2700,27-Apr-08
Jharkhand,Giridih,Giridih,Green (Whole),Pulses,1,2600,2700,2700,28-Apr-08
Jharkhand,Giridih,Giridih,Green (Whole),Pulses,1,2500,2650,2650,29-Apr-08
Jharkhand,Giridih,Giridih,Green (Whole),Pulses,1,2600,2700,2700,30-Apr-08
Jharkhand,Giridih,Giridih,Green (Whole),Pulses,1,2600,2700,2700,01-May-08
Jharkhand,Giridih,Giridih,Green (Whole),Pulses,1,2600,2700,2700,02-May-08
Jharkhand,Koderma,Koderma,Other,Pulses,0.5,3100,3300,3200,02-May-08
Jharkhand,Giridih,Giridih,Green (Whole),Pulses,1,2600,2700,2700,03-May-08
Jharkhand,Koderma,Koderma,Other,Pulses,0.25,3300,3500,3400,03-May-08
Jharkhand,Giridih,Giridih,Green (Whole),Pulses,1,2600,2700,2700,04-May-08
Jharkhand,Giridih,Giridih,Green (Whole),Pulses,1,2600,2700,2700,05-May-08
Jharkhand,Giridih,Giridih,Green (Whole),Pulses,1,2500,2600,2600,06-May-08
Jharkhand,Giridih,Giridih,Green (Whole),Pulses,1,2500,2600,2600,07-May-08
Jharkhand,Koderma,Koderma,Other,Pulses,0.25,3300,3500,3400,07-May-08
Jharkhand,Giridih,Giridih,Green (Whole),Pulses,1,2500,2600,2600,09-May-08
Jharkhand,Giridih,Giridih,Green (Whole),Pulses,1,2500,2600,2600,10-May-08
Jharkhand,Giridih,Giridih,Green (Whole),Pulses,1,3000,3300,3300,11-May-08
Jharkhand,Giridih,Giridih,Green (Whole),Pulses,1,2500,2600,2600,12-May-08
Jharkhand,Koderma,Koderma,Other,Pulses,0.25,3200,3400,3300,12-May-08
Jharkhand,Giridih,Giridih,Green (Whole),Pulses,1,2500,2600,2600,13-May-08
Jharkhand,Giridih,Giridih,Green (Whole),Pulses,1,2450,2500,2500,14-May-08
Jharkhand,Giridih,Giridih,Green (Whole),Pulses,1,2400,2500,2500,15-May-08
Jharkhand,Giridih,Giridih,Green (Whole),Pulses,1,2500,2600,2600,17-May-08
Jharkhand,Giridih,Giridih,Green (Whole),Pulses,1,2500,2600,2600,18-May-08
Jharkhand,Giridih,Giridih,Green (Whole),Pulses,1,3200,3250,3250,19-May-08
Jharkhand,Giridih,Giridih,Green (Whole),Pulses,1,2500,2600,2600,20-May-08
Jharkhand,Giridih,Giridih,Green (Whole),Pulses,1,2400,2500,2500,21-May-08
Jharkhand,Giridih,Giridih,Green (Whole),Pulses,1,2400,2500,2500,22-May-08
Jharkhand,Giridih,Giridih,Green (Whole),Pulses,1,2300,2400,2400,23-May-08
Jharkhand,Giridih,Giridih,Green (Whole),Pulses,1,2400,2500,2500,24-May-08
Jharkhand,Giridih,Giridih,Green (Whole),Pulses,1,2400,2500,2500,25-May-08
Jharkhand,Giridih,Giridih,Green (Whole),Pulses,1,2400,2500,2500,26-May-08
Jharkhand,Giridih,Giridih,Green (Whole),Pulses,1,2400,2500,2500,27-May-08
Jharkhand,Giridih,Giridih,Green (Whole),Pulses,1,2400,2500,2500,28-May-08
Jharkhand,Giridih,Giridih,Green (Whole),Pulses,1,2400,2500,2500,29-May-08
Jharkhand,Giridih,Giridih,Green (Whole),Pulses,1,2400,2500,2500,30-May-08
Jharkhand,Giridih,Giridih,Green (Whole),Pulses,1,2400,2500,2500,31-May-08
Jharkhand,Giridih,Giridih,Green (Whole),Pulses,1,2500,2600,2600,01-Jun-08
Jharkhand,Giridih,Giridih,Green (Whole),Pulses,1,2500,2600,2600,02-Jun-08
Jharkhand,Koderma,Koderma,Other,Pulses,0.5,3300,3500,3400,02-Jun-08
Jharkhand,Giridih,Giridih,Green (Whole),Pulses,1,2500,2600,2600,03-Jun-08
Jharkhand,Giridih,Giridih,Green (Whole),Pulses,1,2500,2600,2600,04-Jun-08
Jharkhand,Giridih,Giridih,Green (Whole),Pulses,1,2500,2600,2600,05-Jun-08
Jharkhand,Giridih,Giridih,Green (Whole),Pulses,1,2500,2600,2600,06-Jun-08
Jharkhand,Giridih,Giridih,Green (Whole),Pulses,1,2500,2600,2600,07-Jun-08
Jharkhand,Giridih,Giridih,Green (Whole),Pulses,1,2400,2500,2500,08-Jun-08
Jharkhand,Giridih,Giridih,Green (Whole),Pulses,1,2400,2500,2500,09-Jun-08
Jharkhand,Giridih,Giridih,Green (Whole),Pulses,1,2400,2500,2500,10-Jun-08
Jharkhand,Giridih,Giridih,Green (Whole),Pulses,1,2400,2500,2500,11-Jun-08
Jharkhand,Giridih,Giridih,Green (Whole),Pulses,1,2400,2500,2500,12-Jun-08
Jharkhand,Giridih,Giridih,Green (Whole),Pulses,1,2400,2500,2500,14-Jun-08
Jharkhand,Giridih,Giridih,Green (Whole),Pulses,1,2500,2550,2550,15-Jun-08
Jharkhand,Giridih,Giridih,Green (Whole),Pulses,1,2500,2550,2550,16-Jun-08
Jharkhand,Giridih,Giridih,Green (Whole),Pulses,1,2500,2550,2550,17-Jun-08
Jharkhand,Giridih,Giridih,Green (Whole),Pulses,1,2500,2550,2550,18-Jun-08
Jharkhand,Giridih,Giridih,Green (Whole),Pulses,1,3000,3300,3300,19-Jun-08
Jharkhand,Giridih,Giridih,Green (Whole),Pulses,1,2400,2500,2500,20-Jun-08
Jharkhand,Giridih,Giridih,Green (Whole),Pulses,1,2400,2500,2500,21-Jun-08
Jharkhand,Giridih,Giridih,Green (Whole),Pulses,1,2400,2500,2500,22-Jun-08
Jharkhand,Giridih,Giridih,Green (Whole),Pulses,1,2400,2500,2500,24-Jun-08
Jharkhand,Giridih,Giridih,Green (Whole),Pulses,1,2400,2500,2500,26-Jun-08
Jharkhand,Giridih,Giridih,Green (Whole),Pulses,1,2400,2500,2500,27-Jun-08
Jharkhand,Giridih,Giridih,Green (Whole),Pulses,1,2400,2500,2500,29-Jun-08
Jharkhand,Giridih,Giridih,Green (Whole),Pulses,1,3000,3300,3300,30-Jun-08
Jharkhand,Giridih,Giridih,Green (Whole),Pulses,1,2400,2500,2500,01-Jul-08
Jharkhand,Giridih,Giridih,Green (Whole),Pulses,1,2400,2500,2500,02-Jul-08
Jharkhand,Koderma,Koderma,Other,Pulses,0.5,3500,3700,3600,02-Jul-08
Jharkhand,Giridih,Giridih,Green (Whole),Pulses,1,2000,2100,2100,03-Jul-08
Jharkhand,Giridih,Giridih,Green (Whole),Pulses,1,2450,2550,2550,04-Jul-08
Jharkhand,Koderma,Koderma,Other,Pulses,0.5,3300,3500,3400,04-Jul-08
Jharkhand,Giridih,Giridih,Green (Whole),Pulses,1,2450,2550,2550,05-Jul-08
Jharkhand,Giridih,Giridih,Green (Whole),Pulses,1,2500,2600,2600,07-Jul-08
Jharkhand,Giridih,Giridih,Green (Whole),Pulses,1,3000,3300,3300,08-Jul-08
Jharkhand,Koderma,Koderma,Other,Pulses,0.5,3200,3400,3300,08-Jul-08
Jharkhand,Giridih,Giridih,Green (Whole),Pulses,1,2500,2600,2600,09-Jul-08
Jharkhand,Giridih,Giridih,Green (Whole),Pulses,1,3000,3300,3300,10-Jul-08
Jharkhand,Giridih,Giridih,Green (Whole),Pulses,1,2500,2600,2600,11-Jul-08
Jharkhand,Koderma,Koderma,Other,Pulses,0.25,3200,3400,3300,11-Jul-08
Jharkhand,Giridih,Giridih,Green (Whole),Pulses,1,2500,2600,2600,13-Jul-08
Jharkhand,Giridih,Giridih,Green (Whole),Pulses,1,2500,2600,2600,14-Jul-08
Jharkhand,Giridih,Giridih,Green (Whole),Pulses,1,2500,2600,2600,15-Jul-08
Jharkhand,Giridih,Giridih,Green (Whole),Pulses,1,2500,2600,2600,16-Jul-08
Jharkhand,Giridih,Giridih,Green (Whole),Pulses,1,2500,2600,2600,17-Jul-08
Jharkhand,Giridih,Giridih,Green (Whole),Pulses,1,2500,2600,2600,18-Jul-08
Jharkhand,Giridih,Giridih,Green (Whole),Pulses,1,2500,2600,2600,28-Jul-08
Jharkhand,Giridih,Giridih,Green (Whole),Pulses,1,2500,2600,2600,29-Jul-08
Jharkhand,Giridih,Giridih,Green (Whole),Pulses,1,2500,2600,2600,30-Jul-08
Jharkhand,Giridih,Giridih,Green (Whole),Pulses,1,2500,2600,2600,31-Jul-08
Jharkhand,Giridih,Giridih,Green (Whole),Pulses,1,2500,2600,2600,01-Aug-08
Jharkhand,Koderma,Koderma,Other,Pulses,0.5,2700,2900,2800,01-Aug-08
Jharkhand,Giridih,Giridih,Green (Whole),Pulses,1,2500,2600,2600,02-Aug-08
Jharkhand,Giridih,Giridih,Green (Whole),Pulses,1,2500,2600,2600,03-Aug-08
Jharkhand,Giridih,Giridih,Green (Whole),Pulses,12,2500,2600,2600,04-Aug-08
Jharkhand,Giridih,Giridih,Green (Whole),Pulses,10,2500,2600,2600,05-Aug-08
Jharkhand,Giridih,Giridih,Green (Whole),Pulses,9,2500,2600,2600,07-Aug-08
Jharkhand,Koderma,Koderma,Other,Pulses,0.45,3000,3200,3100,08-Aug-08
Jharkhand,Koderma,Koderma,Other,Pulses,0.25,3000,3200,3100,11-Aug-08
Jharkhand,Koderma,Koderma,Other,Pulses,1,3000,3200,3100,13-Aug-08
Jharkhand,Giridih,Giridih,Green (Whole),Pulses,9,2500,2600,2600,20-Aug-08
Jharkhand,Giridih,Giridih,Green (Whole),Pulses,8,2500,2600,2600,23-Aug-08
Jharkhand,Giridih,Giridih,Green (Whole),Pulses,9,2500,2600,2600,26-Aug-08
Jharkhand,Giridih,Giridih,Green (Whole),Pulses,6,2500,2600,2600,01-Sep-08
Jharkhand,Koderma,Koderma,Other,Pulses,0.5,3200,3400,3300,01-Sep-08
Jharkhand,Giridih,Giridih,Green (Whole),Pulses,10,2500,2600,2600,03-Sep-08
Jharkhand,Koderma,Koderma,Other,Pulses,1,2800,3000,2900,26-Sep-08
Jharkhand,Koderma,Koderma,Other,Pulses,2,2800,3000,2900,03-Oct-08
Jharkhand,Koderma,Koderma,Other,Pulses,2,3000,3200,3100,14-Oct-08
Jharkhand,Koderma,Koderma,Other,Pulses,1,3000,3200,3100,17-Oct-08
Jharkhand,Koderma,Koderma,Other,Pulses,1,3400,3600,3500,08-Nov-08
Jharkhand,Koderma,Koderma,Other,Pulses,1,3400,3600,3500,11-Nov-08
Jharkhand,Koderma,Koderma,Other,Pulses,0.5,3400,3600,3500,12-Nov-08
Jharkhand,Koderma,Koderma,Other,Pulses,0.25,2800,3000,2900,01-Dec-08
Jharkhand,Giridih,Giridih,Other,Pulses,5,2300,2400,2400,11-Dec-08
Jharkhand,Giridih,Giridih,Other,Pulses,4,3000,3300,3300,16-Dec-08
Jharkhand,Giridih,Giridih,Other,Pulses,5,3000,3300,3300,17-Dec-08
Jharkhand,Koderma,Koderma,Other,Pulses,0.5,2700,2900,2800,01-Jan-09
Jharkhand,Giridih,Giridih,Other,Pulses,5,2400,2500,2500,20-Jan-09
Jharkhand,Giridih,Giridih,Other,Pulses,9,2500,2600,2600,21-Jan-09
Jharkhand,Giridih,Giridih,Other,Pulses,5,2400,2500,2500,23-Jan-09
Jharkhand,Giridih,Giridih,Other,Pulses,5,2400,2500,2500,24-Jan-09
Jharkhand,Giridih,Giridih,Other,Pulses,8,2300,2500,2500,03-Feb-09
Jharkhand,Giridih,Giridih,Other,Pulses,6,2300,2500,2500,07-Feb-09
Jharkhand,Giridih,Giridih,Other,Pulses,6,2300,2500,2500,08-Feb-09
Jharkhand,Giridih,Giridih,Other,Pulses,6,2300,2500,2500,09-Feb-09
Jharkhand,Giridih,Giridih,Other,Pulses,9,2300,2500,2500,21-Feb-09
Jharkhand,Giridih,Giridih,Other,Pulses,9,2300,2500,2500,22-Feb-09
Jharkhand,Giridih,Giridih,Other,Pulses,4,3000,3300,3300,23-Feb-09
Jharkhand,Giridih,Giridih,Other,Pulses,9,2300,2500,2500,24-Feb-09
Jharkhand,Giridih,Giridih,Other,Pulses,6,2400,2500,2500,25-Feb-09
Jharkhand,Giridih,Giridih,Other,Pulses,6,2400,2500,2500,27-Feb-09
Jharkhand,Giridih,Giridih,Other,Pulses,6,2400,2500,2500,28-Feb-09
Jharkhand,Giridih,Giridih,Medium,Pulses,5,2400,2500,2500,02-Mar-09
Jharkhand,Giridih,Giridih,Other,Pulses,5,3000,3300,3300,03-Mar-09
Jharkhand,Giridih,Giridih,Other,Pulses,4,3000,3200,3200,04-Mar-09
Jharkhand,Giridih,Giridih,Other,Pulses,5,3000,3200,3200,05-Mar-09
Jharkhand,Giridih,Giridih,Medium,Pulses,5,2400,2500,2500,08-Mar-09
Jharkhand,Giridih,Giridih,Medium,Pulses,5,2400,2500,2500,10-Mar-09
Jharkhand,Giridih,Giridih,Medium,Pulses,5,2400,2500,2500,11-Mar-09
Jharkhand,Giridih,Giridih,Other,Pulses,5,2200,2400,2400,13-Mar-09
Jharkhand,Giridih,Giridih,Other,Pulses,6,2200,2400,2400,18-Mar-09
Jharkhand,Giridih,Giridih,Other,Pulses,6,2200,2400,2400,19-Mar-09
Jharkhand,Giridih,Giridih,Other,Pulses,5,2300,2500,2500,22-Mar-09
Jharkhand,Giridih,Giridih,Other,Pulses,5,2300,2500,2500,26-Mar-09
Jharkhand,Giridih,Giridih,Other,Pulses,5,2300,2500,2500,14-Apr-09
Jharkhand,Giridih,Giridih,Other,Pulses,5,2300,2500,2500,15-Apr-09
Jharkhand,Giridih,Giridih,Other,Pulses,5,2300,2500,2500,19-Apr-09
Jharkhand,Giridih,Giridih,Other,Pulses,5,2300,2500,2500,20-Apr-09
Jharkhand,Giridih,Giridih,Other,Pulses,5,2300,2500,2500,21-Apr-09
Jharkhand,Giridih,Giridih,Other,Pulses,5,2300,2500,2500,22-Apr-09
Jharkhand,Giridih,Giridih,Other,Pulses,6,2300,2500,2500,30-Apr-09
Jharkhand,Giridih,Giridih,Other,Pulses,6,2300,2500,2500,02-May-09
Jharkhand,Giridih,Giridih,Other,Pulses,6,2300,2500,2500,04-May-09
Jharkhand,Giridih,Giridih,Medium,Pulses,6,2300,2500,2500,14-May-09
Jharkhand,Giridih,Giridih,Medium,Pulses,5,2300,2500,2500,15-May-09
Jharkhand,Giridih,Giridih,Other,Pulses,6,2300,2500,2500,16-May-09
Jharkhand,Giridih,Giridih,Other,Pulses,6,2300,2500,2500,17-May-09
Jharkhand,Giridih,Giridih,Other,Pulses,6,2300,2500,2500,18-May-09
Jharkhand,Giridih,Giridih,Other,Pulses,6,2350,2500,2500,20-May-09
Jharkhand,Giridih,Giridih,Other,Pulses,6,2350,2500,2500,21-May-09
Jharkhand,Giridih,Giridih,Other,Pulses,5,3000,3200,3200,22-May-09
Jharkhand,Giridih,Giridih,Other,Pulses,5,3000,3200,3200,23-May-09
Jharkhand,Giridih,Giridih,Other,Pulses,8,2400,2600,2600,09-Jun-09
Jharkhand,Giridih,Giridih,Other,Pulses,8,2400,2600,2600,10-Jun-09
Jharkhand,Giridih,Giridih,Other,Pulses,8,2400,2500,2500,11-Jun-09
Jharkhand,Giridih,Giridih,Other,Pulses,8,2400,2500,2500,12-Jun-09
Jharkhand,Giridih,Giridih,Other,Pulses,6,2400,2500,2500,14-Jun-09
Jharkhand,Giridih,Giridih,Other,Pulses,8,2400,2500,2500,16-Jun-09
Jharkhand,Giridih,Giridih,Other,Pulses,8,2400,2500,2500,17-Jun-09
Jharkhand,Giridih,Giridih,Other,Pulses,8,2500,2600,2600,19-Jun-09
Jharkhand,Giridih,Giridih,Other,Pulses,8,2500,2600,2600,20-Jun-09
Jharkhand,Giridih,Giridih,Other,Pulses,4,2900,3100,3100,21-Jun-09
Jharkhand,Giridih,Giridih,Other,Pulses,4,3000,3200,3200,07-Jul-09
Jharkhand,Giridih,Giridih,Other,Pulses,4,3000,3200,3200,08-Jul-09
Jharkhand,Giridih,Giridih,Other,Pulses,8,2400,2600,2600,09-Jul-09
Jharkhand,Giridih,Giridih,Other,Pulses,8,2400,2600,2600,10-Jul-09
Jharkhand,Giridih,Giridih,Other,Pulses,5,3000,3200,3200,13-Jul-09
Jharkhand,Giridih,Giridih,Other,Pulses,6,2600,2800,2800,14-Jul-09
Jharkhand,Giridih,Giridih,Other,Pulses,9,2500,2800,2800,17-Jul-09
Jharkhand,Giridih,Giridih,Other,Pulses,9,2500,2800,2800,18-Jul-09
Jharkhand,Giridih,Giridih,Other,Pulses,9,2500,2800,2800,19-Jul-09
Jharkhand,Giridih,Giridih,Other,Pulses,5,3400,3600,3600,21-Jul-09
Jharkhand,Giridih,Giridih,Other,Pulses,5,3400,3600,3600,22-Jul-09
Jharkhand,Giridih,Giridih,Other,Pulses,6,2500,2800,2800,23-Jul-09
Jharkhand,Giridih,Giridih,Other,Pulses,5,3400,3600,3600,24-Jul-09
Jharkhand,Giridih,Giridih,Other,Pulses,7,2400,2600,2600,25-Jul-09
Jharkhand,Giridih,Giridih,Other,Pulses,4,3100,3300,3300,26-Jul-09
Jharkhand,Giridih,Giridih,Other,Pulses,7,2400,2600,2600,27-Jul-09
Jharkhand,Giridih,Giridih,Other,Pulses,8,2500,2700,2700,29-Jul-09
Jharkhand,Giridih,Giridih,Other,Pulses,8,2500,2700,2700,30-Jul-09
Jharkhand,Giridih,Giridih,Other,Pulses,6,2500,2800,2800,06-Aug-09
Jharkhand,Giridih,Giridih,Other,Pulses,6,2500,2800,2800,08-Aug-09
Jharkhand,Giridih,Giridih,Other,Pulses,8,2500,2900,2900,19-Aug-09
Jharkhand,Giridih,Giridih,Other,Pulses,8,2500,2900,2900,20-Aug-09
Jharkhand,Giridih,Giridih,Medium,Pulses,8,2500,2900,2900,30-Aug-09
Jharkhand,Giridih,Giridih,Medium,Pulses,8,2500,2900,2900,31-Aug-09
Jharkhand,Giridih,Giridih,Medium,Pulses,6,2550,2900,2900,01-Sep-09
Jharkhand,Giridih,Giridih,Medium,Pulses,6,2550,2900,2900,02-Sep-09
Jharkhand,Giridih,Giridih,Medium,Pulses,5,2550,2900,2900,03-Sep-09
Jharkhand,Giridih,Giridih,Medium,Pulses,6,2600,2900,2900,04-Sep-09
Jharkhand,Giridih,Giridih,Medium,Pulses,6,2600,2900,2900,05-Sep-09
Jharkhand,Giridih,Giridih,Medium,Pulses,6,2600,2900,2900,06-Sep-09
Jharkhand,Giridih,Giridih,Medium,Pulses,6,2600,2900,2900,07-Sep-09
Jharkhand,Giridih,Giridih,Medium,Pulses,6,2600,2900,2900,08-Sep-09
Jharkhand,Giridih,Giridih,Medium,Pulses,9,2600,2900,2900,11-Sep-09
Jharkhand,Giridih,Giridih,Medium,Pulses,9,2600,2900,2900,12-Sep-09
Jharkhand,Giridih,Giridih,Medium,Pulses,6,2600,2900,2900,16-Sep-09
Jharkhand,Giridih,Giridih,Medium,Pulses,6,2500,2800,2800,18-Sep-09
Jharkhand,Giridih,Giridih,Medium,Pulses,4,2500,2800,2800,19-Sep-09
Jharkhand,Giridih,Giridih,Medium,Pulses,6,2500,2800,2800,21-Sep-09
Jharkhand,Hazaribagh,Ramgarh,Other,Pulses,3,2400,2500,2450,02-Oct-09
Jharkhand,Hazaribagh,Ramgarh,Other,Pulses,3,2400,2500,2450,03-Oct-09
Jharkhand,Giridih,Giridih,Medium,Pulses,5,2400,2800,2800,06-Oct-09
Jharkhand,Giridih,Giridih,Medium,Pulses,5,2400,2800,2800,07-Oct-09
Jharkhand,Giridih,Giridih,Medium,Pulses,6,2400,2800,2800,09-Oct-09
Jharkhand,Giridih,Giridih,Medium,Pulses,5,2400,2800,2800,10-Oct-09
Jharkhand,Giridih,Giridih,Medium,Pulses,5,2400,2800,2800,11-Oct-09
Jharkhand,Hazaribagh,Ramgarh,Other,Pulses,1.5,2850,2900,2850,22-Oct-09
Jharkhand,Giridih,Giridih,Other,Pulses,6,2600,2800,2800,03-Nov-09
Jharkhand,Giridih,Giridih,Other,Pulses,6,2600,2800,2800,05-Nov-09
Jharkhand,Giridih,Giridih,Other,Pulses,6,2600,2800,2800,07-Nov-09
Jharkhand,Giridih,Giridih,Other,Pulses,4,2800,3000,3000,08-Nov-09
Jharkhand,Giridih,Giridih,Other,Pulses,10,2800,3000,3000,11-Nov-09
Jharkhand,Giridih,Giridih,Other,Pulses,10,2800,3000,3000,12-Nov-09
Jharkhand,Giridih,Giridih,Other,Pulses,8,2800,3100,3100,19-Nov-09
Jharkhand,Giridih,Giridih,Other,Pulses,5,2800,3000,3000,21-Nov-09
Jharkhand,Hazaribagh,Ramgarh,Other,Pulses,5,3300,3350,3325,10-Dec-09
Jharkhand,Giridih,Giridih,Other,Pulses,8,2600,3000,3000,12-Dec-09
Jharkhand,Giridih,Giridih,Other,Pulses,8,2600,3000,3000,14-Dec-09
Jharkhand,Giridih,Giridih,Other,Pulses,8,3000,3300,3300,15-Dec-09
Jharkhand,Giridih,Giridih,Other,Pulses,8,2600,3000,3000,16-Dec-09
Jharkhand,Giridih,Giridih,Other,Pulses,8,2600,3000,3000,17-Dec-09
Jharkhand,Giridih,Giridih,Other,Pulses,8,2600,3000,3000,19-Dec-09
Jharkhand,Giridih,Giridih,Other,Pulses,8,2700,3000,3000,20-Dec-09
Jharkhand,Giridih,Giridih,Other,Pulses,8,2700,3000,3000,21-Dec-09
Jharkhand,Giridih,Giridih,Other,Pulses,8,2700,3000,3000,22-Dec-09
Jharkhand,Giridih,Giridih,Other,Pulses,8,2700,3000,3000,23-Dec-09
Jharkhand,Giridih,Giridih,Other,Pulses,8,2700,3000,3000,24-Dec-09
Jharkhand,Giridih,Giridih,Other,Pulses,8,2700,3000,3000,25-Dec-09
Jharkhand,Giridih,Giridih,Other,Pulses,8,2700,3000,3000,26-Dec-09
Jharkhand,Giridih,Giridih,Other,Pulses,10,2600,2900,2900,27-Dec-09
Jharkhand,Giridih,Giridih,Other,Pulses,10,2600,2900,2900,30-Dec-09
Jharkhand,Giridih,Giridih,Other,Pulses,10,2600,2900,2900,31-Dec-09
Jharkhand,Giridih,Giridih,Other,Pulses,10,2600,2900,2900,03-Jan-10
Jharkhand,Giridih,Giridih,Other,Pulses,10,2600,2900,2900,04-Jan-10
Jharkhand,Giridih,Giridih,Other,Pulses,10,2600,2900,2900,05-Jan-10
Jharkhand,Giridih,Giridih,Other,Pulses,10,2600,2900,2900,07-Jan-10
Jharkhand,Giridih,Giridih,Other,Pulses,8,2600,2900,2900,08-Jan-10
Jharkhand,Giridih,Giridih,Other,Pulses,6,2600,2800,2800,09-Jan-10
Jharkhand,Giridih,Giridih,Other,Pulses,6,2600,2800,2800,11-Jan-10
Jharkhand,Giridih,Giridih,Other,Pulses,6,2600,2900,2900,12-Jan-10
Jharkhand,Giridih,Giridih,Other,Pulses,6,2600,2800,2800,14-Jan-10
Jharkhand,Giridih,Giridih,Other,Pulses,6,2600,2800,2800,17-Jan-10
Jharkhand,Giridih,Giridih,Other,Pulses,6,2600,2800,2800,20-Jan-10
Jharkhand,Giridih,Giridih,Other,Pulses,6,2500,2800,2800,28-Jan-10
Jharkhand,Giridih,Giridih,Other,Pulses,5,2600,2800,2800,30-Jan-10
Jharkhand,Giridih,Giridih,Other,Pulses,6,2600,2800,2800,01-Feb-10
Jharkhand,Giridih,Giridih,Other,Pulses,8,2500,2800,2800,09-Feb-10
Jharkhand,Giridih,Giridih,Other,Pulses,8,2500,2800,2800,10-Feb-10
Jharkhand,Giridih,Giridih,Other,Pulses,6,2400,2700,2700,23-Feb-10
Jharkhand,Giridih,Giridih,Other,Pulses,5,2400,2700,2700,24-Feb-10
Jharkhand,Giridih,Giridih,Other,Pulses,5,2400,2700,2700,25-Feb-10
Jharkhand,Giridih,Giridih,Other,Pulses,5,2400,2800,2800,10-Mar-10
Jharkhand,Giridih,Giridih,Other,Pulses,5,2400,2800,2800,11-Mar-10
Jharkhand,Giridih,Giridih,Other,Pulses,6,2400,2800,2800,15-Mar-10
Jharkhand,Giridih,Giridih,Other,Pulses,6,2400,2800,2800,17-Mar-10
Jharkhand,Giridih,Giridih,Other,Pulses,6,2500,2800,2800,26-Mar-10
Jharkhand,Giridih,Giridih,Other,Pulses,6,2500,2800,2800,27-Mar-10
Jharkhand,Giridih,Giridih,Other,Pulses,6,2500,2800,2800,29-Mar-10
Jharkhand,Giridih,Giridih,Other,Pulses,6,2500,2900,2900,30-Mar-10
Jharkhand,Giridih,Giridih,Other,Pulses,6,2500,2900,2900,31-Mar-10
Jharkhand,Giridih,Giridih,Other,Pulses,6,2500,2900,2900,01-Apr-10
Jharkhand,Giridih,Giridih,Other,Pulses,6,2500,2900,2900,03-Apr-10
Jharkhand,Giridih,Giridih,Other,Pulses,6,2500,2900,2900,06-Apr-10
Jharkhand,Hazaribagh,Ramgarh,Other,Pulses,17,2500,2800,2800,16-Apr-10
Jharkhand,Hazaribagh,Ramgarh,Other,Pulses,7,2500,2800,2800,17-Apr-10
Jharkhand,Sahebgang,Sahebganj,Other,Pulses,0.4,3200,3400,3200,17-Apr-10
Jharkhand,Sahebgang,Sahebganj,Other,Pulses,0.8,3200,3400,3200,20-Apr-10
Jharkhand,Sahebgang,Sahebganj,Other,Pulses,0.8,3200,3400,3200,21-Apr-10
Jharkhand,Sahebgang,Sahebganj,Other,Pulses,3,3200,3400,3200,22-Apr-10
Jharkhand,Sahebgang,Sahebganj,Other,Pulses,0.4,0,0,3200,24-Apr-10
Jharkhand,Sahebgang,Sahebganj,Other,Pulses,5,0,0,3200,25-Apr-10
Jharkhand,Sahebgang,Sahebganj,Other,Pulses,0.4,0,0,3200,28-Apr-10
Jharkhand,Sahebgang,Sahebganj,Other,Pulses,1.2,0,0,3200,29-Apr-10
Jharkhand,Sahebgang,Sahebganj,Other,Pulses,0.4,0,0,3200,01-May-10
Jharkhand,Sahebgang,Sahebganj,Other,Pulses,2.8,0,0,3200,02-May-10
Jharkhand,Sahebgang,Sahebganj,Other,Pulses,0.5,0,0,3200,05-May-10
Jharkhand,Sahebgang,Sahebganj,Other,Pulses,2,0,0,3200,06-May-10
Jharkhand,Sahebgang,Sahebganj,Other,Pulses,1.2,0,0,3200,08-May-10
Jharkhand,Sahebgang,Sahebganj,Other,Pulses,2.8,0,0,3200,09-May-10
Jharkhand,Sahebgang,Sahebganj,Other,Pulses,0.4,0,0,3200,12-May-10
Jharkhand,Sahebgang,Sahebganj,Other,Pulses,2,0,0,3200,13-May-10
Jharkhand,Sahebgang,Sahebganj,Other,Pulses,1.2,0,0,3200,15-May-10
Jharkhand,Sahebgang,Sahebganj,Other,Pulses,2.5,0,0,3200,16-May-10
Jharkhand,Sahebgang,Sahebganj,Other,Pulses,0.6,0,0,3200,19-May-10
Jharkhand,Sahebgang,Sahebganj,Other,Pulses,1.4,0,0,3200,20-May-10
Jharkhand,Sahebgang,Sahebganj,Other,Pulses,2,0,0,3200,22-May-10
Jharkhand,Sahebgang,Sahebganj,Other,Pulses,3,0,0,3200,23-May-10
Jharkhand,Sahebgang,Sahebganj,Other,Pulses,1.2,0,0,3200,26-May-10
Jharkhand,Sahebgang,Sahebganj,Other,Pulses,2,0,0,3200,27-May-10
Jharkhand,Sahebgang,Sahebganj,Other,Pulses,1.2,0,0,3200,29-May-10
Jharkhand,Sahebgang,Sahebganj,Other,Pulses,2,0,0,3200,30-May-10
Jharkhand,Sahebgang,Sahebganj,Other,Pulses,1.2,0,0,3200,02-Jun-10
Jharkhand,Sahebgang,Sahebganj,Other,Pulses,2,0,0,3200,03-Jun-10
Jharkhand,Sahebgang,Sahebganj,Other,Pulses,1.2,0,0,3200,05-Jun-10
Jharkhand,Sahebgang,Sahebganj,Other,Pulses,2.8,0,0,3200,06-Jun-10
Jharkhand,Sahebgang,Sahebganj,Other,Pulses,0.5,0,0,3200,09-Jun-10
Jharkhand,Sahebgang,Sahebganj,Other,Pulses,2.1,0,0,3200,10-Jun-10
Jharkhand,Sahebgang,Sahebganj,Other,Pulses,1.2,0,0,3200,12-Jun-10
Jharkhand,Sahebgang,Sahebganj,Other,Pulses,3,0,0,3200,13-Jun-10
Jharkhand,Sahebgang,Sahebganj,Other,Pulses,0.5,0,0,3200,16-Jun-10
Jharkhand,Sahebgang,Sahebganj,Other,Pulses,2,0,0,3200,17-Jun-10
Jharkhand,Sahebgang,Sahebganj,Other,Pulses,0.5,0,0,3200,19-Jun-10
Jharkhand,Sahebgang,Sahebganj,Other,Pulses,2.5,0,0,3200,20-Jun-10
Jharkhand,Sahebgang,Sahebganj,Other,Pulses,0.8,0,0,3200,23-Jun-10
Jharkhand,Sahebgang,Sahebganj,Other,Pulses,1.8,0,0,3200,24-Jun-10
Jharkhand,Sahebgang,Sahebganj,Other,Pulses,0.7,0,0,3200,26-Jun-10
Jharkhand,Sahebgang,Sahebganj,Other,Pulses,2,0,0,3200,27-Jun-10
Jharkhand,Sahebgang,Sahebganj,Other,Pulses,1,0,0,3200,30-Jun-10
Jharkhand,Sahebgang,Sahebganj,Other,Pulses,2,0,0,3200,01-Jul-10
Jharkhand,Sahebgang,Sahebganj,Other,Pulses,1.2,0,0,3200,03-Jul-10
Jharkhand,Sahebgang,Sahebganj,Other,Pulses,2,0,0,3200,04-Jul-10
Jharkhand,Sahebgang,Sahebganj,Other,Pulses,1.2,0,0,3200,07-Jul-10
Jharkhand,Sahebgang,Sahebganj,Other,Pulses,2.2,0,0,3200,08-Jul-10
Jharkhand,Sahebgang,Sahebganj,Other,Pulses,1.5,0,0,3200,10-Jul-10
Jharkhand,Sahebgang,Sahebganj,Other,Pulses,2,0,0,3200,11-Jul-10
Jharkhand,Sahebgang,Sahebganj,Other,Pulses,0.5,0,0,3200,14-Jul-10
Jharkhand,Sahebgang,Sahebganj,Other,Pulses,2,0,0,3200,15-Jul-10
Jharkhand,Sahebgang,Sahebganj,Other,Pulses,2,0,0,3100,18-Jul-10
Jharkhand,Giridih,Giridih,Other,Pulses,10,2400,2600,2600,19-Jul-10
Jharkhand,Sahebgang,Sahebganj,Other,Pulses,1.2,0,0,3100,21-Jul-10
Jharkhand,Sahebgang,Sahebganj,Other,Pulses,1,0,0,3100,24-Jul-10
Jharkhand,Sahebgang,Sahebganj,Other,Pulses,2.5,0,0,3100,25-Jul-10
Jharkhand,Sahebgang,Sahebganj,Other,Pulses,0.5,0,0,3100,28-Jul-10
Jharkhand,Sahebgang,Sahebganj,Other,Pulses,2,0,0,3100,29-Jul-10
Jharkhand,Sahebgang,Sahebganj,Other,Pulses,1.2,0,0,3200,31-Jul-10
Jharkhand,Sahebgang,Sahebganj,Other,Pulses,3,0,0,3200,01-Aug-10
Jharkhand,Hazaribagh,Ramgarh,Other,Pulses,17,2100,2600,2600,02-Aug-10
Jharkhand,Sahebgang,Sahebganj,Other,Pulses,3,0,0,3200,02-Aug-10
Jharkhand,Sahebgang,Sahebganj,Other,Pulses,0.5,0,0,3200,03-Aug-10
Jharkhand,Sahebgang,Sahebganj,Other,Pulses,0.5,0,0,3200,04-Aug-10
Jharkhand,Sahebgang,Sahebganj,Other,Pulses,2.5,0,0,3200,05-Aug-10
Jharkhand,Sahebgang,Sahebganj,Other,Pulses,0.5,0,0,3200,07-Aug-10
Jharkhand,Sahebgang,Sahebganj,Other,Pulses,2.2,0,0,3200,08-Aug-10
Jharkhand,Giridih,Giridih,Other,Pulses,8,3000,3200,3200,09-Aug-10
Jharkhand,Sahebgang,Sahebganj,Other,Pulses,0.5,0,0,3200,11-Aug-10
Jharkhand,Sahebgang,Sahebganj,Other,Pulses,2,0,0,3200,12-Aug-10
Jharkhand,Sahebgang,Sahebganj,Other,Pulses,0.5,0,0,3200,14-Aug-10
Jharkhand,Sahebgang,Sahebganj,Other,Pulses,1.9,0,0,3200,15-Aug-10
Jharkhand,Sahebgang,Sahebganj,Other,Pulses,1.2,0,0,3200,18-Aug-10
Jharkhand,Giridih,Giridih,Other,Pulses,5,2900,3200,3200,21-Aug-10
Jharkhand,Sahebgang,Sahebganj,Other,Pulses,1.8,0,0,3200,21-Aug-10
Jharkhand,Sahebgang,Sahebganj,Other,Pulses,2.5,0,0,3200,22-Aug-10
Jharkhand,Sahebgang,Sahebganj,Other,Pulses,1,0,0,3200,25-Aug-10
Jharkhand,Sahebgang,Sahebganj,Other,Pulses,2.5,0,0,3200,26-Aug-10
Jharkhand,Sahebgang,Sahebganj,Other,Pulses,0.5,0,0,3200,27-Aug-10
Jharkhand,Sahebgang,Sahebganj,Other,Pulses,0.6,0,0,3200,28-Aug-10
Jharkhand,Sahebgang,Sahebganj,Other,Pulses,3,0,0,3200,29-Aug-10
Jharkhand,Sahebgang,Sahebganj,Other,Pulses,1.5,0,0,3200,01-Sep-10
Jharkhand,Sahebgang,Sahebganj,Other,Pulses,3.2,0,0,3200,02-Sep-10
Jharkhand,Sahebgang,Sahebganj,Other,Pulses,2,0,0,3200,04-Sep-10
Jharkhand,Sahebgang,Sahebganj,Other,Pulses,5.2,0,0,3200,05-Sep-10
Jharkhand,Sahebgang,Sahebganj,Other,Pulses,1,0,0,3200,08-Sep-10
Jharkhand,Sahebgang,Sahebganj,Other,Pulses,2.8,0,0,3200,09-Sep-10
Jharkhand,Sahebgang,Sahebganj,Other,Pulses,0.8,3200,3600,3400,01-Jan-11
Jharkhand,Sahebgang,Sahebganj,Other,Pulses,1.8,3200,3600,3400,02-Jan-11
Jharkhand,Sahebgang,Sahebganj,Other,Pulses,0.8,3200,3600,3400,05-Jan-11
Jharkhand,Sahebgang,Sahebganj,Other,Pulses,0.8,3200,3600,3400,06-Jan-11
Jharkhand,Sahebgang,Sahebganj,Other,Pulses,0.8,3200,3400,3200,15-Jan-11
Jharkhand,Sahebgang,Sahebganj,Other,Pulses,0.8,3400,3600,3400,22-Jan-11
Jharkhand,Sahebgang,Sahebganj,Other,Pulses,2,3400,3600,3400,23-Jan-11
Jharkhand,Sahebgang,Sahebganj,Other,Pulses,2,3400,3600,3400,26-Jan-11
Jharkhand,Sahebgang,Sahebganj,Other,Pulses,2,3400,3600,3400,27-Jan-11
Jharkhand,Sahebgang,Sahebganj,Other,Pulses,2.8,3200,3400,3400,28-Jan-11
Jharkhand,Hazaribagh,Ramgarh,Other,Pulses,5,2700,3000,3000,29-Jan-11
Jharkhand,Sahebgang,Sahebganj,Other,Pulses,0.8,3200,3400,3400,29-Jan-11
Jharkhand,Sahebgang,Sahebganj,Other,Pulses,2.2,3200,3400,3400,30-Jan-11
Jharkhand,Hazaribagh,Ramgarh,Other,Pulses,5,2700,3000,2800,01-Feb-11
Jharkhand,Sahebgang,Sahebganj,Other,Pulses,2.2,3200,3400,3400,02-Feb-11
Jharkhand,Sahebgang,Sahebganj,Other,Pulses,2.8,3200,3400,3400,03-Feb-11
Jharkhand,Hazaribagh,Ramgarh,Other,Pulses,20,2700,3200,3200,04-Feb-11
Jharkhand,Sahebgang,Sahebganj,Other,Pulses,1.2,3200,3400,3400,05-Feb-11
Jharkhand,Sahebgang,Sahebganj,Other,Pulses,1.8,3200,3400,3400,06-Feb-11
Jharkhand,Sahebgang,Sahebganj,Other,Pulses,0.8,3200,3400,3400,10-Feb-11
Jharkhand,Sahebgang,Sahebganj,Other,Pulses,1.6,3200,3400,3400,11-Feb-11
Jharkhand,Sahebgang,Sahebganj,Other,Pulses,0.8,3400,3600,3400,12-Feb-11
Jharkhand,Sahebgang,Sahebganj,Other,Pulses,1.8,3400,3600,3400,13-Feb-11
Jharkhand,Sahebgang,Sahebganj,Other,Pulses,0.6,3400,3800,3400,16-Feb-11
Jharkhand,Sahebgang,Sahebganj,Other,Pulses,1.4,3400,3800,3400,17-Feb-11
Jharkhand,Sahebgang,Sahebganj,Other,Pulses,0.6,3400,3800,3400,19-Feb-11
Jharkhand,Sahebgang,Sahebganj,Other,Pulses,1.6,3400,3800,3400,20-Feb-11
Jharkhand,Sahebgang,Sahebganj,Other,Pulses,0.4,3400,3800,3400,23-Feb-11
Jharkhand,Sahebgang,Sahebganj,Other,Pulses,0.6,3400,3800,3400,24-Feb-11
Jharkhand,Sahebgang,Sahebganj,Other,Pulses,0.4,3000,3500,3200,05-Mar-11
Jharkhand,Sahebgang,Sahebganj,Other,Pulses,2,3000,3500,3200,06-Mar-11
Jharkhand,Sahebgang,Sahebganj,Other,Pulses,0.4,3000,3500,3200,09-Mar-11
Jharkhand,Sahebgang,Sahebganj,Other,Pulses,0.8,3000,3500,3200,10-Mar-11
Jharkhand,Sahebgang,Sahebganj,Other,Pulses,0.8,3200,3500,3200,12-Mar-11
Jharkhand,Sahebgang,Sahebganj,Other,Pulses,1.2,3200,3500,3200,13-Mar-11
Jharkhand,Sahebgang,Sahebganj,Other,Pulses,0.8,3200,3500,3200,16-Mar-11
Jharkhand,Sahebgang,Sahebganj,Other,Pulses,1.2,3200,3500,3200,17-Mar-11
Jharkhand,Sahebgang,Sahebganj,Other,Pulses,0.8,3000,3400,3100,02-Apr-11
Jharkhand,Sahebgang,Sahebganj,Other,Pulses,2,3000,3400,3100,03-Apr-11
Jharkhand,Sahebgang,Sahebganj,Other,Pulses,0.8,3000,3400,3100,06-Apr-11
Jharkhand,Sahebgang,Sahebganj,Other,Pulses,1,3000,3400,3100,07-Apr-11
Jharkhand,Sahebgang,Sahebganj,Other,Pulses,0.8,3000,3200,3000,23-Apr-11
Jharkhand,Sahebgang,Sahebganj,Other,Pulses,1.2,3000,3200,3000,24-Apr-11
Jharkhand,Sahebgang,Sahebganj,Other,Pulses,0.8,3200,3300,3300,#########
Jharkhand,Sahebgang,Sahebganj,Other,Pulses,0.4,3200,3300,3300,01-Jun-11
Jharkhand,Sahebgang,Sahebganj,Other,Pulses,1.2,3200,3300,3300,02-Jun-11
Jharkhand,Sahebgang,Sahebganj,Other,Pulses,0.6,3300,3300,3300,04-Jun-11
Jharkhand,Sahebgang,Sahebganj,Other,Pulses,1.2,3300,3300,3300,05-Jun-11
Jharkhand,Sahebgang,Sahebganj,Other,Pulses,0.4,3300,3300,3300,08-Jun-11
Jharkhand,Sahebgang,Sahebganj,Other,Pulses,0.8,3300,3300,3300,09-Jun-11
Jharkhand,Sahebgang,Sahebganj,Other,Pulses,0.6,3300,3500,3300,11-Jun-11
Jharkhand,Sahebgang,Sahebganj,Other,Pulses,1.6,3300,3500,3300,12-Jun-11
Jharkhand,Sahebgang,Sahebganj,Other,Pulses,0.4,3300,3500,3300,15-Jun-11
Jharkhand,Sahebgang,Sahebganj,Other,Pulses,1.8,3300,3500,3300,16-Jun-11
Jharkhand,Sahebgang,Sahebganj,Other,Pulses,1,3200,3500,3300,18-Jun-11
Jharkhand,Sahebgang,Sahebganj,Other,Pulses,2,3200,3500,3300,19-Jun-11
Jharkhand,Sahebgang,Sahebganj,Other,Pulses,0.4,3200,3500,3300,22-Jun-11
Jharkhand,Sahebgang,Sahebganj,Other,Pulses,1.2,3200,3500,3300,23-Jun-11
Jharkhand,Sahebgang,Sahebganj,Other,Pulses,0.4,3000,3200,3000,02-Jul-11
Jharkhand,Sahebgang,Sahebganj,Other,Pulses,1.8,3000,3200,3000,03-Jul-11
Jharkhand,Sahebgang,Sahebganj,Other,Pulses,0.6,3000,3200,3000,06-Jul-11
Jharkhand,Sahebgang,Sahebganj,Other,Pulses,0.6,3000,3200,3000,07-Jul-11
Jharkhand,Sahebgang,Sahebganj,Other,Pulses,0.4,3000,3200,3000,09-Jul-11
Jharkhand,Sahebgang,Sahebganj,Other,Pulses,0.8,3000,3200,3000,10-Jul-11
Jharkhand,Sahebgang,Sahebganj,Other,Pulses,0.8,3000,3200,3000,13-Jul-11
Jharkhand,Sahebgang,Sahebganj,Other,Pulses,0.8,3000,3200,3000,16-Jul-11
Jharkhand,Sahebgang,Sahebganj,Other,Pulses,1.8,3000,3200,3000,17-Jul-11
Jharkhand,Sahebgang,Sahebganj,Other,Pulses,0.8,3400,3600,3400,06-Aug-11
Jharkhand,Sahebgang,Sahebganj,Other,Pulses,0.8,3400,3600,3400,07-Aug-11
Jharkhand,Sahebgang,Sahebganj,Other,Pulses,0.8,4400,4800,4400,07-Jan-12
Jharkhand,Sahebgang,Sahebganj,Other,Pulses,1.5,4400,4800,4400,08-Jan-12
Jharkhand,Sahebgang,Sahebganj,Other,Pulses,0.6,4400,4600,4400,11-Jan-12
Jharkhand,Sahebgang,Sahebganj,Other,Pulses,1.2,4400,4600,4400,12-Jan-12
Jharkhand,Sahebgang,Sahebganj,Other,Pulses,0.8,4400,4600,4400,14-Jan-12
Jharkhand,Sahebgang,Sahebganj,Other,Pulses,1.6,4400,4600,4400,15-Jan-12
Jharkhand,Sahebgang,Sahebganj,Other,Pulses,0.8,4400,4600,4400,18-Jan-12
Jharkhand,Sahebgang,Sahebganj,Other,Pulses,1.2,4400,4600,4400,19-Jan-12
Jharkhand,Sahebgang,Sahebganj,Other,Pulses,0.8,4200,4800,4400,21-Jan-12
Jharkhand,Sahebgang,Sahebganj,Other,Pulses,1.6,4200,4800,4400,22-Jan-12
Jharkhand,Sahebgang,Sahebganj,Other,Pulses,0.6,4200,4800,4400,25-Jan-12
Jharkhand,Sahebgang,Sahebganj,Other,Pulses,1.4,4200,4800,4400,26-Jan-12
Jharkhand,Sahebgang,Sahebganj,Other,Pulses,0.5,4200,4800,4400,28-Jan-12
Jharkhand,Sahebgang,Sahebganj,Other,Pulses,1.5,4200,4800,4400,29-Jan-12
Jharkhand,Sahebgang,Sahebganj,Other,Pulses,0.8,4200,4800,4400,04-Feb-12
Jharkhand,Sahebgang,Sahebganj,Other,Pulses,0.8,4200,4800,4400,05-Feb-12
Jharkhand,Sahebgang,Sahebganj,Other,Pulses,0.8,4200,4800,4400,08-Feb-12
Jharkhand,Sahebgang,Sahebganj,Other,Pulses,1.2,4200,4800,4400,09-Feb-12
Jharkhand,Sahebgang,Sahebganj,Other,Pulses,0.8,4200,4800,4400,11-Feb-12
Jharkhand,Sahebgang,Sahebganj,Other,Pulses,1.2,4200,4800,4400,12-Feb-12
Jharkhand,Sahebgang,Sahebganj,Other,Pulses,0.6,4200,4800,4400,15-Feb-12
Jharkhand,Sahebgang,Sahebganj,Other,Pulses,0.8,4200,4800,4400,18-Feb-12
Jharkhand,Sahebgang,Sahebganj,Other,Pulses,1.2,4200,4800,4400,19-Feb-12
Jharkhand,Sahebgang,Sahebganj,Other,Pulses,0.8,4200,4800,4400,22-Feb-12
Jharkhand,Sahebgang,Sahebganj,Other,Pulses,1.2,4200,4800,4400,23-Feb-12
Jharkhand,Sahebgang,Sahebganj,Other,Pulses,1.2,4200,4800,4400,24-Feb-12
Jharkhand,Sahebgang,Sahebganj,Other,Pulses,0.8,4200,4800,4400,25-Feb-12
Jharkhand,Sahebgang,Sahebganj,Other,Pulses,0.8,4200,4400,4400,03-Mar-12
Jharkhand,Sahebgang,Sahebganj,Other,Pulses,1.2,4200,4400,4400,04-Mar-12
Jharkhand,Sahebgang,Sahebganj,Other,Pulses,1.2,4200,4400,4400,05-Mar-12
Jharkhand,Sahebgang,Sahebganj,Other,Pulses,0.8,4200,4400,4400,07-Mar-12
Jharkhand,Sahebgang,Sahebganj,Other,Pulses,0.8,4200,4400,4400,08-Mar-12
Jharkhand,Bokaro,Bokaro (Chas),Other,Pulses,13,4000,4200,4100,18-Mar-12
Jharkhand,Bokaro,Bokaro (Chas),Other,Pulses,8,4100,4250,4200,21-Mar-12
Jharkhand,Bokaro,Bokaro (Chas),Other,Pulses,16,4100,4250,4200,22-Mar-12
Jharkhand,Bokaro,Bokaro (Chas),Other,Pulses,25,4100,4250,4200,26-Mar-12
Jharkhand,Bokaro,Bokaro (Chas),Other,Pulses,44.5,4100,4250,4200,27-Mar-12
Jharkhand,Bokaro,Bokaro (Chas),Other,Pulses,16,4200,4300,4250,29-Mar-12
Jharkhand,Bokaro,Bokaro (Chas),Other,Pulses,36,4050,4150,4100,30-Mar-12
Jharkhand,Sahebgang,Sahebganj,Other,Pulses,0.8,4800,5200,5000,31-Mar-12
Jharkhand,Sahebgang,Sahebganj,Other,Pulses,1.2,4800,5200,5000,01-Apr-12
Jharkhand,Sahebgang,Sahebganj,Other,Pulses,0.8,4800,5200,5000,04-Apr-12
Jharkhand,Sahebgang,Sahebganj,Other,Pulses,0.6,4800,5200,5000,05-Apr-12
Jharkhand,Sahebgang,Sahebganj,Other,Pulses,0.8,4400,4600,4400,07-Apr-12
Jharkhand,Sahebgang,Sahebganj,Other,Pulses,1.6,4400,4600,4400,08-Apr-12
Jharkhand,Bokaro,Bokaro (Chas),Other,Pulses,16,4000,4150,4100,09-Apr-12
Jharkhand,Bokaro,Bokaro (Chas),Other,Pulses,22,3950,4100,4000,11-Apr-12
Jharkhand,Sahebgang,Sahebganj,Other,Pulses,0.8,4400,4600,4400,11-Apr-12
Jharkhand,Sahebgang,Sahebganj,Other,Pulses,1.2,4400,4600,4400,12-Apr-12
Jharkhand,Bokaro,Bokaro (Chas),Other,Pulses,16,3900,4150,4000,14-Apr-12
Jharkhand,Sahebgang,Sahebganj,Other,Pulses,1.2,4800,5200,5000,14-Apr-12
Jharkhand,Sahebgang,Sahebganj,Other,Pulses,1.2,4800,5200,5000,15-Apr-12
Jharkhand,Bokaro,Bokaro (Chas),Other,Pulses,10,3900,4050,4000,17-Apr-12
Jharkhand,Bokaro,Bokaro (Chas),Other,Pulses,16,3900,4100,4000,18-Apr-12
Jharkhand,Bokaro,Bokaro (Chas),Other,Pulses,4,3900,4050,4000,20-Apr-12
Jharkhand,Bokaro,Bokaro (Chas),Other,Pulses,10,3950,4100,4000,28-Apr-12
Jharkhand,Sahebgang,Sahebganj,Other,Pulses,0.5,5000,5200,5000,28-Apr-12
Jharkhand,Bokaro,Bokaro (Chas),Other,Pulses,16,3900,4100,4000,29-Apr-12
Jharkhand,Sahebgang,Sahebganj,Other,Pulses,2,5000,5200,5000,29-Apr-12
Jharkhand,Bokaro,Bokaro (Chas),Other,Pulses,6,3900,4100,4000,30-Apr-12
Jharkhand,Bokaro,Bokaro (Chas),Other,Pulses,6,3900,4100,4000,01-May-12
Jharkhand,Bokaro,Bokaro (Chas),Other,Pulses,12,4000,4150,4100,04-May-12
Jharkhand,Sahebgang,Sahebganj,Other,Pulses,0.8,4800,5200,5000,05-May-12
Jharkhand,Sahebgang,Sahebganj,Other,Pulses,1.2,4800,5200,5000,06-May-12
Jharkhand,Bokaro,Bokaro (Chas),Other,Pulses,31,4100,4250,4200,09-May-12
Jharkhand,Sahebgang,Sahebganj,Other,Pulses,0.6,4800,5200,5000,09-May-12
Jharkhand,Sahebgang,Sahebganj,Other,Pulses,0.8,4800,5200,5000,10-May-12
Jharkhand,Bokaro,Bokaro (Chas),Other,Pulses,16,4150,4300,4200,11-May-12
Jharkhand,Sahebgang,Sahebganj,Other,Pulses,0.8,4800,5200,5000,12-May-12
Jharkhand,Bokaro,Bokaro (Chas),Other,Pulses,7.5,5300,5500,5400,13-May-12
Jharkhand,Sahebgang,Sahebganj,Other,Pulses,0.8,4800,5200,5000,13-May-12
Jharkhand,Bokaro,Bokaro (Chas),Other,Pulses,32,4150,4250,4200,14-May-12
Jharkhand,Bokaro,Bokaro (Chas),Other,Pulses,6,4100,4250,4200,15-May-12
Jharkhand,Sahebgang,Sahebganj,Other,Pulses,0.8,4800,5200,5000,16-May-12
Jharkhand,Sahebgang,Sahebganj,Other,Pulses,0.8,4800,5200,4800,17-May-12
Jharkhand,Bokaro,Bokaro (Chas),Other,Pulses,10,4100,4250,4200,18-May-12
Jharkhand,Sahebgang,Sahebganj,Other,Pulses,0.8,6000,6400,6000,19-May-12
Jharkhand,Sahebgang,Sahebganj,Other,Pulses,1,6000,6400,6000,20-May-12
Jharkhand,Bokaro,Bokaro (Chas),Other,Pulses,16,4200,4300,4250,21-May-12
Jharkhand,Sahebgang,Sahebganj,Other,Pulses,0.2,6000,6400,6000,23-May-12
Jharkhand,Sahebgang,Sahebganj,Other,Pulses,0.2,6000,6400,6000,24-May-12
Jharkhand,Sahebgang,Sahebganj,Other,Pulses,1.8,6000,6400,6000,26-May-12
Jharkhand,Bokaro,Bokaro (Chas),Other,Pulses,16,4150,4250,4200,29-May-12
Jharkhand,Bokaro,Bokaro (Chas),Other,Pulses,15,4150,4250,4200,31-May-12
Jharkhand,Bokaro,Bokaro (Chas),Other,Pulses,15,4150,4300,4225,02-Jun-12
Jharkhand,Sahebgang,Sahebganj,Other,Pulses,0.6,5800,6200,6000,02-Jun-12
Jharkhand,Sahebgang,Sahebganj,Other,Pulses,0.8,5800,6200,6000,03-Jun-12
Jharkhand,Bokaro,Bokaro (Chas),Other,Pulses,37,4200,4300,4250,04-Jun-12
Jharkhand,Bokaro,Bokaro (Chas),Other,Pulses,16,4200,4300,4250,05-Jun-12
Jharkhand,Sahebgang,Sahebganj,Other,Pulses,0.2,5800,6200,6000,07-Jun-12
Jharkhand,Bokaro,Bokaro (Chas),Other,Pulses,16,4150,4250,4200,08-Jun-12
Jharkhand,Sahebgang,Sahebganj,Other,Pulses,0.2,5800,6200,6000,09-Jun-12
Jharkhand,Sahebgang,Sahebganj,Other,Pulses,0.4,5800,6200,6000,10-Jun-12
Jharkhand,Sahebgang,Sahebganj,Other,Pulses,0.3,5800,6200,6000,13-Jun-12
Jharkhand,Sahebgang,Sahebganj,Other,Pulses,0.4,5800,6200,6000,14-Jun-12
Jharkhand,Sahebgang,Sahebganj,Other,Pulses,0.6,5200,5500,5300,16-Jun-12
Jharkhand,Sahebgang,Sahebganj,Other,Pulses,0.4,5200,5500,5300,17-Jun-12
Jharkhand,Bokaro,Bokaro (Chas),Other,Pulses,16,4100,4250,4200,19-Jun-12
Jharkhand,Sahebgang,Sahebganj,Other,Pulses,0.4,5200,5500,5300,20-Jun-12
Jharkhand,Sahebgang,Sahebganj,Other,Pulses,0.8,5200,5500,5300,21-Jun-12
Jharkhand,Bokaro,Bokaro (Chas),Other,Pulses,17,4100,4250,4200,28-Jun-12
Jharkhand,Bokaro,Bokaro (Chas),Other,Pulses,42,4250,4350,4300,30-Jun-12
Jharkhand,Bokaro,Bokaro (Chas),Other,Pulses,16,4350,4450,4400,04-Jul-12
Jharkhand,Bokaro,Bokaro (Chas),Other,Pulses,16,4400,4550,4500,05-Jul-12
Jharkhand,Bokaro,Bokaro (Chas),Other,Pulses,26,4500,4700,4600,06-Jul-12
Jharkhand,Sahebgang,Sahebganj,Other,Pulses,0.6,5400,5600,5500,07-Jul-12
Jharkhand,Sahebgang,Sahebganj,Other,Pulses,0.8,5400,5600,5500,08-Jul-12
Jharkhand,Bokaro,Bokaro (Chas),Other,Pulses,16,4600,4750,4650,10-Jul-12
Jharkhand,Sahebgang,Sahebganj,Other,Pulses,0.6,5400,5600,5500,11-Jul-12
Jharkhand,Sahebgang,Sahebganj,Other,Pulses,0.6,5400,5600,5500,12-Jul-12
Jharkhand,Sahebgang,Sahebganj,Other,Pulses,0.8,5500,5800,5500,13-Jul-12
Jharkhand,Sahebgang,Sahebganj,Other,Pulses,0.8,5500,5800,5500,14-Jul-12
Jharkhand,Bokaro,Bokaro (Chas),Other,Pulses,18,4550,4700,4650,15-Jul-12
Jharkhand,Sahebgang,Sahebganj,Other,Pulses,1,5500,5800,5500,15-Jul-12
Jharkhand,Hazaribagh,Ramgarh,Other,Pulses,10,4800,5900,5000,16-Jul-12
Jharkhand,Sahebgang,Sahebganj,Other,Pulses,0.4,5500,5800,5500,18-Jul-12
Jharkhand,Sahebgang,Sahebganj,Other,Pulses,1,5500,5800,5500,19-Jul-12
Jharkhand,Bokaro,Bokaro (Chas),Other,Pulses,10,4700,4850,4800,20-Jul-12
Jharkhand,Bokaro,Bokaro (Chas),Other,Pulses,10,4800,4900,4850,24-Jul-12
Jharkhand,Bokaro,Bokaro (Chas),Other,Pulses,15,4850,5000,4900,07-Aug-12
Jharkhand,Bokaro,Bokaro (Chas),Other,Pulses,16,4900,5100,4950,08-Aug-12
Jharkhand,Bokaro,Bokaro (Chas),Other,Pulses,15,5100,5250,5200,14-Aug-12
Jharkhand,Bokaro,Bokaro (Chas),Other,Pulses,8,5100,5250,5200,16-Aug-12
Jharkhand,Bokaro,Bokaro (Chas),Other,Pulses,16,5250,5400,5300,21-Aug-12
Jharkhand,Bokaro,Bokaro (Chas),Other,Pulses,16,5100,5250,5200,25-Aug-12
Jharkhand,Bokaro,Bokaro (Chas),Other,Pulses,16,5100,5250,5200,26-Aug-12
Jharkhand,Bokaro,Bokaro (Chas),Other,Pulses,10,5100,5250,5200,27-Aug-12
Jharkhand,Bokaro,Bokaro (Chas),Other,Pulses,16,5100,5250,5200,28-Aug-12
Jharkhand,Bokaro,Bokaro (Chas),Other,Pulses,6,5200,5300,5250,31-Aug-12
Jharkhand,Bokaro,Bokaro (Chas),Other,Pulses,10,5200,5300,5250,05-Sep-12
Jharkhand,Bokaro,Bokaro (Chas),Other,Pulses,7.5,5250,5350,5300,06-Sep-12
Jharkhand,Bokaro,Bokaro (Chas),Other,Pulses,14.5,5250,5350,5300,07-Sep-12
Jharkhand,Bokaro,Bokaro (Chas),Other,Pulses,10,5200,5350,5300,12-Sep-12
Jharkhand,Bokaro,Bokaro (Chas),Other,Pulses,9,5200,5350,5300,29-Sep-12
Jharkhand,Bokaro,Bokaro (Chas),Other,Pulses,8,5250,5350,5300,01-Oct-12
Jharkhand,Bokaro,Bokaro (Chas),Other,Pulses,10,5200,5350,5300,06-Oct-12
Jharkhand,Bokaro,Bokaro (Chas),Other,Pulses,13.5,5200,5350,5300,07-Oct-12
Jharkhand,Bokaro,Bokaro (Chas),Other,Pulses,10,5300,5450,5350,08-Oct-12
Jharkhand,Sahebgang,Sahebganj,Other,Pulses,0.4,5200,5800,5300,02-Jan-13
Jharkhand,Sahebgang,Sahebganj,Other,Pulses,1.5,5200,5800,5300,03-Jan-13
Jharkhand,Bokaro,Bokaro (Chas),Other,Pulses,10,5350,5450,5400,16-Jan-13
Jharkhand,Sahebgang,Sahebganj,Other,Pulses,1,4800,5000,5000,16-Jan-13
Jharkhand,Bokaro,Bokaro (Chas),Other,Pulses,5,5350,5450,5400,17-Jan-13
Jharkhand,Sahebgang,Sahebganj,Other,Pulses,1.5,4800,5000,5000,17-Jan-13
Jharkhand,Hazaribagh,Ramgarh,Other,Pulses,3.3,4200,4500,4400,22-Jan-13
Jharkhand,Bokaro,Bokaro (Chas),Other,Pulses,5,5350,5500,5400,25-Jan-13
Jharkhand,Bokaro,Bokaro (Chas),Other,Pulses,5,5400,5500,5450,28-Jan-13
Jharkhand,Bokaro,Bokaro (Chas),Other,Pulses,16,4050,4150,4100,08-Jan-14
Jharkhand,Bokaro,Bokaro (Chas),Other,Pulses,16,4000,4150,4100,15-Jan-14
Jharkhand,Bokaro,Bokaro (Chas),Other,Pulses,16,3950,4050,4000,01-Feb-14
Jharkhand,Bokaro,Bokaro (Chas),Other,Pulses,16,4200,4300,4250,19-Jun-14
Jharkhand,Bokaro,Bokaro (Chas),Other,Pulses,16,4200,4300,4250,20-Jun-14
Jharkhand,Bokaro,Bokaro (Chas),Other,Pulses,16,4200,4350,4250,21-Jun-14
Jharkhand,Bokaro,Bokaro (Chas),Other,Pulses,16,4200,4300,4250,23-Jun-14
Jharkhand,Bokaro,Bokaro (Chas),Other,Pulses,10,4150,4200,4200,30-Jun-14
Jharkhand,Bokaro,Bokaro (Chas),Other,Pulses,16,4200,4300,4250,01-Jul-14
Jharkhand,Bokaro,Bokaro (Chas),Other,Pulses,16,4200,4300,4250,02-Jul-14
Jharkhand,Bokaro,Bokaro (Chas),Other,Pulses,16,4100,4250,4200,04-Jul-14
Jharkhand,Bokaro,Bokaro (Chas),Other,Pulses,16,4200,4300,4250,06-Jul-14
Jharkhand,Bokaro,Bokaro (Chas),Other,Pulses,16,4100,4250,4200,07-Jul-14
Jharkhand,Bokaro,Bokaro (Chas),Other,Pulses,16,4050,4150,4100,08-Jul-14
Jharkhand,Bokaro,Bokaro (Chas),Other,Pulses,16,4150,4250,4200,09-Jul-14
Jharkhand,Bokaro,Bokaro (Chas),Other,Pulses,16,4100,4250,4200,10-Jul-14
Jharkhand,Bokaro,Bokaro (Chas),Other,Pulses,16,4200,4300,4250,13-Jul-14
Jharkhand,Bokaro,Bokaro (Chas),Other,Pulses,16,4150,4250,4200,15-Jul-14
Jharkhand,Bokaro,Bokaro (Chas),Other,Pulses,16,4100,4250,4200,16-Jul-14
Jharkhand,Bokaro,Bokaro (Chas),Other,Pulses,16,4100,4250,4200,18-Jul-14
Jharkhand,Bokaro,Bokaro (Chas),Other,Pulses,16,4000,4150,4100,19-Jul-14
Jharkhand,Bokaro,Bokaro (Chas),Other,Pulses,16,4000,4150,4100,20-Jul-14
Jharkhand,Bokaro,Bokaro (Chas),Other,Pulses,20,4000,4200,4100,21-Jul-14
Jharkhand,Bokaro,Bokaro (Chas),Other,Pulses,16,4000,4150,4100,22-Jul-14
Jharkhand,Sahebgang,Sahebganj,Green Gram Dhall-I,Pulses,2,8000,9000,8400,01-Jan-15
Jharkhand,West Singbhum,Chaibasa,Other,Pulses,7.5,9050,9900,9550,02-Jan-15
Jharkhand,Sahebgang,Sahebganj,Green Gram Dhall-I,Pulses,1,8000,9000,8400,03-Jan-15
Jharkhand,West Singbhum,Chaibasa,Other,Pulses,6.5,9150,9900,9550,03-Jan-15
Jharkhand,Sahebgang,Sahebganj,Green Gram Dhall-I,Pulses,2.8,8000,9000,8400,04-Jan-15
Jharkhand,West Singbhum,Chaibasa,Other,Pulses,7,9150,9900,9550,06-Jan-15
Jharkhand,Sahebgang,Sahebganj,Green Gram Dhall-I,Pulses,0.6,8000,9000,8400,07-Jan-15
Jharkhand,West Singbhum,Chaibasa,Other,Pulses,6.5,9150,9900,9550,07-Jan-15
Jharkhand,Sahebgang,Sahebganj,Green Gram Dhall-I,Pulses,2.8,8000,9000,8400,08-Jan-15
Jharkhand,West Singbhum,Chaibasa,Other,Pulses,6,9150,9900,9550,08-Jan-15
Jharkhand,West Singbhum,Chaibasa,Other,Pulses,6.5,9150,9900,9550,09-Jan-15
Jharkhand,Sahebgang,Sahebganj,Green Gram Dhall-I,Pulses,0.8,8000,9000,8400,10-Jan-15
Jharkhand,West Singbhum,Chaibasa,Other,Pulses,6,9150,9900,9550,10-Jan-15
Jharkhand,Sahebgang,Sahebganj,Green Gram Dhall-I,Pulses,2.8,8000,9000,8400,11-Jan-15
Jharkhand,West Singbhum,Chaibasa,Other,Pulses,5.5,9150,9900,9550,12-Jan-15
Jharkhand,West Singbhum,Chaibasa,Other,Pulses,5,9150,9900,9550,13-Jan-15
Jharkhand,Sahebgang,Sahebganj,Green Gram Dhall-I,Pulses,0.6,8000,9000,8400,14-Jan-15
Jharkhand,Sahebgang,Sahebganj,Green Gram Dhall-I,Pulses,1.2,8000,9000,8400,15-Jan-15
Jharkhand,West Singbhum,Chaibasa,Other,Pulses,5.5,9200,9900,9550,15-Jan-15
Jharkhand,West Singbhum,Chaibasa,Other,Pulses,6,9200,9900,9550,16-Jan-15
Jharkhand,Sahebgang,Sahebganj,Green Gram Dhall-I,Pulses,1,8000,9000,8400,17-Jan-15
Jharkhand,West Singbhum,Chaibasa,Other,Pulses,6.5,9200,9900,9550,17-Jan-15
Jharkhand,Sahebgang,Sahebganj,Green Gram Dhall-I,Pulses,3.2,8000,9000,8400,18-Jan-15
Jharkhand,West Singbhum,Chaibasa,Other,Pulses,7.5,10200,10700,10400,19-Jan-15
Jharkhand,West Singbhum,Chaibasa,Other,Pulses,7,10200,10700,10400,20-Jan-15
Jharkhand,Sahebgang,Sahebganj,Green Gram Dhall-I,Pulses,0.4,8000,9000,8400,21-Jan-15
Jharkhand,West Singbhum,Chaibasa,Other,Pulses,6.5,10200,10700,10400,21-Jan-15
Jharkhand,Sahebgang,Sahebganj,Green Gram Dhall-I,Pulses,1.3,8000,9000,8400,22-Jan-15
Jharkhand,West Singbhum,Chaibasa,Other,Pulses,7.5,10200,10700,10400,22-Jan-15
Jharkhand,West Singbhum,Chaibasa,Other,Pulses,7,10200,10700,10400,23-Jan-15
Jharkhand,Sahebgang,Sahebganj,Green Gram Dhall-I,Pulses,1.2,8400,9080,9000,24-Jan-15
Jharkhand,Sahebgang,Sahebganj,Green Gram Dhall-I,Pulses,4.8,8400,9080,9000,25-Jan-15
Jharkhand,West Singbhum,Chaibasa,Other,Pulses,7.5,10200,10700,10400,27-Jan-15
Jharkhand,Sahebgang,Sahebganj,Green Gram Dhall-I,Pulses,1,8400,9080,9000,28-Jan-15
Jharkhand,Sahebgang,Sahebganj,Green Gram Dhall-I,Pulses,1.6,8400,9080,9000,29-Jan-15
Jharkhand,West Singbhum,Chaibasa,Other,Pulses,7.5,10200,10700,10400,29-Jan-15
Jharkhand,West Singbhum,Chaibasa,Other,Pulses,8,10200,10700,10400,30-Jan-15
Jharkhand,Sahebgang,Sahebganj,Green Gram Dhall-I,Pulses,1,8400,9080,9000,31-Jan-15
Jharkhand,West Singbhum,Chaibasa,Other,Pulses,7.5,10200,10700,10400,31-Jan-15
Jharkhand,Sahebgang,Sahebganj,Green Gram Dhall-I,Pulses,3,8400,9080,9000,01-Feb-15
Jharkhand,West Singbhum,Chaibasa,Other,Pulses,8,10200,10700,10400,02-Feb-15
Jharkhand,Sahebgang,Sahebganj,Green Gram Dhall-I,Pulses,0.2,8400,9080,9000,04-Feb-15
Jharkhand,West Singbhum,Chaibasa,Other,Pulses,7.5,10000,10500,10200,04-Feb-15
Jharkhand,West Singbhum,Chaibasa,Other,Pulses,7,10000,10500,10200,05-Feb-15
Jharkhand,West Singbhum,Chaibasa,Other,Pulses,7.5,10000,10500,10200,06-Feb-15
Jharkhand,Sahebgang,Sahebganj,Green Gram Dhall-I,Pulses,1.8,8400,9080,9000,07-Feb-15
Jharkhand,West Singbhum,Chaibasa,Other,Pulses,8,10000,10500,10200,07-Feb-15
Jharkhand,Sahebgang,Sahebganj,Green Gram Dhall-I,Pulses,3,8400,9080,9000,08-Feb-15
Jharkhand,West Singbhum,Chaibasa,Other,Pulses,7.5,10000,10500,10200,09-Feb-15
Jharkhand,West Singbhum,Chaibasa,Other,Pulses,7,10000,10500,10200,10-Feb-15
Jharkhand,West Singbhum,Chaibasa,Other,Pulses,7.5,10000,10500,10200,11-Feb-15
Jharkhand,Sahebgang,Sahebganj,Green Gram Dhall-I,Pulses,0.8,8400,9080,9000,12-Feb-15
Jharkhand,West Singbhum,Chaibasa,Other,Pulses,7,10000,10500,10200,12-Feb-15
Jharkhand,West Singbhum,Chaibasa,Other,Pulses,7.5,10000,10500,10200,13-Feb-15
Jharkhand,Sahebgang,Sahebganj,Green Gram Dhall-I,Pulses,0.2,8400,9080,9000,14-Feb-15
Jharkhand,West Singbhum,Chaibasa,Other,Pulses,6.5,10900,11200,11000,14-Feb-15
Jharkhand,Sahebgang,Sahebganj,Green Gram Dhall-I,Pulses,2,8400,9080,9000,15-Feb-15
Jharkhand,West Singbhum,Chaibasa,Other,Pulses,7,10900,11200,11000,16-Feb-15
Jharkhand,Sahebgang,Sahebganj,Green Gram Dhall-I,Pulses,0.6,8400,9080,9000,18-Feb-15
Jharkhand,West Singbhum,Chaibasa,Other,Pulses,7.5,10900,11200,11000,18-Feb-15
Jharkhand,Sahebgang,Sahebganj,Green Gram Dhall-I,Pulses,1.2,8400,9080,9000,19-Feb-15
Jharkhand,West Singbhum,Chaibasa,Other,Pulses,7.5,10900,11200,11000,20-Feb-15
Jharkhand,Sahebgang,Sahebganj,Green Gram Dhall-I,Pulses,0.6,8400,9080,9000,21-Feb-15
Jharkhand,West Singbhum,Chaibasa,Other,Pulses,8,10900,11200,11000,21-Feb-15
Jharkhand,Sahebgang,Sahebganj,Green Gram Dhall-I,Pulses,2.8,8400,9080,9000,22-Feb-15
Jharkhand,West Singbhum,Chaibasa,Other,Pulses,7.5,10900,11200,11000,23-Feb-15
Jharkhand,West Singbhum,Chaibasa,Other,Pulses,7,10900,11200,11000,24-Feb-15
Jharkhand,Sahebgang,Sahebganj,Green Gram Dhall-I,Pulses,0.4,8400,9080,9000,25-Feb-15
Jharkhand,West Singbhum,Chaibasa,Other,Pulses,6.5,10900,11200,11000,25-Feb-15
Jharkhand,Sahebgang,Sahebganj,Green Gram Dhall-I,Pulses,1.2,8400,9080,9000,26-Feb-15
Jharkhand,West Singbhum,Chaibasa,Other,Pulses,6,10900,11200,11000,26-Feb-15
Jharkhand,West Singbhum,Chaibasa,Other,Pulses,6.5,10900,11200,11000,27-Feb-15
Jharkhand,Sahebgang,Sahebganj,Green Gram Dhall-I,Pulses,0.8,8400,9080,9000,28-Feb-15
Jharkhand,West Singbhum,Chaibasa,Other,Pulses,6,10900,11200,11000,28-Feb-15
Jharkhand,Sahebgang,Sahebganj,Green Gram Dhall-I,Pulses,3.4,8400,9080,9000,01-Mar-15
Jharkhand,Sahebgang,Sahebganj,Green Gram Dhall-I,Pulses,0.6,8400,9080,9000,04-Mar-15
Jharkhand,Sahebgang,Sahebganj,Green Gram Dhall-I,Pulses,2.2,8400,9080,9000,05-Mar-15
Jharkhand,Sahebgang,Sahebganj,Green Gram Dhall-I,Pulses,1.4,8400,9080,9000,07-Mar-15
Jharkhand,Sahebgang,Sahebganj,Green Gram Dhall-I,Pulses,2.8,8400,9080,9000,08-Mar-15
Jharkhand,Sahebgang,Sahebganj,Green Gram Dhall-I,Pulses,0.8,8400,9080,9000,11-Mar-15
Jharkhand,Sahebgang,Sahebganj,Green Gram Dhall-I,Pulses,2,8400,9080,9000,12-Mar-15
Jharkhand,Sahebgang,Sahebganj,Green Gram Dhall-I,Pulses,0.8,8600,9500,9000,14-Mar-15
Jharkhand,Sahebgang,Sahebganj,Green Gram Dhall-I,Pulses,2.8,8600,9500,9000,15-Mar-15
Jharkhand,Sahebgang,Sahebganj,Green Gram Dhall-I,Pulses,1.2,8600,9500,9000,19-Mar-15
Jharkhand,Sahebgang,Sahebganj,Green Gram Dhall-I,Pulses,1.2,8600,9500,9000,21-Mar-15
Jharkhand,Sahebgang,Sahebganj,Green Gram Dhall-I,Pulses,2.8,8600,9500,9000,22-Mar-15
Jharkhand,Sahebgang,Sahebganj,Green Gram Dhall-I,Pulses,1.2,8600,9500,9000,26-Mar-15
Jharkhand,Sahebgang,Sahebganj,Green Gram Dhall-I,Pulses,2.8,8600,9500,9200,29-Mar-15
Jharkhand,Sahebgang,Sahebganj,Green Gram Dhall-I,Pulses,0.7,8600,9500,9200,04-Apr-15
Jharkhand,Sahebgang,Sahebganj,Green Gram Dhall-I,Pulses,1.8,8600,9500,9200,05-Apr-15
Jharkhand,Sahebgang,Sahebganj,Green Gram Dhall-I,Pulses,0.4,8600,9500,9200,08-Apr-15
Jharkhand,Sahebgang,Sahebganj,Green Gram Dhall-I,Pulses,1.8,8600,9500,9200,09-Apr-15
Jharkhand,Sahebgang,Sahebganj,Green Gram Dhall-I,Pulses,0.6,8600,9500,9200,11-Apr-15
Jharkhand,Sahebgang,Sahebganj,Green Gram Dhall-I,Pulses,3.9,8600,9500,9200,12-Apr-15
Jharkhand,Sahebgang,Sahebganj,Green Gram Dhall-I,Pulses,2.2,9000,9800,9500,16-Apr-15
Jharkhand,Sahebgang,Sahebganj,Green Gram Dhall-I,Pulses,1,9000,9800,9500,18-Apr-15
Jharkhand,Sahebgang,Sahebganj,Green Gram Dhall-I,Pulses,2.6,9000,9800,9500,19-Apr-15
Jharkhand,Sahebgang,Sahebganj,Green Gram Dhall-I,Pulses,0.4,9000,9800,9500,22-Apr-15
Jharkhand,Sahebgang,Sahebganj,Green Gram Dhall-I,Pulses,1,9000,9800,9500,23-Apr-15
Jharkhand,Sahebgang,Sahebganj,Green Gram Dhall-I,Pulses,2.2,9000,9800,9500,26-Apr-15
Jharkhand,Sahebgang,Sahebganj,Green Gram Dhall-I,Pulses,0.8,9000,9800,9500,30-Apr-15
Jharkhand,Sahebgang,Sahebganj,Green Gram Dhall-I,Pulses,0.6,9000,9800,9500,02-May-15
Jharkhand,Sahebgang,Sahebganj,Green Gram Dhall-I,Pulses,3.2,9000,9800,9500,03-May-15
Jharkhand,Sahebgang,Sahebganj,Green Gram Dhall-I,Pulses,1,8900,9600,9200,17-Jan-16
Jharkhand,Sahebgang,Sahebganj,Green Gram Dhall-I,Pulses,0.8,7600,8600,8200,31-Jan-16
Jharkhand,Sahebgang,Sahebganj,Green Gram Dhall-I,Pulses,1.2,8600,10400,9200,14-Feb-16
Jharkhand,Sahebgang,Sahebganj,Green Gram Dhall-I,Pulses,1,9000,9800,9400,06-Mar-16
Jharkhand,Sahebgang,Sahebganj,Green Gram Dhall-I,Pulses,0.8,9000,9800,9400,10-Mar-16
Jharkhand,Sahebgang,Sahebganj,Green Gram Dhall-I,Pulses,1,9000,11000,10100,17-Mar-16
Jharkhand,Sahebgang,Sahebganj,Green Gram Dhall-I,Pulses,2.8,9000,12800,11000,20-Mar-16
Jharkhand,Sahebgang,Sahebganj,Green Gram Dhall-I,Pulses,1.2,11000,13800,12800,27-Mar-16
Jharkhand,Sahebgang,Sahebganj,Green Gram Dhall-I,Pulses,0.3,9400,12500,11500,02-Apr-16
Jharkhand,Sahebgang,Sahebganj,Green Gram Dhall-I,Pulses,1.2,9400,12500,10500,03-Apr-16
Jharkhand,Sahebgang,Sahebganj,Green Gram Dhall-I,Pulses,0.8,12000,13200,12800,24-Apr-16
Jharkhand,Sahebgang,Sahebganj,Green Gram Dhall-I,Pulses,1.2,9000,11000,10000,01-May-16
Jharkhand,Sahebgang,Sahebganj,Green Gram Dhall-I,Pulses,1.4,9500,11250,11000,08-May-16
Jharkhand,Sahebgang,Sahebganj,Green Gram Dhall-I,Pulses,1.2,11000,14000,12200,19-May-16
Jharkhand,Sahebgang,Sahebganj,Green Gram Dhall-I,Pulses,3.2,6800,7200,7000,01-Jan-17
Jharkhand,Sahebgang,Sahebganj,Green Gram Dhall-I,Pulses,0.4,6800,7200,7000,04-Jan-17
Jharkhand,Sahebgang,Sahebganj,Green Gram Dhall-I,Pulses,2.8,6600,7200,6800,05-Jan-17
Jharkhand,Sahebgang,Sahebganj,Green Gram Dhall-I,Pulses,0.8,6600,7000,6800,07-Jan-17
Jharkhand,Sahebgang,Sahebganj,Green Gram Dhall-I,Pulses,2.2,6600,7000,6800,08-Jan-17
Jharkhand,Sahebgang,Sahebganj,Green Gram Dhall-I,Pulses,0.8,6600,7000,6800,11-Jan-17
Jharkhand,Sahebgang,Sahebganj,Green Gram Dhall-I,Pulses,3.4,6600,7000,6800,12-Jan-17
Jharkhand,Sahebgang,Sahebganj,Green Gram Dhall-I,Pulses,0.4,6500,7000,6800,14-Jan-17
Jharkhand,Sahebgang,Sahebganj,Green Gram Dhall-I,Pulses,3.4,6500,7000,6800,15-Jan-17
Jharkhand,Sahebgang,Sahebganj,Green Gram Dhall-I,Pulses,0.4,6200,6800,6600,18-Jan-17
Jharkhand,Sahebgang,Sahebganj,Green Gram Dhall-I,Pulses,2.4,6400,6800,6600,19-Jan-17
Jharkhand,Sahebgang,Sahebganj,Green Gram Dhall-I,Pulses,0.8,6400,6800,6600,21-Jan-17
Jharkhand,Sahebgang,Sahebganj,Green Gram Dhall-I,Pulses,4.2,6400,6800,6600,22-Jan-17
Jharkhand,Sahebgang,Sahebganj,Green Gram Dhall-I,Pulses,0.4,6600,7000,6800,25-Jan-17
Jharkhand,Sahebgang,Sahebganj,Green Gram Dhall-I,Pulses,2.4,6600,7000,6800,26-Jan-17
Jharkhand,Sahebgang,Sahebganj,Green Gram Dhall-I,Pulses,0.8,6600,7000,6800,28-Jan-17
Jharkhand,Sahebgang,Sahebganj,Green Gram Dhall-I,Pulses,3.4,6600,7000,6800,29-Jan-17
Jharkhand,Sahebgang,Sahebganj,Green Gram Dhall-I,Pulses,0.6,6600,7000,6800,01-Feb-17
Jharkhand,Sahebgang,Sahebganj,Green Gram Dhall-I,Pulses,4.8,6600,7000,6800,02-Feb-17
Jharkhand,Sahebgang,Sahebganj,Green Gram Dhall-I,Pulses,0.8,6400,6800,6600,04-Feb-17
Jharkhand,Sahebgang,Sahebganj,Green Gram Dhall-I,Pulses,3.8,6400,7000,6600,05-Feb-17
Jharkhand,Sahebgang,Sahebganj,Green Gram Dhall-I,Pulses,0.4,6400,6800,6600,08-Feb-17
Jharkhand,Sahebgang,Sahebganj,Green Gram Dhall-I,Pulses,2.3,6400,6800,6600,09-Feb-17
Jharkhand,Sahebgang,Sahebganj,Green Gram Dhall-I,Pulses,0.8,6400,6800,6600,11-Feb-17
Jharkhand,Sahebgang,Sahebganj,Green Gram Dhall-I,Pulses,3.4,6400,6800,6600,12-Feb-17
Jharkhand,Sahebgang,Sahebganj,Green Gram Dhall-I,Pulses,0.8,6400,6800,6600,15-Feb-17
Jharkhand,Sahebgang,Sahebganj,Green Gram Dhall-I,Pulses,2.8,6400,6800,6600,16-Feb-17
Jharkhand,Sahebgang,Sahebganj,Green Gram Dhall-I,Pulses,0.6,6500,7000,6800,18-Feb-17
Jharkhand,Sahebgang,Sahebganj,Green Gram Dhall-I,Pulses,3.2,6500,7000,6800,19-Feb-17
Jharkhand,Sahebgang,Sahebganj,Green Gram Dhall-I,Pulses,0.6,6400,6800,6600,22-Feb-17
Jharkhand,Sahebgang,Sahebganj,Green Gram Dhall-I,Pulses,0.8,6400,6800,6600,25-Feb-17
Jharkhand,Sahebgang,Sahebganj,Green Gram Dhall-I,Pulses,3.5,6400,6800,6600,26-Feb-17
Jharkhand,Sahebgang,Sahebganj,Green Gram Dhall-I,Pulses,0.8,6600,7000,6800,04-Mar-17
Jharkhand,Sahebgang,Sahebganj,Green Gram Dhall-I,Pulses,0.4,6400,6800,6600,08-Mar-17
Jharkhand,Sahebgang,Sahebganj,Green Gram Dhall-I,Pulses,2.4,6400,6800,6600,09-Mar-17
Jharkhand,Sahebgang,Sahebganj,Green Gram Dhall-I,Pulses,0.8,6600,7000,6800,11-Mar-17
Jharkhand,Sahebgang,Sahebganj,Green Gram Dhall-I,Pulses,2.8,6400,6800,6600,12-Mar-17
Jharkhand,Sahebgang,Sahebganj,Green Gram Dhall-I,Pulses,0.8,6400,6600,6500,15-Mar-17
Jharkhand,Sahebgang,Sahebganj,Green Gram Dhall-I,Pulses,4.1,6500,7000,6800,16-Mar-17
Jharkhand,Sahebgang,Sahebganj,Green Gram Dhall-I,Pulses,1.2,6000,6800,6500,18-Mar-17
Jharkhand,Sahebgang,Sahebganj,Green Gram Dhall-I,Pulses,4,6500,7000,6800,19-Mar-17